tra_infr,rep_airp\time	2021 	2020 	2019 	2018 	2017 	2016 	2015 	2014 	2013 	2012 	2011 	2010 	2009 	2008 	2007 	2006 	2005 	2004 	2003 
IMOD,AT_LOWS	2300 	2300 	2300 	: 	: 	: 	: 	: 	: 	: 	: 	: 	: 	: 	: 	: 	: 	: 	: 
IMOD,AT_LOWW	: 	25807 	25807 	25807 	25807 	23116 	23116 	23116 	23116 	23116 	23116 	23116 	23116 	23116 	23116 	23116 	: 	23116 	23 
IMOD,BE_EBBR	140000 	140000 	140000 	140000 	: 	: 	140000 	140000 	140000 	140000 	140000 	140000 	100000 	100000 	100000 	100000 	: 	100000 	100000 
IMOD,BE_EBCI	: 	: 	: 	: 	: 	140000 	: 	: 	: 	: 	: 	: 	: 	: 	: 	: 	: 	: 	: 
IMOD,BG_LBSF	: 	: 	: 	: 	: 	: 	: 	: 	: 	: 	: 	: 	: 	: 	: 	: 	14600 	14600 	14600 
IMOD,CH_LSGG	25500 	25500 	25500 	25500 	25500 	25500 	25500 	30000 	25500 	25500 	25500 	25500 	25500 	24000 	24000 	24000 	: 	24000 	24000 
IMOD,CH_LSZH	30000 	30000 	30000 	30000 	30000 	30000 	30000 	30000 	30000 	30000 	30000 	30000 	30000 	30000 	30000 	30000 	: 	30000 	30000 
IMOD,CH_LSZM	: 	: 	: 	: 	: 	: 	: 	: 	: 	: 	: 	: 	: 	: 	: 	15000 	: 	15000 	15000 
IMOD,CY_LCLK	9000 	9000 	9000 	9000 	9000 	9000 	9000 	9000 	9000 	9000 	9000 	9000 	9000 	9000 	9000 	9000 	9000 	: 	9000 
IMOD,CY_LCPH	2054 	2054 	2054 	2054 	2054 	2054 	2054 	2054 	2054 	2054 	2054 	2054 	2054 	2054 	: 	: 	: 	: 	: 
IMOD,CZ_LKPR	: 	27973 	27973 	27973 	27973 	27973 	27973 	27973 	27973 	27973 	27973 	15500 	15500 	15500 	15500 	15500 	15500 	15500 	15500 
IMOD,DE_EDDB	: 	: 	: 	: 	: 	4000 	4000 	4000 	4000 	4000 	4000 	4000 	4000 	4000 	4000 	4000 	: 	4000 	4000 
IMOD,DE_EDDC	: 	: 	: 	: 	: 	1670 	1670 	1670 	1670 	1670 	1670 	1670 	1670 	1670 	1670 	1670 	: 	1670 	1670 
IMOD,DE_EDDG	: 	: 	: 	: 	: 	2500 	2500 	2500 	2500 	2500 	2500 	2500 	2500 	2500 	2500 	2500 	: 	2500 	2500 
IMOD,DE_EDDH	: 	: 	: 	: 	: 	19000 	19000 	19000 	19000 	19000 	19000 	19000 	19000 	19000 	19000 	19000 	: 	20000 	20000 
IMOD,DE_EDDK	: 	: 	: 	: 	: 	55000 	55000 	55000 	55000 	55000 	55000 	55000 	55000 	55000 	55000 	55000 	: 	55000 	55000 
IMOD,DE_EDDL	: 	: 	: 	: 	: 	16000 	16000 	16000 	16000 	16000 	16000 	16000 	: 	: 	: 	21600 	: 	16000 	16000 
IMOD,DE_EDDM	: 	: 	: 	: 	: 	42000 	42000 	42000 	42000 	42000 	42000 	42000 	42000 	42000 	42000 	42000 	: 	42000 	42000 
IMOD,DE_EDDN	: 	: 	: 	: 	: 	15000 	15000 	15000 	15000 	15000 	15000 	15000 	15000 	15000 	15000 	15000 	: 	14000 	14000 
IMOD,DE_EDDP	: 	: 	: 	: 	: 	1330 	1330 	1330 	1330 	1330 	1330 	1330 	: 	: 	: 	: 	: 	: 	: 
IMOD,DE_EDDS	: 	: 	: 	: 	: 	25000 	25000 	25000 	25000 	25000 	25000 	25000 	25000 	25000 	25000 	25000 	: 	25000 	25000 
IMOD,DE_EDDT	: 	: 	: 	: 	: 	10000 	10000 	10000 	10000 	10000 	10000 	10000 	10000 	10000 	10000 	10000 	: 	: 	: 
IMOD,DK_EKBI	22000 	22000 	22000 	22000 	: 	11000 	11000 	11000 	11000 	11000 	11000 	11000 	11000 	11000 	11000 	11000 	: 	11000 	11000 
IMOD,DK_EKCH	55000 	55000 	55000 	55000 	: 	45000 	45000 	45000 	45000 	45000 	45000 	45000 	45000 	45000 	45000 	45000 	: 	45000 	45000 
IMOD,EE_EETN	2900 	2900 	2900 	2900 	2900 	2900 	2900 	2900 	2900 	2900 	2900 	2900 	2900 	2900 	2900 	2900 	4100 	2900 	2900 
IMOD,EL_LGAV	30000 	30000 	30000 	30000 	: 	30000 	30000 	30000 	30000 	30000 	30000 	30000 	30000 	30000 	30000 	: 	: 	: 	: 
IMOD,EL_LGEL	: 	: 	: 	: 	: 	: 	: 	: 	: 	: 	: 	: 	: 	: 	30000 	30000 	30000 	: 	: 
IMOD,EL_LGIR	: 	: 	: 	: 	: 	: 	: 	: 	: 	: 	: 	: 	: 	: 	30000 	: 	: 	: 	: 
IMOD,EL_LGTS	: 	: 	: 	: 	: 	: 	: 	: 	: 	: 	: 	: 	: 	: 	: 	: 	: 	0 	0 
IMOD,ES_GCFV	21541 	21541 	21541 	21541 	21541 	21541 	315 	315 	315 	315 	: 	: 	: 	: 	: 	: 	: 	: 	: 
IMOD,ES_GCGM	0 	0 	0 	0 	0 	0 	: 	: 	: 	: 	: 	: 	: 	: 	: 	: 	: 	: 	: 
IMOD,ES_GCHI	0 	0 	0 	0 	0 	0 	: 	: 	: 	: 	: 	: 	: 	: 	: 	: 	: 	: 	: 
IMOD,ES_GCLA	6181 	6181 	6181 	6181 	6181 	6181 	: 	: 	: 	: 	: 	: 	: 	: 	: 	: 	: 	: 	: 
IMOD,ES_GCLP	12745 	12745 	12745 	12745 	12745 	12745 	12745 	12745 	12745 	12643 	: 	: 	: 	: 	: 	: 	: 	: 	: 
IMOD,ES_GCRR	635 	635 	635 	635 	635 	635 	635 	635 	635 	: 	: 	: 	: 	: 	: 	: 	: 	: 	: 
IMOD,ES_GCTS	8532 	8532 	8532 	8532 	8532 	8532 	8532 	5832 	5832 	635 	: 	: 	: 	: 	: 	: 	: 	: 	: 
IMOD,ES_GCXO	3688 	3688 	3688 	3688 	3688 	3688 	3688 	3688 	3688 	3688 	: 	: 	: 	: 	: 	: 	: 	: 	: 
IMOD,ES_GECE	0 	0 	0 	: 	: 	: 	: 	: 	: 	: 	: 	: 	: 	: 	: 	: 	: 	: 	: 
IMOD,ES_GECT	: 	: 	: 	0 	0 	0 	: 	: 	: 	: 	: 	: 	: 	: 	: 	: 	: 	: 	: 
IMOD,ES_GEML	0 	0 	0 	0 	0 	0 	: 	: 	: 	: 	: 	: 	: 	: 	: 	: 	: 	: 	: 
IMOD,ES_LEAB	: 	0 	0 	0 	0 	0 	: 	: 	: 	: 	: 	: 	: 	: 	: 	: 	: 	: 	: 
IMOD,ES_LEAL	40600 	40600 	40600 	40600 	40600 	40600 	40600 	40600 	40600 	40600 	3000 	3000 	3000 	3000 	3000 	3000 	: 	3000 	3000 
IMOD,ES_LEAM	5140 	5140 	5140 	5140 	5140 	5140 	: 	: 	: 	: 	: 	: 	: 	: 	: 	: 	: 	: 	: 
IMOD,ES_LEAS	175 	175 	175 	175 	175 	175 	: 	: 	: 	: 	: 	: 	: 	: 	: 	: 	: 	: 	: 
IMOD,ES_LEBA	0 	0 	0 	0 	0 	0 	: 	: 	: 	: 	: 	: 	: 	: 	: 	: 	: 	: 	: 
IMOD,ES_LEBB	6955 	6955 	6955 	6955 	6955 	6955 	6955 	6954.74 	6954.74 	6955 	2000 	2000 	2000 	2000 	2000 	2000 	: 	2000 	2000 
IMOD,ES_LEBG	0 	0 	0 	0 	0 	0 	: 	: 	: 	: 	: 	: 	: 	: 	: 	: 	: 	: 	: 
IMOD,ES_LEBL	471000 	471000 	471000 	471000 	471000 	471000 	471000 	471000 	471000 	471000 	43692 	43692 	43692 	43692 	43692 	: 	: 	43692 	43692 
IMOD,ES_LECO	140 	140 	50 	50 	50 	50 	: 	: 	: 	: 	: 	: 	: 	: 	: 	: 	: 	: 	: 
IMOD,ES_LECU	570453 	570453 	570453 	570453 	570453 	570453 	: 	: 	: 	: 	: 	: 	: 	: 	: 	: 	: 	: 	: 
IMOD,ES_LEGE	4630 	4630 	4630 	4630 	4630 	4630 	: 	: 	: 	: 	: 	: 	: 	: 	: 	: 	: 	: 	: 
IMOD,ES_LEGR	375 	375 	375 	375 	375 	375 	: 	: 	: 	: 	: 	: 	: 	: 	: 	: 	: 	: 	: 
IMOD,ES_LEHC	0 	0 	0 	0 	0 	0 	: 	: 	: 	: 	: 	: 	: 	: 	: 	: 	: 	: 	: 
IMOD,ES_LEIB	1452 	1452 	1452 	1452 	1452 	1452 	1452 	1452 	1452 	1452 	: 	: 	: 	: 	: 	: 	: 	: 	: 
IMOD,ES_LELL	0 	0 	0 	: 	: 	: 	: 	: 	: 	: 	: 	: 	: 	: 	: 	: 	: 	: 	: 
IMOD,ES_LEMD	323970 	323970 	323970 	323970 	323970 	323970 	323970 	323970 	323970 	323970 	: 	: 	: 	287466 	287466 	287466 	: 	287466 	287466 
IMOD,ES_LEMG	4000 	4000 	4000 	4000 	4000 	4000 	4000 	4000 	4000 	5700 	5700 	5700 	5700 	5700 	5700 	5700 	: 	5700 	5700 
IMOD,ES_LEMH	1450 	1450 	1450 	1450 	1450 	1450 	4000 	1450 	1450 	: 	: 	: 	: 	: 	: 	: 	: 	22000 	22000 
IMOD,ES_LEMI	1963 	1963 	1963 	0 	0 	0 	: 	: 	: 	: 	: 	: 	: 	: 	: 	: 	: 	: 	: 
IMOD,ES_LEPA	12000 	12000 	12000 	12000 	12000 	12000 	12000 	12000 	12000 	12000 	: 	: 	: 	: 	: 	: 	: 	: 	: 
IMOD,ES_LEPP	0 	0 	0 	0 	0 	0 	: 	: 	: 	: 	: 	: 	: 	: 	: 	: 	: 	: 	: 
IMOD,ES_LERJ	150 	150 	150 	150 	150 	150 	: 	: 	: 	: 	: 	: 	: 	: 	: 	: 	: 	: 	: 
IMOD,ES_LESA	: 	: 	0 	0 	: 	: 	: 	: 	: 	: 	: 	: 	: 	: 	: 	: 	: 	: 	: 
IMOD,ES_LESB	0 	0 	0 	0 	0 	0 	: 	: 	: 	: 	: 	: 	: 	: 	: 	: 	: 	: 	: 
IMOD,ES_LEST	4415 	4415 	4415 	4415 	4415 	4415 	: 	: 	: 	: 	: 	: 	: 	: 	: 	: 	: 	: 	: 
IMOD,ES_LEVC	112500 	112500 	112500 	112500 	112500 	112500 	12000 	112500 	112500 	112500 	: 	: 	: 	: 	: 	: 	: 	: 	: 
IMOD,ES_LEVD	850 	850 	850 	850 	850 	850 	: 	: 	: 	: 	: 	: 	: 	: 	: 	: 	: 	: 	: 
IMOD,ES_LEVT	46545 	46545 	46545 	46545 	46545 	46545 	: 	: 	: 	: 	: 	: 	: 	: 	: 	: 	: 	: 	: 
IMOD,ES_LEVX	1672 	1672 	1672 	1672 	1672 	1672 	: 	: 	: 	: 	: 	: 	: 	: 	: 	: 	: 	: 	: 
IMOD,ES_LEXJ	1786 	: 	: 	: 	: 	: 	: 	: 	: 	: 	: 	: 	: 	: 	: 	: 	: 	: 	: 
IMOD,ES_LEZG	52000 	52000 	19371 	19371 	19371 	19371 	: 	: 	: 	: 	: 	: 	: 	: 	: 	: 	: 	: 	: 
IMOD,FR_FMEE	: 	: 	: 	: 	: 	7500 	7500 	7500 	7500 	7500 	7500 	7500 	7500 	7500 	7500 	7500 	7500 	7500 	7500 
IMOD,FR_LFBD	: 	: 	: 	: 	: 	15000 	15000 	15000 	15000 	15000 	: 	15000 	15000 	15000 	15000 	: 	: 	: 	15000 
IMOD,FR_LFBO	: 	: 	: 	: 	: 	8000 	8000 	8000 	8000 	8000 	8000 	8000 	8000 	8000 	8000 	8000 	8000 	8000 	8000 
IMOD,FR_LFLL	: 	: 	: 	: 	: 	25000 	25000 	25000 	25000 	25000 	25000 	25000 	25000 	: 	25000 	: 	: 	25000 	25000 
IMOD,FR_LFML	: 	: 	: 	: 	: 	: 	: 	: 	: 	: 	: 	: 	: 	30000 	30000 	: 	57500 	: 	: 
IMOD,FR_LFMN	: 	: 	: 	: 	: 	18000 	18000 	18000 	18000 	18000 	18000 	18000 	18000 	18000 	18000 	: 	: 	: 	18000 
IMOD,FR_LFMT	: 	: 	: 	: 	: 	: 	: 	: 	: 	: 	: 	: 	0 	: 	: 	: 	: 	: 	0 
IMOD,FR_LFPG	: 	: 	: 	: 	: 	300000 	300000 	300000 	300000 	300000 	300000 	300000 	300000 	300000 	300000 	300000 	: 	300000 	300000 
IMOD,FR_LFPO	: 	: 	: 	: 	: 	46000 	46000 	46000 	46000 	46000 	46000 	46000 	46000 	46000 	46000 	46000 	: 	46000 	46000 
IMOD,FR_LFRS	: 	: 	: 	: 	: 	6000 	6000 	6000 	6000 	6000 	6000 	6000 	: 	6000 	6000 	: 	: 	6000 	6000 
IMOD,FR_LFSB	: 	: 	: 	: 	: 	15000 	15000 	15000 	15000 	: 	: 	: 	15000 	15000 	15000 	15000 	15000 	15000 	15000 
IMOD,FR_LFST	: 	: 	: 	: 	: 	8000 	8000 	8000 	8000 	8000 	8000 	8000 	8000 	8000 	8000 	: 	: 	8000 	8000 
IMOD,FR_TFFF	: 	: 	: 	: 	: 	: 	: 	: 	: 	: 	: 	0 	: 	: 	: 	: 	: 	: 	: 
IMOD,HR_LDDU	: 	: 	: 	: 	300 	300 	300 	300 	300 	300 	300 	300 	: 	: 	: 	: 	: 	: 	: 
IMOD,HR_LDPL	: 	: 	: 	: 	150 	150 	150 	150 	150 	150 	150 	150 	: 	: 	: 	: 	: 	: 	: 
IMOD,HR_LDRI	: 	: 	: 	: 	200 	200 	200 	200 	200 	200 	200 	200 	: 	: 	: 	: 	: 	: 	: 
IMOD,HR_LDSP	: 	: 	: 	: 	250 	250 	250 	250 	250 	250 	250 	250 	: 	: 	: 	: 	: 	: 	: 
IMOD,HR_LDZA	: 	: 	: 	: 	2100 	2100 	2100 	2100 	2100 	2100 	2100 	2100 	: 	: 	: 	: 	: 	: 	: 
IMOD,HR_LDZD	: 	: 	: 	: 	700 	700 	700 	700 	700 	700 	700 	700 	: 	: 	: 	: 	: 	: 	: 
IMOD,HU_LHBP	58600 	54500 	54500 	53000 	26000 	26000 	26000 	26000 	26000 	26000 	26000 	26000 	26000 	26000 	26000 	: 	: 	: 	: 
IMOD,IE_EICK	: 	2121 	2121 	2121 	2121 	2121 	2121 	2121 	2121 	2121 	: 	: 	: 	19591 	19591 	19591 	: 	: 	: 
IMOD,IE_EIDW	: 	: 	: 	: 	: 	: 	: 	: 	: 	: 	: 	: 	: 	144877 	144877 	144877 	144877 	: 	: 
IMOD,IE_EIKY	: 	0 	0 	0 	0 	0 	: 	: 	: 	: 	: 	: 	: 	: 	: 	: 	: 	: 	: 
IMOD,IE_EINN	: 	: 	: 	: 	: 	: 	: 	: 	0 	: 	: 	: 	: 	: 	: 	: 	: 	: 	: 
IMOD,IS_BIKF	12960 	12960 	12960 	12960 	6700 	6700 	6700 	6700 	6700 	6700 	6700 	6700 	6700 	6700 	6700 	6700 	: 	6700 	6700 
IMOD,IT_LICC	: 	3777 	3777 	3777 	3777 	3777 	3777 	3777 	3777 	3777 	3777 	3777 	: 	: 	: 	: 	: 	: 	: 
IMOD,IT_LIEE	: 	4682 	4682 	4682 	4682 	4682 	4682 	4682 	4682 	4682 	4682 	4682 	: 	: 	: 	: 	: 	: 	: 
IMOD,IT_LIMC	: 	50000 	50000 	50000 	50000 	50000 	50000 	50000 	50000 	50000 	45000 	45000 	45000 	: 	45000 	45000 	: 	45000 	45000 
IMOD,IT_LIME	: 	22000 	22000 	22000 	22000 	22000 	22000 	22000 	22000 	22000 	22000 	8100 	8100 	: 	8100 	8100 	: 	8100 	8100 
IMOD,IT_LIMF	: 	13800 	13800 	13800 	13800 	13800 	13800 	13800 	6000 	6000 	6000 	6000 	4000 	: 	4000 	4000 	: 	4000 	4000 
IMOD,IT_LIML	: 	19142 	19142 	19142 	19142 	19142 	19142 	19142 	19142 	19142 	19142 	19142 	: 	: 	19142 	19142 	: 	: 	: 
IMOD,IT_LIPE	: 	5800 	5800 	5800 	5800 	5800 	5800 	5800 	4400 	4400 	4400 	4400 	: 	: 	: 	: 	: 	: 	: 
IMOD,IT_LIPX	: 	10000 	10000 	10000 	10000 	10000 	10000 	10000 	10000 	10000 	10000 	10000 	: 	: 	: 	: 	: 	: 	: 
IMOD,IT_LIPZ	: 	6027 	6027 	6027 	6027 	6027 	6027 	6027 	6027 	6027 	6027 	6027 	: 	: 	: 	: 	: 	: 	: 
IMOD,IT_LIRF	: 	3015 	3015 	3015 	3015 	3015 	3015 	3015 	3015 	3015 	3015 	3015 	: 	: 	: 	: 	: 	: 	: 
IMOD,IT_LIRN	: 	2300 	2300 	2300 	2300 	2300 	2300 	2300 	2300 	2300 	2300 	2300 	: 	: 	: 	: 	: 	: 	: 
IMOD,LT_EYVI	2360 	2360 	2360 	2360 	2360 	2360 	2360 	2360 	2360 	2360 	2360 	2360 	2360 	2360 	2360 	2360 	2360 	2360 	2360 
IMOD,LU_ELLX	37500 	37500 	37500 	: 	: 	37500 	37500 	37500 	37500 	37500 	37500 	37500 	37500 	37500 	37500 	: 	: 	37500 	37500 
IMOD,LV_EVRA	1900 	1900 	1900 	1900 	1900 	1900 	1900 	1900 	1900 	1900 	1900 	1900 	12518 	12518 	12518 	22618 	2861 	1900 	1900 
IMOD,ME_LYPG	: 	0 	0 	0 	0 	0 	: 	: 	: 	: 	: 	: 	: 	: 	: 	: 	: 	: 	: 
IMOD,ME_LYTV	: 	0 	0 	0 	0 	0 	: 	: 	: 	: 	: 	: 	: 	: 	: 	: 	: 	: 	: 
IMOD,MT_LMML	4279 	4279 	3856 	3856 	: 	: 	: 	: 	: 	: 	: 	: 	: 	: 	5000 	5000 	5000 	5000 	5000 
IMOD,NL_EHAM	: 	300000 	300000 	300000 	300000 	300000 	300000 	300000 	300000 	300000 	300000 	300000 	300000 	300000 	300000 	300000 	: 	300000 	300000 
IMOD,NL_EHEH	: 	0 	0 	: 	: 	: 	: 	: 	: 	: 	: 	: 	: 	: 	: 	: 	: 	: 	: 
IMOD,NO_ENVA	: 	: 	560 	560 	560 	560 	560 	560 	560 	560 	560 	560 	: 	: 	: 	560 	: 	560 	560 
IMOD,PL_EPWA	: 	: 	: 	: 	: 	12000 	12000 	12000 	12000 	12000 	12000 	12000 	12000 	12000 	12000 	12000 	: 	: 	: 
IMOD,PT_LPFR	750 	750 	750 	750 	750 	750 	750 	750 	750 	750 	750 	750 	750 	750 	750 	750 	: 	750 	750 
IMOD,PT_LPPD	0 	0 	0 	0 	0 	0 	: 	: 	: 	: 	: 	: 	: 	: 	: 	: 	: 	: 	: 
IMOD,PT_LPPR	9800 	9800 	9800 	9800 	9800 	9800 	8700 	8700 	8700 	8700 	8700 	8700 	: 	8700 	8700 	8700 	: 	8700 	8700 
IMOD,PT_LPPT	9574 	9574 	9574 	9574 	9574 	9574 	: 	: 	: 	: 	: 	: 	: 	: 	: 	: 	: 	: 	: 
IMOD,RS_LYNI	0 	0 	0 	0 	0 	: 	: 	: 	: 	: 	: 	: 	: 	: 	: 	: 	: 	: 	: 
IMOD,SE_ESGG	10000 	10000 	10000 	10000 	10000 	10000 	10000 	10000 	10000 	10000 	10000 	10000 	10000 	10000 	10000 	: 	: 	10000 	: 
IMOD,SE_ESMS	: 	: 	: 	: 	: 	10000 	: 	: 	: 	: 	: 	: 	: 	: 	: 	: 	: 	: 	: 
IMOD,SE_ESSA	30000 	30000 	30000 	30000 	30000 	30000 	30000 	30000 	30000 	30000 	30000 	30000 	30000 	30000 	30000 	: 	: 	: 	: 
IMOD,TR_LTAI	: 	: 	: 	: 	: 	: 	: 	: 	1000 	: 	: 	: 	: 	1000 	1000 	1000 	: 	1000 	1000 
IMOD,UK_EGAA	: 	: 	: 	: 	: 	: 	: 	: 	: 	: 	: 	: 	: 	: 	: 	: 	: 	5600 	5600 
IMOD,UK_EGCC	: 	: 	: 	: 	: 	51200 	51200 	51200 	51200 	51200 	51200 	51200 	51200 	51200 	51200 	51200 	: 	51200 	51200 
IMOD,UK_EGGW	: 	: 	: 	: 	: 	2600 	2600 	2600 	2600 	2600 	2600 	2600 	2600 	2600 	2600 	2600 	: 	2325 	2325 
IMOD,UK_EGKK	: 	: 	: 	: 	: 	20300 	20300 	20300 	20300 	20300 	20300 	20300 	20300 	20300 	20300 	20300 	: 	20300 	20300 
IMOD,UK_EGNM	: 	: 	: 	: 	: 	1050 	1050 	1050 	1050 	1050 	1050 	1050 	1050 	1050 	1050 	1050 	: 	1050 	1050 
IMOD,UK_EGNX	: 	: 	: 	: 	: 	350000 	350000 	350000 	350000 	350000 	350000 	350000 	350000 	350000 	350000 	350000 	: 	350000 	350000 
IMOD,UK_EGPF	: 	: 	: 	: 	: 	6000 	6000 	6000 	6000 	6000 	6000 	6000 	6000 	6000 	6000 	6000 	: 	6000 	6000 
IMOD,UK_EGPK	: 	: 	: 	: 	: 	11500 	11500 	11500 	11500 	11500 	11500 	11500 	11500 	11500 	11500 	11500 	: 	11500 	11500 
IURB,BG_LBSF	: 	: 	: 	: 	: 	: 	: 	: 	: 	2 	2 	2 	: 	: 	: 	: 	: 	: 	: 
IURB,CY_LCLK	: 	: 	: 	: 	: 	: 	: 	: 	3 	3 	3 	5 	5 	5 	: 	: 	: 	: 	: 
IURB,CY_LCPH	: 	: 	: 	: 	: 	: 	: 	: 	2 	2 	1 	1 	1 	1 	: 	: 	: 	: 	: 
IURB,CZ_LKPR	: 	: 	: 	: 	: 	: 	: 	: 	22 	23 	23 	17 	17 	14 	14 	14 	300 	25 	25 
IURB,EE_EETN	: 	: 	: 	: 	: 	: 	: 	: 	2 	2 	2 	2 	2 	2 	2 	2 	2 	2 	2 
IURB,EL_LGAV	: 	: 	: 	: 	: 	: 	: 	: 	: 	: 	: 	: 	: 	9 	9 	: 	: 	: 	: 
IURB,EL_LGEL	: 	: 	: 	: 	: 	: 	: 	: 	: 	: 	: 	: 	: 	: 	9 	9 	8 	6 	6 
IURB,EL_LGIR	: 	: 	: 	: 	: 	: 	: 	: 	: 	: 	: 	: 	: 	: 	2 	2 	2 	: 	0 
IURB,EL_LGKO	: 	: 	: 	: 	: 	: 	: 	: 	: 	: 	: 	: 	: 	: 	: 	: 	0 	1 	1 
IURB,EL_LGKR	: 	: 	: 	: 	: 	: 	: 	: 	: 	: 	: 	: 	: 	: 	1 	1 	: 	: 	: 
IURB,EL_LGRP	: 	: 	: 	: 	: 	: 	: 	: 	: 	: 	: 	: 	: 	1 	1 	1 	1 	1 	1 
IURB,EL_LGTS	: 	: 	: 	: 	: 	: 	: 	: 	: 	: 	: 	: 	: 	: 	0 	0 	0 	0 	0 
IURB,ES_GCFV	: 	: 	: 	: 	: 	: 	: 	: 	1 	1 	: 	: 	: 	: 	: 	: 	: 	: 	: 
IURB,ES_GCLP	: 	: 	: 	: 	: 	: 	: 	: 	5 	5 	: 	: 	: 	: 	: 	: 	: 	: 	: 
IURB,ES_GCRR	: 	: 	: 	: 	: 	: 	: 	: 	1 	: 	: 	: 	: 	: 	: 	: 	: 	: 	: 
IURB,ES_GCTS	: 	: 	: 	: 	: 	: 	: 	: 	3 	2 	: 	: 	: 	: 	: 	: 	: 	: 	: 
IURB,ES_GCXO	: 	: 	: 	: 	: 	: 	: 	: 	4 	4 	: 	: 	: 	: 	: 	: 	: 	: 	: 
IURB,ES_LEAL	: 	: 	: 	: 	: 	: 	: 	: 	7 	7 	: 	: 	: 	: 	: 	: 	: 	: 	: 
IURB,ES_LEBB	: 	: 	: 	: 	: 	: 	: 	: 	1 	1 	: 	: 	: 	: 	: 	: 	: 	: 	: 
IURB,ES_LEBL	: 	: 	: 	: 	: 	: 	: 	: 	15 	15 	: 	: 	: 	: 	: 	: 	: 	: 	: 
IURB,ES_LEIB	: 	: 	: 	: 	: 	: 	: 	: 	2 	2 	: 	: 	: 	: 	: 	: 	: 	: 	: 
IURB,ES_LEMD	: 	: 	: 	: 	: 	: 	: 	: 	30 	30 	: 	: 	: 	: 	: 	: 	: 	: 	: 
IURB,ES_LEMG	: 	: 	: 	: 	: 	: 	: 	: 	9 	: 	: 	: 	: 	: 	: 	: 	: 	: 	: 
IURB,ES_LEMH	: 	: 	: 	: 	: 	: 	: 	: 	1 	9 	: 	: 	: 	: 	: 	: 	: 	: 	: 
IURB,ES_LEPA	: 	: 	: 	: 	: 	: 	: 	: 	1 	1 	: 	: 	: 	: 	: 	: 	: 	: 	: 
IURB,ES_LEVC	: 	: 	: 	: 	: 	: 	: 	: 	1 	1 	: 	: 	: 	: 	: 	: 	: 	: 	: 
IURB,ES_LEZL	: 	: 	: 	: 	: 	: 	: 	: 	1 	1 	: 	: 	: 	: 	: 	: 	: 	: 	: 
IURB,FR_FMEE	: 	: 	: 	: 	: 	: 	: 	: 	1 	1 	1 	: 	15 	13 	: 	: 	1 	1 	: 
IURB,FR_LFBD	: 	: 	: 	: 	: 	: 	: 	: 	1 	1 	: 	: 	2 	: 	: 	: 	: 	: 	: 
IURB,FR_LFBO	: 	: 	: 	: 	: 	: 	: 	: 	1 	1 	1 	1 	1 	: 	: 	: 	1 	1 	1 
IURB,FR_LFLL	: 	: 	: 	: 	: 	: 	: 	: 	6 	6 	6 	6 	8 	: 	: 	: 	9 	9 	9 
IURB,FR_LFML	: 	: 	: 	: 	: 	: 	: 	: 	5 	5 	: 	5 	: 	5 	5 	: 	3 	: 	: 
IURB,FR_LFMT	: 	: 	: 	: 	: 	: 	: 	: 	: 	: 	: 	1 	1 	: 	: 	12 	12 	12 	12 
IURB,FR_LFRS	: 	: 	: 	: 	: 	: 	: 	: 	: 	: 	: 	1 	1 	1 	: 	: 	: 	2 	2 
IURB,FR_LFSB	: 	: 	: 	: 	: 	: 	: 	: 	: 	: 	: 	: 	: 	: 	2 	2 	3 	3 	3 
IURB,FR_LFST	: 	: 	: 	: 	: 	: 	: 	: 	: 	: 	: 	: 	: 	: 	: 	: 	: 	1 	1 
IURB,FR_TFFF	: 	: 	: 	: 	: 	: 	: 	: 	0 	0 	: 	0 	: 	: 	: 	: 	0 	0 	0 
IURB,HU_LHBP	: 	: 	: 	: 	: 	: 	: 	: 	2 	2 	2 	2 	2 	2 	2 	2 	: 	: 	: 
IURB,IE_EICK	: 	: 	: 	: 	: 	: 	: 	: 	2 	2 	: 	: 	: 	0 	0 	2 	: 	: 	: 
IURB,IE_EIDW	: 	: 	: 	: 	: 	: 	: 	: 	: 	: 	: 	: 	: 	1515 	1515 	1442 	3988 	: 	: 
IURB,IE_EINN	: 	: 	: 	: 	: 	: 	: 	: 	: 	0 	: 	: 	: 	132 	145 	135 	80 	: 	: 
IURB,IT_LICC	: 	: 	: 	: 	: 	: 	: 	: 	9 	9 	8 	8 	8 	8 	: 	: 	: 	: 	: 
IURB,IT_LICJ	: 	: 	: 	: 	: 	: 	: 	: 	4 	4 	4 	4 	4 	4 	: 	: 	: 	: 	: 
IURB,IT_LIEE	: 	: 	: 	: 	: 	: 	: 	: 	1 	1 	1 	1 	3 	3 	: 	: 	: 	: 	: 
IURB,IT_LIMC	: 	: 	: 	: 	: 	: 	: 	: 	15 	15 	15 	15 	15 	15 	: 	: 	: 	: 	: 
IURB,IT_LIME	: 	: 	: 	: 	: 	: 	: 	: 	11 	11 	11 	3 	6 	6 	: 	: 	: 	: 	: 
IURB,IT_LIMF	: 	: 	: 	: 	: 	: 	: 	: 	5 	5 	5 	5 	5 	5 	: 	: 	: 	: 	: 
IURB,IT_LIML	: 	: 	: 	: 	: 	: 	: 	: 	9 	9 	9 	9 	: 	: 	: 	: 	: 	: 	: 
IURB,IT_LIPE	: 	: 	: 	: 	: 	: 	: 	: 	6 	6 	6 	6 	3 	3 	: 	: 	: 	: 	: 
IURB,IT_LIPX	: 	: 	: 	: 	: 	: 	: 	: 	1 	1 	1 	1 	1 	1 	: 	: 	: 	: 	: 
IURB,IT_LIPZ	: 	: 	: 	: 	: 	: 	: 	: 	5 	5 	4 	4 	4 	4 	: 	: 	: 	: 	: 
IURB,IT_LIRF	: 	: 	: 	: 	: 	: 	: 	: 	5 	5 	5 	5 	5 	5 	: 	: 	: 	: 	: 
IURB,IT_LIRN	: 	: 	: 	: 	: 	: 	: 	: 	5 	5 	5 	5 	5 	5 	: 	: 	: 	: 	: 
IURB,LT_EYVI	: 	: 	: 	: 	: 	: 	: 	: 	7 	5 	5 	5 	5 	5 	5 	5 	2 	2 	2 
IURB,LV_EVRA	: 	: 	: 	: 	: 	: 	: 	: 	1 	1 	1 	1 	1 	2 	2 	2 	2 	2 	2 
IURB,MT_LMML	: 	: 	: 	: 	: 	: 	: 	: 	: 	: 	: 	: 	: 	: 	0 	0 	0 	: 	: 
IURB,RO_LROP	: 	: 	: 	: 	: 	: 	: 	: 	: 	: 	: 	: 	: 	: 	: 	: 	1 	1 	: 
IURB,SE_ESGG	: 	: 	: 	: 	: 	: 	: 	: 	: 	: 	: 	: 	: 	: 	: 	: 	3 	: 	: 
IURB,SE_ESSA	: 	: 	: 	: 	: 	: 	: 	: 	: 	: 	: 	: 	: 	: 	: 	: 	9 	: 	: 
IURB,SI_LJLJ	: 	: 	: 	: 	: 	: 	: 	: 	3 	3 	3 	3 	3 	3 	3 	3 	3 	3 	3 
IURB,SK_LZIB	: 	: 	: 	: 	: 	: 	: 	: 	4 	4 	2 	2 	2 	2 	2 	1 	1 	1 	1 
IURB,TR_LTAC	: 	: 	: 	: 	: 	: 	: 	: 	2 	2 	2 	2 	2 	1 	: 	: 	: 	: 	: 
IURB,TR_LTBA	: 	: 	: 	: 	: 	: 	: 	: 	2 	2 	2 	2 	: 	: 	: 	: 	: 	: 	: 
IURB,TR_LTBJ	: 	: 	: 	: 	: 	: 	: 	: 	3 	3 	3 	3 	3 	1 	: 	: 	: 	: 	: 
IURB,TR_LTBS	: 	: 	: 	: 	: 	: 	: 	: 	1 	1 	3 	1 	2 	2 	: 	: 	: 	: 	: 
IURB,TR_LTFE	: 	: 	: 	: 	: 	: 	: 	: 	2 	2 	2 	2 	2 	2 	: 	: 	: 	: 	: 
MET,BG_LBSF	: 	: 	: 	: 	: 	: 	: 	: 	: 	0 	0 	0 	: 	: 	: 	: 	: 	: 	: 
MET,CY_LCLK	: 	: 	: 	: 	: 	: 	: 	: 	0 	0 	: 	: 	: 	: 	: 	: 	: 	: 	: 
MET,CY_LCPH	: 	: 	: 	: 	: 	: 	: 	: 	0 	0 	0 	0 	0 	0 	: 	: 	: 	: 	: 
MET,CZ_LKPR	: 	: 	: 	: 	: 	: 	: 	: 	0 	0 	0 	0 	0 	0 	0 	0 	0 	0 	0 
MET,EE_EETN	: 	: 	: 	: 	: 	: 	: 	: 	0 	0 	0 	0 	0 	0 	0 	0 	0 	0 	0 
MET,EL_LGAV	: 	: 	: 	: 	: 	: 	: 	: 	: 	: 	: 	: 	: 	1 	1 	: 	: 	: 	: 
MET,EL_LGEL	: 	: 	: 	: 	: 	: 	: 	: 	: 	: 	: 	: 	: 	: 	1 	1 	1 	1 	1 
MET,ES_GCFV	: 	: 	: 	: 	: 	: 	: 	: 	0 	0 	: 	: 	: 	: 	: 	: 	: 	: 	: 
MET,ES_GCLP	: 	: 	: 	: 	: 	: 	: 	: 	0 	0 	: 	: 	: 	: 	: 	: 	: 	: 	: 
MET,ES_GCRR	: 	: 	: 	: 	: 	: 	: 	: 	0 	: 	: 	: 	: 	: 	: 	: 	: 	: 	: 
MET,ES_GCTS	: 	: 	: 	: 	: 	: 	: 	: 	0 	0 	: 	: 	: 	: 	: 	: 	: 	: 	: 
MET,ES_GCXO	: 	: 	: 	: 	: 	: 	: 	: 	0 	0 	: 	: 	: 	: 	: 	: 	: 	: 	: 
MET,ES_LEAL	: 	: 	: 	: 	: 	: 	: 	: 	0 	0 	: 	: 	: 	: 	: 	: 	: 	: 	: 
MET,ES_LEBB	: 	: 	: 	: 	: 	: 	: 	: 	0 	0 	: 	: 	: 	: 	: 	: 	: 	: 	: 
MET,ES_LEBL	: 	: 	: 	: 	: 	: 	: 	: 	0 	0 	: 	: 	: 	: 	: 	: 	: 	: 	: 
MET,ES_LEMD	: 	: 	: 	: 	: 	: 	: 	: 	1 	1 	: 	: 	: 	: 	: 	: 	: 	: 	: 
MET,ES_LEMG	: 	: 	: 	: 	: 	: 	: 	: 	0 	: 	: 	: 	: 	: 	: 	: 	: 	: 	: 
MET,ES_LEMH	: 	: 	: 	: 	: 	: 	: 	: 	: 	0 	: 	: 	: 	: 	: 	: 	: 	: 	: 
MET,ES_LEPA	: 	: 	: 	: 	: 	: 	: 	: 	0 	0 	: 	: 	: 	: 	: 	: 	: 	: 	: 
MET,ES_LEVC	: 	: 	: 	: 	: 	: 	: 	: 	2 	2 	: 	: 	: 	: 	: 	: 	: 	: 	: 
MET,FR_FMEE	: 	: 	: 	: 	: 	: 	: 	: 	: 	: 	: 	: 	0 	0 	0 	: 	: 	: 	: 
MET,FR_LFBD	: 	: 	: 	: 	: 	: 	: 	: 	0 	0 	: 	: 	0 	: 	: 	: 	: 	: 	: 
MET,FR_LFBO	: 	: 	: 	: 	: 	: 	: 	: 	0 	0 	0 	0 	0 	: 	: 	: 	0 	0 	0 
MET,FR_LFLL	: 	: 	: 	: 	: 	: 	: 	: 	0 	0 	0 	0 	: 	: 	: 	: 	: 	0 	0 
MET,FR_LFML	: 	: 	: 	: 	: 	: 	: 	: 	0 	0 	: 	0 	: 	0 	0 	: 	0 	: 	: 
MET,FR_LFMT	: 	: 	: 	: 	: 	: 	: 	: 	: 	: 	: 	0 	0 	: 	: 	0 	0 	0 	0 
MET,FR_LFRS	: 	: 	: 	: 	: 	: 	: 	: 	: 	: 	: 	0 	0 	0 	: 	: 	: 	0 	0 
MET,FR_LFSB	: 	: 	: 	: 	: 	: 	: 	: 	: 	: 	: 	: 	: 	: 	0 	0 	0 	0 	0 
MET,FR_TFFF	: 	: 	: 	: 	: 	: 	: 	: 	: 	: 	: 	0 	: 	: 	: 	: 	: 	0 	0 
MET,HU_LHBP	: 	: 	: 	: 	: 	: 	: 	: 	0 	0 	0 	0 	0 	0 	0 	0 	0 	: 	: 
MET,IE_EICK	: 	: 	: 	: 	: 	: 	: 	: 	0 	0 	: 	: 	: 	0 	0 	0 	0 	: 	: 
MET,IE_EIDW	: 	: 	: 	: 	: 	: 	: 	: 	: 	: 	: 	: 	: 	0 	0 	0 	0 	: 	: 
MET,IE_EINN	: 	: 	: 	: 	: 	: 	: 	: 	0 	0 	: 	: 	: 	0 	0 	0 	0 	: 	: 
MET,IT_LIML	: 	: 	: 	: 	: 	: 	: 	: 	: 	: 	: 	: 	7 	7 	: 	: 	: 	: 	: 
MET,LT_EYVI	: 	: 	: 	: 	: 	: 	: 	: 	: 	: 	: 	: 	: 	: 	: 	0 	0 	0 	0 
MET,LV_EVRA	: 	: 	: 	: 	: 	: 	: 	: 	0 	0 	0 	0 	0 	0 	0 	0 	0 	0 	0 
MET,MT_LMML	: 	: 	: 	: 	: 	: 	: 	: 	: 	: 	: 	: 	: 	: 	0 	0 	0 	: 	: 
MET,PT_LPFR	: 	: 	: 	: 	: 	: 	: 	: 	: 	: 	: 	: 	0 	0 	: 	: 	: 	: 	: 
MET,PT_LPMA	: 	: 	: 	: 	: 	: 	: 	: 	: 	: 	: 	: 	0 	0 	: 	: 	: 	: 	: 
MET,PT_LPPR	: 	: 	: 	: 	: 	: 	: 	: 	: 	: 	: 	: 	1 	1 	: 	: 	: 	: 	: 
MET,PT_LPPT	: 	: 	: 	: 	: 	: 	: 	: 	: 	: 	: 	: 	0 	0 	: 	: 	: 	: 	: 
MET,SE_ESGG	: 	: 	: 	: 	: 	: 	: 	: 	: 	: 	: 	: 	: 	: 	: 	: 	0 	: 	: 
MET,SE_ESMS	: 	: 	: 	: 	: 	: 	: 	: 	: 	: 	: 	: 	: 	: 	: 	: 	0 	: 	: 
MET,SE_ESSA	: 	: 	: 	: 	: 	: 	: 	: 	: 	: 	: 	: 	: 	: 	: 	: 	0 	: 	: 
MET,SI_LJLJ	: 	: 	: 	: 	: 	: 	: 	: 	0 	0 	0 	0 	0 	0 	0 	0 	0 	0 	0 
MET,SK_LZIB	: 	: 	: 	: 	: 	: 	: 	: 	0 	0 	0 	0 	0 	0 	0 	0 	0 	0 	0 
MET,TR_LTBA	: 	: 	: 	: 	: 	: 	: 	: 	1 	1 	1 	1 	1 	1 	: 	: 	: 	: 	: 
MWAY,AT_LOWW	: 	: 	: 	: 	: 	: 	: 	: 	: 	: 	: 	: 	: 	: 	: 	: 	: 	: 	0 
MWAY,BG_LBSF	: 	: 	: 	: 	: 	: 	: 	: 	: 	1 	1 	1 	1 	1 	1 	: 	: 	: 	: 
MWAY,CY_LCLK	: 	: 	: 	: 	: 	: 	: 	: 	1 	1 	1 	1 	1 	: 	: 	: 	: 	: 	: 
MWAY,CY_LCPH	: 	: 	: 	: 	: 	: 	: 	: 	0 	0 	0 	0 	0 	0 	: 	: 	: 	: 	: 
MWAY,CZ_LKPR	: 	: 	: 	: 	: 	: 	: 	: 	1 	1 	1 	1 	1 	1 	1 	1 	1 	1 	1 
MWAY,EE_EETN	: 	: 	: 	: 	: 	: 	: 	: 	1 	1 	1 	1 	1 	1 	1 	1 	1 	1 	1 
MWAY,EL_LGAV	: 	: 	: 	: 	: 	: 	: 	: 	: 	: 	: 	: 	: 	1 	1 	: 	: 	: 	: 
MWAY,EL_LGEL	: 	: 	: 	: 	: 	: 	: 	: 	: 	: 	: 	: 	: 	: 	1 	1 	1 	1 	1 
MWAY,EL_LGIR	: 	: 	: 	: 	: 	: 	: 	: 	: 	: 	: 	: 	: 	: 	1 	1 	1 	1 	1 
MWAY,EL_LGKO	: 	: 	: 	: 	: 	: 	: 	: 	: 	: 	: 	: 	: 	: 	: 	: 	1 	1 	1 
MWAY,EL_LGKR	: 	: 	: 	: 	: 	: 	: 	: 	: 	: 	: 	: 	: 	: 	1 	1 	: 	: 	: 
MWAY,EL_LGRP	: 	: 	: 	: 	: 	: 	: 	: 	: 	: 	: 	: 	: 	: 	: 	: 	1 	1 	1 
MWAY,EL_LGTS	: 	: 	: 	: 	: 	: 	: 	: 	: 	: 	: 	: 	: 	: 	1 	1 	1 	1 	1 
MWAY,ES_GCFV	: 	: 	: 	: 	: 	: 	: 	: 	1 	1 	: 	: 	: 	: 	: 	: 	: 	: 	: 
MWAY,ES_GCLP	: 	: 	: 	: 	: 	: 	: 	: 	1 	1 	: 	: 	: 	: 	: 	: 	: 	: 	: 
MWAY,ES_GCRR	: 	: 	: 	: 	: 	: 	: 	: 	0 	: 	: 	: 	: 	: 	: 	: 	: 	: 	: 
MWAY,ES_GCTS	: 	: 	: 	: 	: 	: 	: 	: 	1 	0 	: 	: 	: 	: 	: 	: 	: 	: 	: 
MWAY,ES_GCXO	: 	: 	: 	: 	: 	: 	: 	: 	1 	1 	: 	: 	: 	: 	: 	: 	: 	: 	: 
MWAY,ES_LEAL	: 	: 	: 	: 	: 	: 	: 	: 	2 	2 	: 	: 	: 	: 	: 	: 	: 	: 	: 
MWAY,ES_LEBB	: 	: 	: 	: 	: 	: 	: 	: 	1 	1 	: 	: 	: 	: 	: 	: 	: 	: 	: 
MWAY,ES_LEBL	: 	: 	: 	: 	: 	: 	: 	: 	2 	2 	: 	: 	: 	: 	: 	: 	: 	: 	: 
MWAY,ES_LEIB	: 	: 	: 	: 	: 	: 	: 	: 	1 	1 	: 	: 	: 	: 	: 	: 	: 	: 	: 
MWAY,ES_LEMD	: 	: 	: 	: 	: 	: 	: 	: 	7 	7 	: 	: 	: 	: 	: 	: 	: 	: 	: 
MWAY,ES_LEMG	: 	: 	: 	: 	: 	: 	: 	: 	1 	: 	: 	: 	: 	: 	: 	: 	: 	: 	: 
MWAY,ES_LEMH	: 	: 	: 	: 	: 	: 	: 	: 	1 	1 	: 	: 	: 	: 	: 	: 	: 	: 	: 
MWAY,ES_LEPA	: 	: 	: 	: 	: 	: 	: 	: 	1 	1 	: 	: 	: 	: 	: 	: 	: 	: 	: 
MWAY,ES_LEVC	: 	: 	: 	: 	: 	: 	: 	: 	2 	2 	: 	: 	: 	: 	: 	: 	: 	: 	: 
MWAY,ES_LEZL	: 	: 	: 	: 	: 	: 	: 	: 	1 	1 	: 	: 	: 	: 	: 	: 	: 	: 	: 
MWAY,FR_FMEE	: 	: 	: 	: 	: 	: 	: 	: 	1 	1 	1 	: 	1 	1 	1 	: 	1 	1 	: 
MWAY,FR_LFBD	: 	: 	: 	: 	: 	: 	: 	: 	1 	1 	: 	: 	0 	: 	: 	0 	0 	: 	: 
MWAY,FR_LFBO	: 	: 	: 	: 	: 	: 	: 	: 	1 	1 	1 	1 	1 	: 	: 	: 	1 	1 	1 
MWAY,FR_LFLL	: 	: 	: 	: 	: 	: 	: 	: 	4 	4 	4 	4 	3 	: 	: 	: 	8 	8 	8 
MWAY,FR_LFML	: 	: 	: 	: 	: 	: 	: 	: 	3 	3 	: 	5 	: 	3 	3 	: 	1 	: 	: 
MWAY,FR_LFMT	: 	: 	: 	: 	: 	: 	: 	: 	: 	: 	: 	2 	2 	: 	: 	1 	1 	1 	1 
MWAY,FR_LFRS	: 	: 	: 	: 	: 	: 	: 	: 	: 	: 	: 	0 	0 	0 	: 	: 	: 	0 	0 
MWAY,FR_LFSB	: 	: 	: 	: 	: 	: 	: 	: 	: 	: 	: 	: 	: 	: 	1 	1 	1 	1 	1 
MWAY,FR_LFST	: 	: 	: 	: 	: 	: 	: 	: 	: 	: 	: 	: 	: 	: 	: 	: 	: 	1 	1 
MWAY,FR_TFFF	: 	: 	: 	: 	: 	: 	: 	: 	1 	1 	: 	1 	: 	: 	: 	: 	2 	2 	2 
MWAY,HU_LHBP	: 	: 	: 	: 	: 	: 	: 	: 	1 	1 	1 	1 	1 	1 	1 	1 	1 	: 	: 
MWAY,IE_EICK	: 	: 	: 	: 	: 	: 	: 	: 	1 	1 	: 	: 	: 	0 	0 	0 	0 	: 	: 
MWAY,IE_EIDW	: 	: 	: 	: 	: 	: 	: 	: 	: 	: 	: 	: 	: 	1 	1 	1 	1 	: 	: 
MWAY,IE_EINN	: 	: 	: 	: 	: 	: 	: 	: 	1 	1 	: 	: 	: 	0 	0 	0 	0 	: 	: 
MWAY,IT_LICC	: 	: 	: 	: 	: 	: 	: 	: 	2 	2 	2 	2 	2 	2 	: 	: 	: 	: 	: 
MWAY,IT_LICJ	: 	: 	: 	: 	: 	: 	: 	: 	1 	1 	1 	1 	2 	2 	: 	: 	: 	: 	: 
MWAY,IT_LIEE	: 	: 	: 	: 	: 	: 	: 	: 	4 	4 	4 	4 	4 	4 	: 	: 	: 	: 	: 
MWAY,IT_LIMC	: 	: 	: 	: 	: 	: 	: 	: 	2 	2 	3 	3 	3 	3 	: 	: 	: 	: 	: 
MWAY,IT_LIME	: 	: 	: 	: 	: 	: 	: 	: 	2 	2 	3 	3 	1 	1 	: 	: 	: 	: 	: 
MWAY,IT_LIMF	: 	: 	: 	: 	: 	: 	: 	: 	2 	2 	2 	2 	1 	1 	: 	: 	: 	: 	: 
MWAY,IT_LIML	: 	: 	: 	: 	: 	: 	: 	: 	1 	1 	1 	1 	: 	: 	: 	: 	: 	: 	: 
MWAY,IT_LIPE	: 	: 	: 	: 	: 	: 	: 	: 	3 	3 	3 	3 	3 	3 	: 	: 	: 	: 	: 
MWAY,IT_LIPX	: 	: 	: 	: 	: 	: 	: 	: 	2 	2 	2 	2 	2 	2 	: 	: 	: 	: 	: 
MWAY,IT_LIPZ	: 	: 	: 	: 	: 	: 	: 	: 	1 	1 	1 	1 	1 	1 	: 	: 	: 	: 	: 
MWAY,IT_LIRF	: 	: 	: 	: 	: 	: 	: 	: 	2 	2 	2 	2 	2 	2 	: 	: 	: 	: 	: 
MWAY,IT_LIRN	: 	: 	: 	: 	: 	: 	: 	: 	1 	1 	1 	1 	1 	1 	: 	: 	: 	: 	: 
MWAY,LT_EYVI	: 	: 	: 	: 	: 	: 	: 	: 	: 	: 	: 	: 	: 	: 	: 	0 	0 	0 	0 
MWAY,LV_EVRA	: 	: 	: 	: 	: 	: 	: 	: 	0 	0 	0 	0 	0 	0 	0 	0 	0 	0 	0 
MWAY,MT_LMML	: 	: 	: 	: 	: 	: 	: 	: 	: 	: 	: 	: 	: 	: 	0 	0 	0 	: 	: 
MWAY,RO_LROP	: 	: 	: 	: 	: 	: 	: 	: 	: 	: 	: 	: 	: 	: 	: 	: 	1 	1 	: 
MWAY,SE_ESSA	: 	: 	: 	: 	: 	: 	: 	: 	: 	: 	: 	: 	: 	: 	: 	: 	0 	0 	0 
MWAY,SI_LJLJ	: 	: 	: 	: 	: 	: 	: 	: 	1 	1 	1 	1 	1 	1 	1 	1 	1 	1 	1 
MWAY,SK_LZIB	: 	: 	: 	: 	: 	: 	: 	: 	1 	1 	1 	1 	1 	1 	1 	1 	1 	0 	0 
MWAY,TR_LTAC	: 	: 	: 	: 	: 	: 	: 	: 	3 	3 	3 	3 	3 	3 	: 	: 	: 	: 	: 
MWAY,TR_LTAI	: 	: 	: 	: 	: 	: 	: 	: 	1 	1 	1 	1 	1 	: 	: 	: 	: 	: 	: 
MWAY,TR_LTBA	: 	: 	: 	: 	: 	: 	: 	: 	3 	3 	3 	3 	3 	3 	: 	: 	: 	: 	: 
MWAY,TR_LTBJ	: 	: 	: 	: 	: 	: 	: 	: 	2 	2 	2 	2 	2 	2 	: 	: 	: 	: 	: 
MWAY,TR_LTBS	: 	: 	: 	: 	: 	: 	: 	: 	1 	1 	2 	1 	1 	1 	: 	: 	: 	: 	: 
MWAY,TR_LTFE	: 	: 	: 	: 	: 	: 	: 	: 	1 	1 	1 	1 	1 	1 	: 	: 	: 	: 	: 
RL_HSPD,AT_LOWW	: 	: 	: 	: 	: 	: 	: 	: 	: 	: 	: 	: 	: 	: 	: 	: 	: 	: 	0 
RL_HSPD,BG_LBSF	: 	: 	: 	: 	: 	: 	: 	: 	: 	0 	0 	0 	0 	0 	0 	: 	: 	: 	: 
RL_HSPD,CY_LCLK	: 	: 	: 	: 	: 	: 	: 	: 	0 	0 	: 	: 	: 	: 	: 	: 	: 	: 	: 
RL_HSPD,CY_LCPH	: 	: 	: 	: 	: 	: 	: 	: 	0 	0 	0 	0 	0 	0 	: 	: 	: 	: 	: 
RL_HSPD,CZ_LKPR	: 	: 	: 	: 	: 	: 	: 	: 	0 	0 	0 	0 	0 	0 	0 	0 	0 	0 	0 
RL_HSPD,EE_EETN	: 	: 	: 	: 	: 	: 	: 	: 	0 	0 	0 	0 	0 	0 	0 	0 	0 	0 	0 
RL_HSPD,EL_LGAV	: 	: 	: 	: 	: 	: 	: 	: 	: 	: 	: 	: 	: 	1 	0 	: 	: 	: 	: 
RL_HSPD,EL_LGEL	: 	: 	: 	: 	: 	: 	: 	: 	: 	: 	: 	: 	: 	: 	0 	0 	0 	: 	: 
RL_HSPD,ES_GCFV	: 	: 	: 	: 	: 	: 	: 	: 	1 	0 	: 	: 	: 	: 	: 	: 	: 	: 	: 
RL_HSPD,ES_GCLP	: 	: 	: 	: 	: 	: 	: 	: 	0 	0 	: 	: 	: 	: 	: 	: 	: 	: 	: 
RL_HSPD,ES_GCRR	: 	: 	: 	: 	: 	: 	: 	: 	0 	: 	: 	: 	: 	: 	: 	: 	: 	: 	: 
RL_HSPD,ES_GCTS	: 	: 	: 	: 	: 	: 	: 	: 	0 	0 	: 	: 	: 	: 	: 	: 	: 	: 	: 
RL_HSPD,ES_GCXO	: 	: 	: 	: 	: 	: 	: 	: 	0 	0 	: 	: 	: 	: 	: 	: 	: 	: 	: 
RL_HSPD,ES_LEBB	: 	: 	: 	: 	: 	: 	: 	: 	0 	0 	: 	: 	: 	: 	: 	: 	: 	: 	: 
RL_HSPD,ES_LEBL	: 	: 	: 	: 	: 	: 	: 	: 	0 	0 	: 	: 	: 	: 	: 	: 	: 	: 	: 
RL_HSPD,ES_LEMD	: 	: 	: 	: 	: 	: 	: 	: 	1 	1 	: 	: 	: 	: 	: 	: 	: 	: 	: 
RL_HSPD,ES_LEMG	: 	: 	: 	: 	: 	: 	: 	: 	0 	: 	: 	: 	: 	: 	: 	: 	: 	: 	: 
RL_HSPD,ES_LEMH	: 	: 	: 	: 	: 	: 	: 	: 	: 	0 	: 	: 	: 	: 	: 	: 	: 	: 	: 
RL_HSPD,ES_LEPA	: 	: 	: 	: 	: 	: 	: 	: 	0 	0 	: 	: 	: 	: 	: 	: 	: 	: 	: 
RL_HSPD,ES_LEVC	: 	: 	: 	: 	: 	: 	: 	: 	0 	0 	: 	: 	: 	: 	: 	: 	: 	: 	: 
RL_HSPD,FR_FMEE	: 	: 	: 	: 	: 	: 	: 	: 	: 	: 	: 	: 	0 	0 	0 	: 	: 	: 	: 
RL_HSPD,FR_LFBD	: 	: 	: 	: 	: 	: 	: 	: 	0 	0 	: 	: 	0 	: 	: 	0 	0 	: 	: 
RL_HSPD,FR_LFBO	: 	: 	: 	: 	: 	: 	: 	: 	0 	0 	0 	0 	0 	: 	: 	: 	0 	0 	0 
RL_HSPD,FR_LFLL	: 	: 	: 	: 	: 	: 	: 	: 	21 	21 	21 	21 	22 	: 	: 	: 	20 	20 	20 
RL_HSPD,FR_LFML	: 	: 	: 	: 	: 	: 	: 	: 	0 	0 	: 	52 	: 	1 	1 	: 	0 	: 	: 
RL_HSPD,FR_LFMT	: 	: 	: 	: 	: 	: 	: 	: 	: 	: 	: 	0 	0 	: 	: 	0 	0 	0 	0 
RL_HSPD,FR_LFRS	: 	: 	: 	: 	: 	: 	: 	: 	: 	: 	: 	0 	0 	0 	: 	: 	: 	0 	0 
RL_HSPD,FR_LFSB	: 	: 	: 	: 	: 	: 	: 	: 	: 	: 	: 	: 	: 	: 	0 	0 	0 	0 	0 
RL_HSPD,FR_TFFF	: 	: 	: 	: 	: 	: 	: 	: 	: 	: 	: 	0 	: 	: 	: 	: 	: 	0 	0 
RL_HSPD,IE_EICK	: 	: 	: 	: 	: 	: 	: 	: 	0 	0 	: 	: 	: 	0 	0 	0 	0 	: 	: 
RL_HSPD,IE_EIDW	: 	: 	: 	: 	: 	: 	: 	: 	: 	: 	: 	: 	: 	0 	0 	0 	0 	: 	: 
RL_HSPD,IE_EINN	: 	: 	: 	: 	: 	: 	: 	: 	0 	0 	: 	: 	: 	0 	0 	0 	0 	: 	: 
RL_HSPD,IT_LICJ	: 	: 	: 	: 	: 	: 	: 	: 	1 	1 	1 	1 	1 	1 	: 	: 	: 	: 	: 
RL_HSPD,IT_LIMC	: 	: 	: 	: 	: 	: 	: 	: 	1 	1 	2 	2 	2 	2 	: 	: 	: 	: 	: 
RL_HSPD,IT_LIME	: 	: 	: 	: 	: 	: 	: 	: 	0 	0 	1 	1 	1 	1 	: 	: 	: 	: 	: 
RL_HSPD,IT_LIMF	: 	: 	: 	: 	: 	: 	: 	: 	0 	0 	: 	: 	1 	1 	: 	: 	: 	: 	: 
RL_HSPD,IT_LIML	: 	: 	: 	: 	: 	: 	: 	: 	1 	1 	1 	1 	1 	1 	: 	: 	: 	: 	: 
RL_HSPD,IT_LIPE	: 	: 	: 	: 	: 	: 	: 	: 	: 	: 	1 	1 	: 	: 	: 	: 	: 	: 	: 
RL_HSPD,IT_LIPX	: 	: 	: 	: 	: 	: 	: 	: 	1 	1 	1 	1 	1 	1 	: 	: 	: 	: 	: 
RL_HSPD,IT_LIPZ	: 	: 	: 	: 	: 	: 	: 	: 	: 	0 	1 	: 	1 	1 	: 	: 	: 	: 	: 
RL_HSPD,IT_LIRF	: 	: 	: 	: 	: 	: 	: 	: 	2 	1 	1 	1 	1 	1 	: 	: 	: 	: 	: 
RL_HSPD,LT_EYVI	: 	: 	: 	: 	: 	: 	: 	: 	: 	: 	: 	: 	: 	: 	: 	0 	0 	0 	0 
RL_HSPD,LV_EVRA	: 	: 	: 	: 	: 	: 	: 	: 	0 	0 	0 	0 	0 	0 	0 	0 	0 	0 	0 
RL_HSPD,MT_LMML	: 	: 	: 	: 	: 	: 	: 	: 	: 	: 	: 	: 	: 	: 	0 	0 	0 	: 	: 
RL_HSPD,PT_LPFR	: 	: 	: 	: 	: 	: 	: 	: 	: 	: 	: 	: 	0 	0 	: 	: 	: 	: 	: 
RL_HSPD,PT_LPMA	: 	: 	: 	: 	: 	: 	: 	: 	: 	: 	: 	: 	0 	0 	: 	: 	: 	: 	: 
RL_HSPD,PT_LPPR	: 	: 	: 	: 	: 	: 	: 	: 	: 	: 	: 	: 	0 	0 	: 	: 	: 	: 	: 
RL_HSPD,PT_LPPT	: 	: 	: 	: 	: 	: 	: 	: 	: 	: 	: 	: 	0 	0 	: 	: 	: 	: 	: 
RL_HSPD,SE_ESGG	: 	: 	: 	: 	: 	: 	: 	: 	: 	: 	: 	: 	: 	: 	: 	: 	0 	: 	: 
RL_HSPD,SE_ESMS	: 	: 	: 	: 	: 	: 	: 	: 	: 	: 	: 	: 	: 	: 	: 	: 	0 	: 	: 
RL_HSPD,SE_ESSA	: 	: 	: 	: 	: 	: 	: 	: 	: 	: 	: 	: 	: 	: 	: 	: 	1 	: 	: 
RL_HSPD,SI_LJLJ	: 	: 	: 	: 	: 	: 	: 	: 	0 	0 	0 	0 	0 	0 	0 	0 	0 	0 	0 
RL_HSPD,SK_LZIB	: 	: 	: 	: 	: 	: 	: 	: 	0 	0 	0 	0 	0 	0 	0 	0 	0 	0 	0 
RL_HSPD,TR_LTBJ	: 	: 	: 	: 	: 	: 	: 	: 	1 	1 	1 	: 	: 	: 	: 	: 	: 	: 	: 
RL_HSPD,TR_LTBS	: 	: 	: 	: 	: 	: 	: 	: 	: 	1 	1 	: 	: 	: 	: 	: 	: 	: 	: 
RL_OTH,BG_LBSF	: 	: 	: 	: 	: 	: 	: 	: 	: 	0 	0 	0 	0 	0 	0 	: 	: 	: 	: 
RL_OTH,CY_LCLK	: 	: 	: 	: 	: 	: 	: 	: 	0 	0 	: 	: 	: 	: 	: 	: 	: 	: 	: 
RL_OTH,CY_LCPH	: 	: 	: 	: 	: 	: 	: 	: 	0 	0 	0 	0 	0 	0 	: 	: 	: 	: 	: 
RL_OTH,CZ_LKPR	: 	: 	: 	: 	: 	: 	: 	: 	0 	0 	0 	0 	0 	0 	0 	0 	0 	0 	0 
RL_OTH,EE_EETN	: 	: 	: 	: 	: 	: 	: 	: 	0 	0 	0 	0 	0 	0 	0 	0 	0 	0 	0 
RL_OTH,EL_LGAV	: 	: 	: 	: 	: 	: 	: 	: 	: 	: 	: 	: 	: 	0 	1 	: 	: 	: 	: 
RL_OTH,EL_LGEL	: 	: 	: 	: 	: 	: 	: 	: 	: 	: 	: 	: 	: 	: 	1 	1 	1 	1 	1 
RL_OTH,ES_GCFV	: 	: 	: 	: 	: 	: 	: 	: 	0 	0 	: 	: 	: 	: 	: 	: 	: 	: 	: 
RL_OTH,ES_GCLP	: 	: 	: 	: 	: 	: 	: 	: 	0 	0 	: 	: 	: 	: 	: 	: 	: 	: 	: 
RL_OTH,ES_GCRR	: 	: 	: 	: 	: 	: 	: 	: 	0 	: 	: 	: 	: 	: 	: 	: 	: 	: 	: 
RL_OTH,ES_GCTS	: 	: 	: 	: 	: 	: 	: 	: 	0 	0 	: 	: 	: 	: 	: 	: 	: 	: 	: 
RL_OTH,ES_GCXO	: 	: 	: 	: 	: 	: 	: 	: 	0 	0 	: 	: 	: 	: 	: 	: 	: 	: 	: 
RL_OTH,ES_LEAL	: 	: 	: 	: 	: 	: 	: 	: 	0 	0 	: 	: 	: 	: 	: 	: 	: 	: 	: 
RL_OTH,ES_LEBB	: 	: 	: 	: 	: 	: 	: 	: 	0 	0 	: 	: 	: 	: 	: 	: 	: 	: 	: 
RL_OTH,ES_LEBL	: 	: 	: 	: 	: 	: 	: 	: 	1 	1 	: 	: 	: 	: 	: 	: 	: 	: 	: 
RL_OTH,ES_LEMD	: 	: 	: 	: 	: 	: 	: 	: 	1 	1 	: 	: 	: 	: 	: 	: 	: 	: 	: 
RL_OTH,ES_LEMG	: 	: 	: 	: 	: 	: 	: 	: 	1 	: 	: 	: 	: 	: 	: 	: 	: 	: 	: 
RL_OTH,ES_LEMH	: 	: 	: 	: 	: 	: 	: 	: 	: 	1 	: 	: 	: 	: 	: 	: 	: 	: 	: 
RL_OTH,ES_LEPA	: 	: 	: 	: 	: 	: 	: 	: 	0 	0 	: 	: 	: 	: 	: 	: 	: 	: 	: 
RL_OTH,ES_LEVC	: 	: 	: 	: 	: 	: 	: 	: 	0 	0 	: 	: 	: 	: 	: 	: 	: 	: 	: 
RL_OTH,FR_FMEE	: 	: 	: 	: 	: 	: 	: 	: 	: 	: 	: 	: 	0 	0 	0 	: 	: 	: 	: 
RL_OTH,FR_LFBD	: 	: 	: 	: 	: 	: 	: 	: 	0 	0 	: 	: 	0 	: 	: 	: 	: 	: 	: 
RL_OTH,FR_LFBO	: 	: 	: 	: 	: 	: 	: 	: 	0 	0 	0 	0 	0 	: 	: 	: 	0 	0 	0 
RL_OTH,FR_LFLL	: 	: 	: 	: 	: 	: 	: 	: 	1 	1 	1 	1 	: 	: 	: 	: 	: 	0 	0 
RL_OTH,FR_LFML	: 	: 	: 	: 	: 	: 	: 	: 	5 	5 	: 	47 	: 	5 	0 	: 	0 	: 	: 
RL_OTH,FR_LFMT	: 	: 	: 	: 	: 	: 	: 	: 	: 	: 	: 	0 	0 	: 	: 	0 	0 	0 	0 
RL_OTH,FR_LFRS	: 	: 	: 	: 	: 	: 	: 	: 	: 	: 	: 	0 	0 	0 	: 	: 	: 	0 	0 
RL_OTH,FR_LFSB	: 	: 	: 	: 	: 	: 	: 	: 	: 	: 	: 	: 	: 	: 	0 	0 	0 	0 	0 
RL_OTH,FR_LFST	: 	: 	: 	: 	: 	: 	: 	: 	: 	: 	: 	: 	: 	: 	: 	: 	: 	1 	1 
RL_OTH,FR_TFFF	: 	: 	: 	: 	: 	: 	: 	: 	: 	: 	: 	0 	: 	: 	: 	: 	: 	0 	0 
RL_OTH,HU_LHBP	: 	: 	: 	: 	: 	: 	: 	: 	1 	1 	1 	1 	1 	1 	1 	0 	0 	: 	: 
RL_OTH,IE_EICK	: 	: 	: 	: 	: 	: 	: 	: 	0 	0 	: 	: 	: 	0 	0 	0 	0 	: 	: 
RL_OTH,IE_EIDW	: 	: 	: 	: 	: 	: 	: 	: 	: 	: 	: 	: 	: 	0 	0 	0 	0 	: 	: 
RL_OTH,IE_EINN	: 	: 	: 	: 	: 	: 	: 	: 	0 	0 	: 	: 	: 	0 	0 	0 	0 	: 	: 
RL_OTH,IT_LICC	: 	: 	: 	: 	: 	: 	: 	: 	1 	1 	1 	1 	1 	1 	: 	: 	: 	: 	: 
RL_OTH,IT_LICJ	: 	: 	: 	: 	: 	: 	: 	: 	1 	1 	1 	1 	1 	1 	: 	: 	: 	: 	: 
RL_OTH,IT_LIEE	: 	: 	: 	: 	: 	: 	: 	: 	1 	1 	1 	: 	: 	: 	: 	: 	: 	: 	: 
RL_OTH,IT_LIMC	: 	: 	: 	: 	: 	: 	: 	: 	1 	1 	2 	2 	2 	2 	: 	: 	: 	: 	: 
RL_OTH,IT_LIME	: 	: 	: 	: 	: 	: 	: 	: 	0 	0 	1 	1 	1 	1 	: 	: 	: 	: 	: 
RL_OTH,IT_LIMF	: 	: 	: 	: 	: 	: 	: 	: 	1 	1 	1 	1 	1 	1 	: 	: 	: 	: 	: 
RL_OTH,IT_LIPE	: 	: 	: 	: 	: 	: 	: 	: 	: 	: 	: 	: 	1 	1 	: 	: 	: 	: 	: 
RL_OTH,IT_LIPZ	: 	: 	: 	: 	: 	: 	: 	: 	: 	0 	1 	1 	: 	: 	: 	: 	: 	: 	: 
RL_OTH,IT_LIRF	: 	: 	: 	: 	: 	: 	: 	: 	1 	1 	1 	1 	1 	1 	: 	: 	: 	: 	: 
RL_OTH,LT_EYVI	: 	: 	: 	: 	: 	: 	: 	: 	1 	1 	1 	1 	1 	1 	: 	0 	0 	0 	0 
RL_OTH,LV_EVRA	: 	: 	: 	: 	: 	: 	: 	: 	0 	0 	0 	0 	0 	0 	0 	0 	0 	0 	0 
RL_OTH,MT_LMML	: 	: 	: 	: 	: 	: 	: 	: 	: 	: 	: 	: 	: 	: 	0 	0 	0 	: 	: 
RL_OTH,PT_LPFR	: 	: 	: 	: 	: 	: 	: 	: 	: 	: 	: 	: 	0 	0 	: 	: 	: 	: 	: 
RL_OTH,PT_LPMA	: 	: 	: 	: 	: 	: 	: 	: 	: 	: 	: 	: 	0 	0 	: 	: 	: 	: 	: 
RL_OTH,PT_LPPR	: 	: 	: 	: 	: 	: 	: 	: 	: 	: 	: 	: 	0 	0 	: 	: 	: 	: 	: 
RL_OTH,PT_LPPT	: 	: 	: 	: 	: 	: 	: 	: 	: 	: 	: 	: 	0 	0 	: 	: 	: 	: 	: 
RL_OTH,SE_ESGG	: 	: 	: 	: 	: 	: 	: 	: 	: 	: 	: 	: 	: 	: 	: 	: 	0 	: 	: 
RL_OTH,SI_LJLJ	: 	: 	: 	: 	: 	: 	: 	: 	0 	0 	0 	0 	0 	0 	0 	0 	0 	0 	0 
RL_OTH,SK_LZIB	: 	: 	: 	: 	: 	: 	: 	: 	0 	0 	0 	0 	0 	0 	0 	0 	0 	0 	0 
RL_OTH,TR_LTBJ	: 	: 	: 	: 	: 	: 	: 	: 	1 	1 	1 	1 	1 	1 	: 	: 	: 	: 	: 
RL_OTH,TR_LTBS	: 	: 	: 	: 	: 	: 	: 	: 	: 	1 	1 	: 	: 	: 	: 	: 	: 	: 	: 
