route,time,departure airport,arrival airport,departure city,arrival city
"{'AAL', 'AMS'}",85.0,AAL,AMS,Aalborg,Amsterdam
"{'AAQ', 'LED'}",170.0,AAQ,LED,Novorossiysk,Saint Petersburg
"{'AMS', 'ABZ'}",85.0,AMS,ABZ,Amsterdam,Aberdeen
"{'ABZ', 'LGW'}",95.0,ABZ,LGW,Aberdeen,London
"{'ACE', 'AGP'}",130.0,ACE,AGP,Arrecife,Málaga
"{'ACE', 'BCN'}",185.0,ACE,BCN,Arrecife,Barcelona
"{'ACE', 'BFS'}",265.0,ACE,BFS,Arrecife,Belfast
"{'ACE', 'BGY'}",242.5,ACE,BGY,Arrecife,Monza
"{'ACE', 'BHX'}",255.0,ACE,BHX,Arrecife,Birmingham
"{'ACE', 'BOD'}",195.0,ACE,BOD,Arrecife,Bordeaux
"{'ACE', 'BRU'}",250.0,ACE,BRU,Arrecife,Brussels
"{'ACE', 'CDG'}",240.0,ACE,CDG,Arrecife,Paris
"{'ACE', 'CRL'}",250.0,ACE,CRL,Arrecife,Brussels
"{'ACE', 'EDI'}",280.0,ACE,EDI,Arrecife,Dunfermline
"{'ACE', 'HAM'}",285.0,ACE,HAM,Arrecife,Hamburg
"{'ACE', 'LGW'}",247.5,ACE,LGW,Arrecife,London
"{'ACE', 'LPL'}",250.0,ACE,LPL,Arrecife,Liverpool
"{'ACE', 'LTN'}",257.5,ACE,LTN,Arrecife,London
"{'ACE', 'MAD'}",155.0,ACE,MAD,Arrecife,Madrid
"{'ACE', 'OSL'}",325.0,ACE,OSL,Arrecife,Oslo
"{'AER', 'CEE'}",210.0,AER,CEE,Sochi,Cherepovets
"{'AER', 'DME'}",215.0,AER,DME,Sochi,Moscow
"{'AER', 'KJA'}",325.0,AER,KJA,Sochi,Krasnoyarsk
"{'AER', 'KZN'}",205.0,AER,KZN,Sochi,Kazan
"{'AER', 'LED'}",240.0,AER,LED,Sochi,Saint Petersburg
"{'AER', 'PEE'}",203.75,AER,PEE,Sochi,Perm
"{'AER', 'PKV'}",245.0,AER,PKV,Sochi,Pskov
"{'AER', 'SVO'}",225.83333333333331,AER,SVO,Sochi,Moscow
"{'AER', 'VKO'}",165.0,AER,VKO,Sochi,Moscow
"{'AER', 'ZIA'}",225.0,AER,ZIA,Sochi,Balashikha
"{'AES', 'ALC'}",230.0,AES,ALC,Ålesund,Alicante
"{'AES', 'BGO'}",50.0,AES,BGO,Ålesund,Bergen
"{'BCN', 'AGP'}",97.5,BCN,AGP,Barcelona,Málaga
"{'BOD', 'AGP'}",110.0,BOD,AGP,Bordeaux,Málaga
"{'GOT', 'AGP'}",230.0,GOT,AGP,Gothenburg,Málaga
"{'HAM', 'AGP'}",205.0,HAM,AGP,Hamburg,Málaga
"{'LGW', 'AGP'}",165.0,LGW,AGP,London,Málaga
"{'MAD', 'AGP'}",80.0,MAD,AGP,Madrid,Málaga
"{'AHO', 'BGY'}",77.5,AHO,BGY,Sassari,Monza
"{'AHO', 'FCO'}",65.0,AHO,FCO,Sassari,Rome
"{'AHO', 'LIN'}",70.0,AHO,LIN,Sassari,Milan
"{'AJA', 'MRS'}",50.0,AJA,MRS,Ajaccio,Marseille
"{'AJA', 'NCE'}",50.0,AJA,NCE,Ajaccio,Nice
"{'AJA', 'ORY'}",100.0,AJA,ORY,Ajaccio,Paris
"{'ALC', 'BCN'}",70.0,ALC,BCN,Alicante,Barcelona
"{'BGY', 'ALC'}",130.0,BGY,ALC,Monza,Alicante
"{'ALC', 'BHX'}",160.0,ALC,BHX,Alicante,Birmingham
"{'BRS', 'ALC'}",145.0,BRS,ALC,Bristol,Alicante
"{'ALC', 'BRU'}",150.0,ALC,BRU,Alicante,Brussels
"{'CWL', 'ALC'}",140.0,CWL,ALC,Weston-super-Mare,Alicante
"{'ALC', 'GDN'}",217.5,ALC,GDN,Alicante,Gdańsk
"{'ALC', 'GOT'}",215.0,ALC,GOT,Alicante,Gothenburg
"{'ALC', 'HAM'}",175.0,ALC,HAM,Alicante,Hamburg
"{'ALC', 'LGW'}",155.0,ALC,LGW,Alicante,London
"{'LPL', 'ALC'}",160.0,LPL,ALC,Liverpool,Alicante
"{'ALC', 'MAD'}",70.0,ALC,MAD,Alicante,Madrid
"{'ALC', 'MST'}",155.0,ALC,MST,Alicante,Maastricht
"{'ALC', 'OPO'}",95.0,ALC,OPO,Alicante,Porto
"{'ALC', 'OTP'}",220.0,ALC,OTP,Alicante,Bucharest
"{'ALC', 'WMI'}",205.0,ALC,WMI,Alicante,Warsaw
"{'ABZ', 'AMS'}",95.0,ABZ,AMS,Aberdeen,Amsterdam
"{'AMS', 'AGP'}",187.5,AMS,AGP,Amsterdam,Málaga
"{'AMS', 'ALC'}",172.5,AMS,ALC,Amsterdam,Alicante
"{'AMS', 'ARN'}",130.0,AMS,ARN,Amsterdam,Stockholm
"{'ATH', 'AMS'}",220.0,ATH,AMS,Athens,Amsterdam
"{'AMS', 'BCN'}",142.5,AMS,BCN,Amsterdam,Barcelona
"{'AMS', 'BGO'}",107.5,AMS,BGO,Amsterdam,Bergen
"{'AMS', 'BHX'}",80.0,AMS,BHX,Amsterdam,Birmingham
"{'AMS', 'BLL'}",75.0,AMS,BLL,Amsterdam,Kolding
"{'AMS', 'BOJ'}",200.0,AMS,BOJ,Amsterdam,Burgas
"{'AMS', 'BRS'}",85.0,AMS,BRS,Amsterdam,Bristol
"{'AMS', 'CDG'}",80.0,AMS,CDG,Amsterdam,Paris
"{'AMS', 'CWL'}",80.0,AMS,CWL,Amsterdam,Weston-super-Mare
"{'AMS', 'FLR'}",130.0,AMS,FLR,Amsterdam,Florence
"{'AMS', 'GDN'}",110.0,AMS,GDN,Amsterdam,Gdańsk
"{'AMS', 'GVA'}",97.5,AMS,GVA,Amsterdam,Geneva
"{'AMS', 'HAM'}",70.0,AMS,HAM,Amsterdam,Hamburg
"{'AMS', 'HEL'}",160.0,AMS,HEL,Amsterdam,Helsinki
"{'AMS', 'LGW'}",80.0,AMS,LGW,Amsterdam,London
"{'LTN', 'AMS'}",70.0,LTN,AMS,London,Amsterdam
"{'AMS', 'MUC'}",100.0,AMS,MUC,Amsterdam,Munich
"{'AMS', 'NWI'}",55.0,AMS,NWI,Amsterdam,Norwich
"{'AMS', 'OPO'}",162.5,AMS,OPO,Amsterdam,Porto
"{'AMS', 'OTP'}",185.0,AMS,OTP,Amsterdam,Bucharest
"{'AMS', 'PRG'}",80.0,AMS,PRG,Amsterdam,Prague
"{'AMS', 'RVN'}",185.0,AMS,RVN,Amsterdam,Rovaniemi
"{'AMS', 'SOU'}",75.0,AMS,SOU,Amsterdam,Portsmouth
"{'AMS', 'VLC'}",160.0,AMS,VLC,Amsterdam,Valencia
"{'AMS', 'ZRH'}",102.5,AMS,ZRH,Amsterdam,Zürich
"{'ARH', 'LED'}",90.0,ARH,LED,Arkhangelsk,Saint Petersburg
"{'SVO', 'ARH'}",125.0,SVO,ARH,Moscow,Arkhangelsk
"{'ARN', 'AGP'}",265.0,ARN,AGP,Stockholm,Málaga
"{'ALC', 'ARN'}",245.0,ALC,ARN,Alicante,Stockholm
"{'BGY', 'ARN'}",165.0,BGY,ARN,Monza,Stockholm
"{'ARN', 'GDN'}",82.5,ARN,GDN,Stockholm,Gdańsk
"{'ARN', 'GOT'}",65.0,ARN,GOT,Stockholm,Gothenburg
"{'HEL', 'ARN'}",77.5,HEL,ARN,Helsinki,Stockholm
"{'MUC', 'ARN'}",135.0,MUC,ARN,Munich,Stockholm
"{'ARN', 'POZ'}",100.0,ARN,POZ,Stockholm,Poznań
"{'ARN', 'WMI'}",102.5,ARN,WMI,Stockholm,Warsaw
"{'ASF', 'SVO'}",162.5,ASF,SVO,Astrakhan,Moscow
"{'ATH', 'BCN'}",175.0,ATH,BCN,Athens,Barcelona
"{'ATH', 'BLQ'}",135.0,ATH,BLQ,Athens,Bologna
"{'ATH', 'BRU'}",180.0,ATH,BRU,Athens,Brussels
"{'ATH', 'CDG'}",210.0,ATH,CDG,Athens,Paris
"{'ATH', 'GVA'}",165.0,ATH,GVA,Athens,Geneva
"{'ATH', 'JKH'}",51.66666666666666,ATH,JKH,Athens,Chíos
"{'JMK', 'ATH'}",45.0,JMK,ATH,Ermoúpoli,Athens
"{'KVA', 'ATH'}",75.0,KVA,ATH,Kavála,Athens
"{'ATH', 'LGW'}",230.0,ATH,LGW,Athens,London
"{'ATH', 'MAD'}",245.0,ATH,MAD,Athens,Madrid
"{'ATH', 'OTP'}",95.0,ATH,OTP,Athens,Bucharest
"{'ATH', 'RHO'}",60.0,ATH,RHO,Athens,Ródos
"{'ATH', 'SKG'}",53.333333333333336,ATH,SKG,Athens,Thessaloníki
"{'SMI', 'ATH'}",65.0,SMI,ATH,Kuşadası,Athens
"{'ATH', 'ZRH'}",165.0,ATH,ZRH,Athens,Zürich
"{'AGP', 'BCN'}",92.5,AGP,BCN,Málaga,Barcelona
"{'BLQ', 'BCN'}",100.0,BLQ,BCN,Bologna,Barcelona
"{'BOD', 'BCN'}",75.0,BOD,BCN,Bordeaux,Barcelona
"{'BRU', 'BCN'}",120.0,BRU,BCN,Brussels,Barcelona
"{'CAG', 'BCN'}",90.0,CAG,BCN,Cagliari,Barcelona
"{'CRL', 'BCN'}",115.0,CRL,BCN,Brussels,Barcelona
"{'GOA', 'BCN'}",95.0,GOA,BCN,Genoa,Barcelona
"{'GOT', 'BCN'}",190.0,GOT,BCN,Gothenburg,Barcelona
"{'LGW', 'BCN'}",125.0,LGW,BCN,London,Barcelona
"{'MST', 'BCN'}",120.0,MST,BCN,Maastricht,Barcelona
"{'OPO', 'BCN'}",105.0,OPO,BCN,Porto,Barcelona
"{'OTP', 'BCN'}",205.0,OTP,BCN,Bucharest,Barcelona
"{'BEG', 'ATH'}",100.0,BEG,ATH,Belgrade,Athens
"{'BEG', 'BCN'}",165.0,BEG,BCN,Belgrade,Barcelona
"{'BEG', 'BUD'}",65.0,BEG,BUD,Belgrade,Budapest
"{'BEG', 'BVA'}",152.5,BEG,BVA,Belgrade,Amiens
"{'BEG', 'CDG'}",155.0,BEG,CDG,Belgrade,Paris
"{'BEG', 'INI'}",55.0,BEG,INI,Belgrade,Niš
"{'BEG', 'KZN'}",245.0,BEG,KZN,Belgrade,Kazan
"{'BEG', 'LED'}",172.5,BEG,LED,Belgrade,Saint Petersburg
"{'BEG', 'LIS'}",240.0,BEG,LIS,Belgrade,Lisbon
"{'BEG', 'OSL'}",170.0,BEG,OSL,Belgrade,Oslo
"{'BEG', 'SVO'}",190.0,BEG,SVO,Belgrade,Moscow
"{'BEG', 'TGD'}",53.75,BEG,TGD,Belgrade,Shkodër
"{'BEG', 'VIE'}",90.0,BEG,VIE,Belgrade,Vienna
"{'BEG', 'WAW'}",100.0,BEG,WAW,Belgrade,Warsaw
"{'BEG', 'ZRH'}",100.0,BEG,ZRH,Belgrade,Zürich
"{'BFS', 'ALC'}",177.5,BFS,ALC,Belfast,Alicante
"{'BFS', 'BHX'}",65.0,BFS,BHX,Belfast,Birmingham
"{'BFS', 'EDI'}",52.5,BFS,EDI,Belfast,Dunfermline
"{'BFS', 'GVA'}",135.0,BFS,GVA,Belfast,Geneva
"{'BGC', 'VRL'}",20.0,BGC,VRL,Bragança,Vila Real
"{'AGP', 'BGO'}",240.0,AGP,BGO,Málaga,Bergen
"{'BGY', 'AGP'}",155.0,BGY,AGP,Monza,Málaga
"{'ALC', 'BGY'}",130.0,ALC,BGY,Alicante,Monza
"{'ARN', 'BGY'}",165.0,ARN,BGY,Stockholm,Monza
"{'BGY', 'BCN'}",100.0,BGY,BCN,Monza,Barcelona
"{'BRS', 'BGY'}",120.0,BRS,BGY,Bristol,Monza
"{'BVA', 'BGY'}",90.0,BVA,BGY,Amiens,Monza
"{'BGY', 'CAG'}",90.0,BGY,CAG,Monza,Cagliari
"{'BGY', 'CRL'}",92.5,BGY,CRL,Monza,Brussels
"{'BGY', 'IAS'}",145.0,BGY,IAS,Monza,Iaşi
"{'BGY', 'OPO'}",155.0,BGY,OPO,Monza,Porto
"{'BGY', 'OTP'}",137.5,BGY,OTP,Monza,Bucharest
"{'PSR', 'BGY'}",75.0,PSR,BGY,Pescara,Monza
"{'BGY', 'SUF'}",102.5,BGY,SUF,Monza,Cosenza
"{'BGY', 'VLC'}",122.5,BGY,VLC,Monza,Valencia
"{'BHD', 'AMS'}",92.5,BHD,AMS,Belfast,Amsterdam
"{'BHD', 'BHX'}",75.0,BHD,BHX,Belfast,Birmingham
"{'BHD', 'LGW'}",85.0,BHD,LGW,Belfast,London
"{'BHD', 'LHR'}",80.0,BHD,LHR,Belfast,London
"{'BHD', 'LPL'}",50.0,BHD,LPL,Belfast,Liverpool
"{'BHD', 'MAN'}",65.0,BHD,MAN,Belfast,Manchester
"{'BHX', 'AGP'}",175.0,BHX,AGP,Birmingham,Málaga
"{'BHX', 'BCN'}",130.0,BHX,BCN,Birmingham,Barcelona
"{'BHX', 'CRA'}",210.0,BHX,CRA,Birmingham,Craiova
"{'BHX', 'OPO'}",140.0,BHX,OPO,Birmingham,Porto
"{'BHX', 'OTP'}",215.0,BHX,OTP,Birmingham,Bucharest
"{'BHX', 'POZ'}",135.0,BHX,POZ,Birmingham,Poznań
"{'BHX', 'VLC'}",150.0,BHX,VLC,Birmingham,Valencia
"{'BIO', 'ACE'}",170.0,BIO,ACE,Bilbao,Arrecife
"{'BIO', 'AMS'}",135.0,BIO,AMS,Bilbao,Amsterdam
"{'BIO', 'BCN'}",72.5,BIO,BCN,Bilbao,Barcelona
"{'BIO', 'CDG'}",102.5,BIO,CDG,Bilbao,Paris
"{'BIO', 'LGW'}",108.33333333333331,BIO,LGW,Bilbao,London
"{'BIO', 'MAD'}",67.5,BIO,MAD,Bilbao,Madrid
"{'BIO', 'MUC'}",135.0,BIO,MUC,Bilbao,Munich
"{'BIO', 'OPO'}",77.5,BIO,OPO,Bilbao,Porto
"{'GDN', 'BLL'}",90.0,GDN,BLL,Gdańsk,Kolding
"{'OTP', 'BLL'}",180.0,OTP,BLL,Bucharest,Kolding
"{'CRA', 'BLQ'}",120.0,CRA,BLQ,Craiova,Bologna
"{'BCN', 'BOD'}",80.0,BCN,BOD,Barcelona,Bordeaux
"{'BOH', 'AGP'}",157.5,BOH,AGP,Southampton,Málaga
"{'BRE', 'MUC'}",75.0,BRE,MUC,Bremen,Munich
"{'BRI', 'BGY'}",90.0,BRI,BGY,Bari,Monza
"{'BRI', 'BUD'}",91.66666666666669,BRI,BUD,Bari,Budapest
"{'BRI', 'CRL'}",145.0,BRI,CRL,Bari,Brussels
"{'BRI', 'FCO'}",70.0,BRI,FCO,Bari,Rome
"{'BRI', 'LIN'}",85.0,BRI,LIN,Bari,Milan
"{'BRI', 'MXP'}",97.5,BRI,MXP,Bari,Novara
"{'BRI', 'OTP'}",105.0,BRI,OTP,Bari,Bucharest
"{'BRI', 'TIA'}",60.0,BRI,TIA,Bari,Tirana
"{'BRI', 'TRN'}",97.5,BRI,TRN,Bari,Turin
"{'BRI', 'VCE'}",80.0,BRI,VCE,Bari,Venice
"{'BRI', 'VRN'}",82.5,BRI,VRN,Bari,Verona
"{'BRI', 'WMI'}",130.0,BRI,WMI,Bari,Warsaw
"{'BRS', 'AGP'}",165.0,BRS,AGP,Bristol,Málaga
"{'ALC', 'BRS'}",160.0,ALC,BRS,Alicante,Bristol
"{'BRS', 'BCN'}",125.0,BRS,BCN,Bristol,Barcelona
"{'BGY', 'BRS'}",125.0,BGY,BRS,Monza,Bristol
"{'GNB', 'BRS'}",112.5,GNB,BRS,Grenoble,Bristol
"{'BRS', 'OPO'}",125.0,BRS,OPO,Bristol,Porto
"{'BRS', 'POZ'}",135.0,BRS,POZ,Bristol,Poznań
"{'AGP', 'BRU'}",190.0,AGP,BRU,Málaga,Brussels
"{'BCN', 'BRU'}",130.0,BCN,BRU,Barcelona,Brussels
"{'BSL', 'ACE'}",245.0,BSL,ACE,Freiburg im Breisgau,Arrecife
"{'BSL', 'AMS'}",85.0,BSL,AMS,Freiburg im Breisgau,Amsterdam
"{'BSL', 'CDG'}",75.0,BSL,CDG,Freiburg im Breisgau,Paris
"{'BSL', 'CTA'}",135.0,BSL,CTA,Freiburg im Breisgau,Catania
"{'BSL', 'MUC'}",60.0,BSL,MUC,Freiburg im Breisgau,Munich
"{'BSL', 'OTP'}",152.5,BSL,OTP,Freiburg im Breisgau,Bucharest
"{'BSL', 'PRN'}",130.0,BSL,PRN,Freiburg im Breisgau,Pristina
"{'BSL', 'SUF'}",130.0,BSL,SUF,Freiburg im Breisgau,Cosenza
"{'BTS', 'KUN'}",105.0,BTS,KUN,Bratislava,Kaunas
"{'BTS', 'LTN'}",150.0,BTS,LTN,Bratislava,London
"{'BUD', 'AGP'}",213.75,BUD,AGP,Budapest,Málaga
"{'BUD', 'ARN'}",145.0,BUD,ARN,Budapest,Stockholm
"{'BUD', 'ATH'}",120.0,BUD,ATH,Budapest,Athens
"{'BUD', 'BCN'}",157.5,BUD,BCN,Budapest,Barcelona
"{'BUD', 'BGY'}",94.5,BUD,BGY,Budapest,Monza
"{'BUD', 'BHX'}",165.0,BUD,BHX,Budapest,Birmingham
"{'BUD', 'BLQ'}",90.0,BUD,BLQ,Budapest,Bologna
"{'BUD', 'BRS'}",160.0,BUD,BRS,Budapest,Bristol
"{'BUD', 'CIA'}",100.0,BUD,CIA,Budapest,Rome
"{'BUD', 'CRL'}",122.5,BUD,CRL,Budapest,Brussels
"{'BUD', 'CTA'}",130.0,BUD,CTA,Budapest,Catania
"{'BUD', 'HEL'}",142.5,BUD,HEL,Budapest,Helsinki
"{'BUD', 'LHR'}",170.0,BUD,LHR,Budapest,London
"{'BUD', 'LTN'}",157.5,BUD,LTN,Budapest,London
"{'BUD', 'MAD'}",205.0,BUD,MAD,Budapest,Madrid
"{'BUD', 'MRS'}",130.0,BUD,MRS,Budapest,Marseille
"{'BUD', 'MXP'}",105.0,BUD,MXP,Budapest,Novara
"{'BUD', 'PRG'}",72.5,BUD,PRG,Budapest,Prague
"{'BUD', 'WAW'}",77.5,BUD,WAW,Budapest,Warsaw
"{'BVA', 'BCN'}",105.0,BVA,BCN,Amiens,Barcelona
"{'BGY', 'BVA'}",100.0,BGY,BVA,Monza,Amiens
"{'BVA', 'OPO'}",132.5,BVA,OPO,Amiens,Porto
"{'BZG', 'LTN'}",135.0,BZG,LTN,Bydgoszcz,London
"{'BZO', 'BLL'}",135.0,BZO,BLL,Trento,Kolding
"{'BZR', 'CRL'}",100.0,BZR,CRL,Sète,Brussels
"{'CDG', 'AGP'}",165.0,CDG,AGP,Paris,Málaga
"{'ARN', 'CDG'}",165.0,ARN,CDG,Stockholm,Paris
"{'CDG', 'BCN'}",105.0,CDG,BCN,Paris,Barcelona
"{'CDG', 'BHX'}",85.0,CDG,BHX,Paris,Birmingham
"{'CDG', 'BLQ'}",105.0,CDG,BLQ,Paris,Bologna
"{'CDG', 'BOD'}",85.0,CDG,BOD,Paris,Bordeaux
"{'CDG', 'BRU'}",70.0,CDG,BRU,Paris,Brussels
"{'CDG', 'GOT'}",140.0,CDG,GOT,Paris,Gothenburg
"{'HEL', 'CDG'}",200.0,HEL,CDG,Helsinki,Paris
"{'MUC', 'CDG'}",100.0,MUC,CDG,Munich,Paris
"{'CDG', 'OTP'}",190.0,CDG,OTP,Paris,Bucharest
"{'TOS', 'CDG'}",240.0,TOS,CDG,Tromsø,Paris
"{'CDT', 'NRN'}",152.5,CDT,NRN,Castellón de la Plana,Mönchengladbach
"{'LED', 'CEE'}",55.0,LED,CEE,Saint Petersburg,Cherepovets
"{'CEK', 'LED'}",180.0,CEK,LED,Chelyabinsk,Saint Petersburg
"{'SVO', 'CEK'}",155.0,SVO,CEK,Moscow,Chelyabinsk
"{'CEK', 'VKO'}",152.5,CEK,VKO,Chelyabinsk,Moscow
"{'CFU', 'ATH'}",60.0,CFU,ATH,Sarandë,Athens
"{'CGN', 'AGP'}",180.0,CGN,AGP,Cologne,Málaga
"{'CGN', 'MUC'}",65.0,CGN,MUC,Cologne,Munich
"{'VAR', 'CGN'}",180.0,VAR,CGN,Varna,Cologne
"{'CHQ', 'ATH'}",52.5,CHQ,ATH,Chaniá,Athens
"{'CRL', 'CIA'}",120.0,CRL,CIA,Brussels,Rome
"{'OTP', 'CIA'}",125.0,OTP,CIA,Bucharest,Rome
"{'CLJ', 'BGY'}",121.66666666666669,CLJ,BGY,Cluj-Napoca,Monza
"{'CLJ', 'CIA'}",130.0,CLJ,CIA,Cluj-Napoca,Rome
"{'LTN', 'CLJ'}",175.0,LTN,CLJ,London,Cluj-Napoca
"{'CLJ', 'OTP'}",55.0,CLJ,OTP,Cluj-Napoca,Bucharest
"{'CMF', 'BHX'}",115.0,CMF,BHX,Annecy,Birmingham
"{'CPH', 'AAL'}",48.333333333333336,CPH,AAL,Copenhagen,Aalborg
"{'CPH', 'AAR'}",40.0,CPH,AAR,Copenhagen,Aarhus
"{'CPH', 'AGP'}",220.0,CPH,AGP,Copenhagen,Málaga
"{'CPH', 'ALC'}",200.0,CPH,ALC,Copenhagen,Alicante
"{'CPH', 'AMS'}",87.5,CPH,AMS,Copenhagen,Amsterdam
"{'CPH', 'ARN'}",72.5,CPH,ARN,Copenhagen,Stockholm
"{'CPH', 'BUD'}",115.0,CPH,BUD,Copenhagen,Budapest
"{'CPH', 'BZO'}",130.0,CPH,BZO,Copenhagen,Trento
"{'CPH', 'CDG'}",120.0,CPH,CDG,Copenhagen,Paris
"{'CPH', 'CGN'}",85.0,CPH,CGN,Copenhagen,Cologne
"{'CPH', 'FAO'}",235.0,CPH,FAO,Copenhagen,Faro
"{'CPH', 'FRA'}",90.0,CPH,FRA,Copenhagen,Frankfurt
"{'CPH', 'GDN'}",65.0,CPH,GDN,Copenhagen,Gdańsk
"{'CPH', 'GOT'}",52.5,CPH,GOT,Copenhagen,Gothenburg
"{'CPH', 'GVA'}",123.75,CPH,GVA,Copenhagen,Geneva
"{'CPH', 'HAM'}",60.0,CPH,HAM,Copenhagen,Hamburg
"{'CPH', 'HEL'}",100.0,CPH,HEL,Copenhagen,Helsinki
"{'CPH', 'KRK'}",105.0,CPH,KRK,Copenhagen,Kraków
"{'CPH', 'KUN'}",90.0,CPH,KUN,Copenhagen,Kaunas
"{'CPH', 'LHR'}",125.0,CPH,LHR,Copenhagen,London
"{'CPH', 'MAD'}",195.0,CPH,MAD,Copenhagen,Madrid
"{'CPH', 'MAN'}",120.0,CPH,MAN,Copenhagen,Manchester
"{'CPH', 'MUC'}",100.0,CPH,MUC,Copenhagen,Munich
"{'CPH', 'OPO'}",205.0,CPH,OPO,Copenhagen,Porto
"{'CPH', 'OSL'}",75.0,CPH,OSL,Copenhagen,Oslo
"{'CPH', 'RIX'}",85.0,CPH,RIX,Copenhagen,Riga
"{'CPH', 'STN'}",115.0,CPH,STN,Copenhagen,London
"{'CPH', 'SZG'}",96.66666666666669,CPH,SZG,Copenhagen,Salzburg
"{'CPH', 'VIE'}",102.5,CPH,VIE,Copenhagen,Vienna
"{'CPH', 'ZRH'}",105.0,CPH,ZRH,Copenhagen,Zürich
"{'BLQ', 'CRA'}",110.0,BLQ,CRA,Bologna,Craiova
"{'CRL', 'CRA'}",150.0,CRL,CRA,Brussels,Craiova
"{'BCN', 'CRL'}",135.0,BCN,CRL,Barcelona,Brussels
"{'CIA', 'CRL'}",130.0,CIA,CRL,Rome,Brussels
"{'OTP', 'CRL'}",175.0,OTP,CRL,Bucharest,Brussels
"{'CSY', 'SVO'}",95.0,CSY,SVO,Cheboksary,Moscow
"{'CSY', 'VKO'}",85.0,CSY,VKO,Cheboksary,Moscow
"{'CTA', 'BGY'}",112.5,CTA,BGY,Catania,Monza
"{'CTA', 'BLQ'}",105.0,CTA,BLQ,Catania,Bologna
"{'CTA', 'CRL'}",160.0,CTA,CRL,Catania,Brussels
"{'CTA', 'FLR'}",95.0,CTA,FLR,Catania,Florence
"{'CTA', 'OTP'}",130.0,CTA,OTP,Catania,Bucharest
"{'CTA', 'PRG'}",140.0,CTA,PRG,Catania,Prague
"{'CTA', 'VRN'}",107.5,CTA,VRN,Catania,Verona
"{'DEB', 'LTN'}",167.5,DEB,LTN,Debrecen,London
"{'DME', 'AER'}",217.5,DME,AER,Moscow,Sochi
"{'DME', 'ARH'}",110.0,DME,ARH,Moscow,Arkhangelsk
"{'DME', 'GRV'}",185.0,DME,GRV,Moscow,Groznyy
"{'DME', 'HTA'}",402.5,DME,HTA,Moscow,Chita
"{'DME', 'IJK'}",100.0,DME,IJK,Moscow,Izhevsk
"{'DME', 'KZN'}",105.0,DME,KZN,Moscow,Kazan
"{'DME', 'LED'}",96.25,DME,LED,Moscow,Saint Petersburg
"{'DME', 'MMK'}",165.0,DME,MMK,Moscow,Murmansk
"{'DME', 'MSQ'}",85.0,DME,MSQ,Moscow,Horad Zhodzina
"{'DME', 'NOZ'}",277.5,DME,NOZ,Moscow,Novokuznetsk
"{'DME', 'PEE'}",145.0,DME,PEE,Moscow,Perm
"{'DME', 'PEZ'}",80.0,DME,PEZ,Moscow,Penza
"{'DME', 'VOG'}",110.0,DME,VOG,Moscow,Volgograd
"{'DTM', 'BEG'}",125.0,DTM,BEG,Dortmund,Belgrade
"{'DTM', 'BUD'}",105.0,DTM,BUD,Dortmund,Budapest
"{'DTM', 'CLJ'}",130.0,DTM,CLJ,Dortmund,Cluj-Napoca
"{'DTM', 'FCO'}",125.0,DTM,FCO,Dortmund,Rome
"{'DTM', 'GDN'}",95.0,DTM,GDN,Dortmund,Gdańsk
"{'DTM', 'KTW'}",95.0,DTM,KTW,Dortmund,Katowice
"{'DTM', 'SZY'}",107.5,DTM,SZY,Dortmund,Szczytno
"{'DTM', 'TZL'}",130.0,DTM,TZL,Dortmund,Banja Koviljača
"{'DTM', 'VNO'}",125.0,DTM,VNO,Dortmund,Vilnius
"{'DUS', 'ACE'}",265.0,DUS,ACE,Cologne,Arrecife
"{'DUS', 'AMS'}",55.0,DUS,AMS,Cologne,Amsterdam
"{'DUS', 'CDG'}",75.0,DUS,CDG,Cologne,Paris
"{'DUS', 'CPH'}",75.0,DUS,CPH,Cologne,Copenhagen
"{'DUS', 'FRA'}",50.0,DUS,FRA,Cologne,Frankfurt
"{'DUS', 'HEL'}",140.0,DUS,HEL,Cologne,Helsinki
"{'DUS', 'KIV'}",160.0,DUS,KIV,Cologne,Chisinau
"{'DUS', 'LHR'}",85.0,DUS,LHR,Cologne,London
"{'DUS', 'LIS'}",185.0,DUS,LIS,Cologne,Lisbon
"{'DUS', 'MAD'}",160.0,DUS,MAD,Cologne,Madrid
"{'DUS', 'MUC'}",70.0,DUS,MUC,Cologne,Munich
"{'DUS', 'PRN'}",162.5,DUS,PRN,Cologne,Pristina
"{'DUS', 'TIA'}",145.0,DUS,TIA,Cologne,Tirana
"{'DUS', 'TOS'}",210.0,DUS,TOS,Cologne,Tromsø
"{'DUS', 'VIE'}",95.0,DUS,VIE,Cologne,Vienna
"{'DUS', 'ZRH'}",70.0,DUS,ZRH,Cologne,Zürich
"{'EAS', 'BCN'}",65.0,EAS,BCN,Donostia,Barcelona
"{'EAS', 'MAD'}",65.0,EAS,MAD,Donostia,Madrid
"{'EDI', 'AGP'}",200.0,EDI,AGP,Dunfermline,Málaga
"{'EDI', 'BCN'}",160.0,EDI,BCN,Dunfermline,Barcelona
"{'EDI', 'BHX'}",65.0,EDI,BHX,Dunfermline,Birmingham
"{'EDI', 'BRS'}",75.0,EDI,BRS,Dunfermline,Bristol
"{'EDI', 'CRL'}",105.0,EDI,CRL,Dunfermline,Brussels
"{'EDI', 'GOT'}",112.5,EDI,GOT,Dunfermline,Gothenburg
"{'EDI', 'GVA'}",137.5,EDI,GVA,Dunfermline,Geneva
"{'EDI', 'LGW'}",85.0,EDI,LGW,Dunfermline,London
"{'EDI', 'MAD'}",175.0,EDI,MAD,Dunfermline,Madrid
"{'EIN', 'AGP'}",177.5,EIN,AGP,Eindhoven,Málaga
"{'EIN', 'ALC'}",155.0,EIN,ALC,Eindhoven,Alicante
"{'EIN', 'ATH'}",175.0,EIN,ATH,Eindhoven,Athens
"{'EIN', 'BGY'}",97.5,EIN,BGY,Eindhoven,Monza
"{'EIN', 'BUD'}",120.0,EIN,BUD,Eindhoven,Budapest
"{'EIN', 'CLJ'}",140.0,EIN,CLJ,Eindhoven,Cluj-Napoca
"{'EIN', 'DEB'}",130.0,EIN,DEB,Eindhoven,Debrecen
"{'EIN', 'KRK'}",115.0,EIN,KRK,Eindhoven,Kraków
"{'EIN', 'LIS'}",175.0,EIN,LIS,Eindhoven,Lisbon
"{'EIN', 'SZG'}",85.0,EIN,SZG,Eindhoven,Salzburg
"{'EIN', 'VNO'}",137.5,EIN,VNO,Eindhoven,Vilnius
"{'EMA', 'ACE'}",252.5,EMA,ACE,Nottingham,Arrecife
"{'EMA', 'AGP'}",180.0,EMA,AGP,Nottingham,Málaga
"{'EMA', 'ALC'}",165.0,EMA,ALC,Nottingham,Alicante
"{'EMA', 'BFS'}",65.0,EMA,BFS,Nottingham,Belfast
"{'EMA', 'GVA'}",112.5,EMA,GVA,Nottingham,Geneva
"{'EMA', 'ORY'}",105.0,EMA,ORY,Nottingham,Paris
"{'EMA', 'RZE'}",165.0,EMA,RZE,Nottingham,Rzeszów
"{'FAO', 'AMS'}",190.0,FAO,AMS,Faro,Amsterdam
"{'FAO', 'BFS'}",188.75,FAO,BFS,Faro,Belfast
"{'FAO', 'GLA'}",200.0,FAO,GLA,Faro,Paisley
"{'FAO', 'LIS'}",47.5,FAO,LIS,Faro,Lisbon
"{'FAO', 'LPL'}",180.0,FAO,LPL,Faro,Liverpool
"{'FAO', 'LTN'}",172.5,FAO,LTN,Faro,London
"{'FAO', 'NRN'}",187.5,FAO,NRN,Faro,Mönchengladbach
"{'FCO', 'AGP'}",157.5,FCO,AGP,Rome,Málaga
"{'FCO', 'AHO'}",65.0,FCO,AHO,Rome,Sassari
"{'FCO', 'AMS'}",155.0,FCO,AMS,Rome,Amsterdam
"{'FCO', 'AOI'}",65.0,FCO,AOI,Rome,Ancona
"{'FCO', 'ATH'}",125.0,FCO,ATH,Rome,Athens
"{'FCO', 'BCN'}",105.0,FCO,BCN,Rome,Barcelona
"{'FCO', 'BLQ'}",60.0,FCO,BLQ,Rome,Bologna
"{'FCO', 'BRU'}",125.0,FCO,BRU,Rome,Brussels
"{'FCO', 'BUD'}",105.0,FCO,BUD,Rome,Budapest
"{'FCO', 'CAG'}",65.0,FCO,CAG,Rome,Cagliari
"{'FCO', 'CDG'}",127.5,FCO,CDG,Rome,Paris
"{'FCO', 'CGN'}",120.0,FCO,CGN,Rome,Cologne
"{'FCO', 'CTA'}",80.0,FCO,CTA,Rome,Catania
"{'FCO', 'EIN'}",130.0,FCO,EIN,Rome,Eindhoven
"{'FCO', 'FLR'}",55.0,FCO,FLR,Rome,Florence
"{'FCO', 'FMM'}",90.0,FCO,FMM,Rome,Ulm
"{'FCO', 'GOA'}",65.0,FCO,GOA,Rome,Genoa
"{'FCO', 'KIV'}",160.0,FCO,KIV,Rome,Chisinau
"{'FCO', 'LGW'}",150.0,FCO,LGW,Rome,London
"{'FCO', 'LHR'}",160.0,FCO,LHR,Rome,London
"{'FCO', 'LIN'}",70.0,FCO,LIN,Rome,Milan
"{'FCO', 'LIS'}",185.0,FCO,LIS,Rome,Lisbon
"{'FCO', 'LYS'}",95.0,FCO,LYS,Rome,Lyon
"{'FCO', 'MAD'}",152.5,FCO,MAD,Rome,Madrid
"{'FCO', 'MRS'}",87.5,FCO,MRS,Rome,Marseille
"{'FCO', 'MUC'}",90.0,FCO,MUC,Rome,Munich
"{'FCO', 'NCE'}",70.0,FCO,NCE,Rome,Nice
"{'FCO', 'ORY'}",115.0,FCO,ORY,Rome,Paris
"{'FCO', 'OTP'}",140.0,FCO,OTP,Rome,Bucharest
"{'FCO', 'PMO'}",67.5,FCO,PMO,Rome,Palermo
"{'FCO', 'POZ'}",140.0,FCO,POZ,Rome,Poznań
"{'FCO', 'PRG'}",110.0,FCO,PRG,Rome,Prague
"{'FCO', 'RDO'}",135.0,FCO,RDO,Rome,Radom
"{'FCO', 'SCV'}",142.5,FCO,SCV,Rome,Botoşani
"{'FCO', 'SUF'}",70.0,FCO,SUF,Rome,Cosenza
"{'FCO', 'TIA'}",80.0,FCO,TIA,Rome,Tirana
"{'FCO', 'TRN'}",75.0,FCO,TRN,Rome,Turin
"{'FCO', 'TRS'}",65.0,FCO,TRS,Rome,Trieste
"{'FCO', 'VIE'}",102.5,FCO,VIE,Rome,Vienna
"{'FCO', 'VLC'}",125.0,FCO,VLC,Rome,Valencia
"{'FCO', 'VRN'}",60.0,FCO,VRN,Rome,Verona
"{'FCO', 'WAW'}",145.0,FCO,WAW,Rome,Warsaw
"{'FCO', 'ZRH'}",95.0,FCO,ZRH,Rome,Zürich
"{'FKB', 'ALC'}",142.5,FKB,ALC,Karlsruhe,Alicante
"{'FKB', 'OPO'}",160.0,FKB,OPO,Karlsruhe,Porto
"{'FLR', 'CDG'}",110.0,FLR,CDG,Florence,Paris
"{'FLR', 'LGW'}",130.0,FLR,LGW,Florence,London
"{'FLR', 'MAD'}",145.0,FLR,MAD,Florence,Madrid
"{'FLR', 'MUC'}",75.0,FLR,MUC,Florence,Munich
"{'FMM', 'CLJ'}",115.0,FMM,CLJ,Ulm,Cluj-Napoca
"{'FMM', 'OPO'}",170.0,FMM,OPO,Ulm,Porto
"{'FMM', 'OTP'}",135.0,FMM,OTP,Ulm,Bucharest
"{'FMM', 'TZL'}",97.5,FMM,TZL,Ulm,Banja Koviljača
"{'FNC', 'AMS'}",250.0,FNC,AMS,Funchal,Amsterdam
"{'FNC', 'BRS'}",217.5,FNC,BRS,Funchal,Bristol
"{'FNC', 'BSL'}",235.0,FNC,BSL,Funchal,Freiburg im Breisgau
"{'FNC', 'BUD'}",295.0,FNC,BUD,Funchal,Budapest
"{'FNC', 'KTW'}",305.0,FNC,KTW,Funchal,Katowice
"{'FNC', 'LIS'}",103.33333333333331,FNC,LIS,Funchal,Lisbon
"{'FNC', 'MAD'}",145.0,FNC,MAD,Funchal,Madrid
"{'FNC', 'OPO'}",115.0,FNC,OPO,Funchal,Porto
"{'FNC', 'ORY'}",215.0,FNC,ORY,Funchal,Paris
"{'FRA', 'ACE'}",270.0,FRA,ACE,Frankfurt,Arrecife
"{'FRA', 'AGP'}",185.0,FRA,AGP,Frankfurt,Málaga
"{'FRA', 'ALC'}",165.0,FRA,ALC,Frankfurt,Alicante
"{'FRA', 'AMS'}",75.0,FRA,AMS,Frankfurt,Amsterdam
"{'FRA', 'ARN'}",132.5,FRA,ARN,Frankfurt,Stockholm
"{'FRA', 'BCN'}",130.0,FRA,BCN,Frankfurt,Barcelona
"{'FRA', 'BLQ'}",90.0,FRA,BLQ,Frankfurt,Bologna
"{'FRA', 'BRE'}",60.0,FRA,BRE,Frankfurt,Bremen
"{'FRA', 'BRS'}",97.5,FRA,BRS,Frankfurt,Bristol
"{'FRA', 'BRU'}",60.0,FRA,BRU,Frankfurt,Brussels
"{'FRA', 'BSL'}",55.0,FRA,BSL,Frankfurt,Freiburg im Breisgau
"{'FRA', 'BUD'}",100.0,FRA,BUD,Frankfurt,Budapest
"{'FRA', 'CDG'}",75.0,FRA,CDG,Frankfurt,Paris
"{'FRA', 'DRS'}",65.0,FRA,DRS,Frankfurt,Dresden
"{'FRA', 'DUS'}",50.0,FRA,DUS,Frankfurt,Cologne
"{'FRA', 'FLR'}",92.5,FRA,FLR,Frankfurt,Florence
"{'FRA', 'GOT'}",105.0,FRA,GOT,Frankfurt,Gothenburg
"{'FRA', 'GRZ'}",85.0,FRA,GRZ,Frankfurt,Graz
"{'FRA', 'GVA'}",65.0,FRA,GVA,Frankfurt,Geneva
"{'FRA', 'HAM'}",67.5,FRA,HAM,Frankfurt,Hamburg
"{'FRA', 'HEL'}",160.0,FRA,HEL,Frankfurt,Helsinki
"{'FRA', 'HHN'}",45.0,FRA,HHN,Frankfurt,Koblenz
"{'FRA', 'KRK'}",97.5,FRA,KRK,Frankfurt,Kraków
"{'FRA', 'LEJ'}",60.0,FRA,LEJ,Frankfurt,Leipzig
"{'FRA', 'LGW'}",90.0,FRA,LGW,Frankfurt,London
"{'FRA', 'LHR'}",105.0,FRA,LHR,Frankfurt,London
"{'FRA', 'LIN'}",77.5,FRA,LIN,Frankfurt,Milan
"{'FRA', 'MAN'}",105.0,FRA,MAN,Frankfurt,Manchester
"{'FRA', 'MUC'}",65.0,FRA,MUC,Frankfurt,Munich
"{'FRA', 'MXP'}",80.0,FRA,MXP,Frankfurt,Novara
"{'FRA', 'NUE'}",45.0,FRA,NUE,Frankfurt,Nuremberg
"{'FRA', 'OSL'}",140.0,FRA,OSL,Frankfurt,Oslo
"{'FRA', 'POZ'}",90.0,FRA,POZ,Frankfurt,Poznań
"{'FRA', 'PRG'}",70.0,FRA,PRG,Frankfurt,Prague
"{'FRA', 'STR'}",50.0,FRA,STR,Frankfurt,Stuttgart
"{'FRA', 'SZG'}",65.0,FRA,SZG,Frankfurt,Salzburg
"{'FRA', 'TLL'}",155.0,FRA,TLL,Frankfurt,Tallinn
"{'FRA', 'TRN'}",80.0,FRA,TRN,Frankfurt,Turin
"{'FRA', 'VIE'}",86.66666666666667,FRA,VIE,Frankfurt,Vienna
"{'FRA', 'WAW'}",120.0,FRA,WAW,Frankfurt,Warsaw
"{'FRA', 'WRO'}",85.0,FRA,WRO,Frankfurt,Wrocław
"{'FRA', 'ZAG'}",95.0,FRA,ZAG,Frankfurt,Bistrica ob Sotli
"{'FRA', 'ZRH'}",60.0,FRA,ZRH,Frankfurt,Zürich
"{'NCE', 'FSC'}",55.0,NCE,FSC,Nice,Ajaccio
"{'AGP', 'GDN'}",245.0,AGP,GDN,Málaga,Gdańsk
"{'GDZ', 'LED'}",180.0,GDZ,LED,Novorossiysk,Saint Petersburg
"{'GLA', 'ACE'}",280.0,GLA,ACE,Paisley,Arrecife
"{'GLA', 'AMS'}",92.5,GLA,AMS,Paisley,Amsterdam
"{'GLA', 'BRS'}",75.0,GLA,BRS,Paisley,Bristol
"{'GLA', 'CDG'}",110.0,GLA,CDG,Paisley,Paris
"{'GLA', 'GVA'}",137.5,GLA,GVA,Paisley,Geneva
"{'GLA', 'LTN'}",75.0,GLA,LTN,Paisley,London
"{'BRS', 'GNB'}",100.0,BRS,GNB,Bristol,Grenoble
"{'BCN', 'GOA'}",95.0,BCN,GOA,Barcelona,Genoa
"{'GOJ', 'LED'}",125.0,GOJ,LED,Nizhniy Novgorod,Saint Petersburg
"{'GOJ', 'SVO'}",80.0,GOJ,SVO,Nizhniy Novgorod,Moscow
"{'GOJ', 'VOG'}",102.5,GOJ,VOG,Nizhniy Novgorod,Volgograd
"{'AGP', 'GOT'}",235.0,AGP,GOT,Málaga,Gothenburg
"{'BGO', 'GOT'}",75.0,BGO,GOT,Bergen,Gothenburg
"{'GRO', 'BHX'}",135.0,GRO,BHX,Mataró,Birmingham
"{'GRX', 'BCN'}",87.5,GRX,BCN,Granada,Barcelona
"{'GRX', 'MAD'}",70.0,GRX,MAD,Granada,Madrid
"{'GVA', 'ARN'}",160.0,GVA,ARN,Geneva,Stockholm
"{'GVA', 'BCN'}",90.0,GVA,BCN,Geneva,Barcelona
"{'GVA', 'BHX'}",110.0,GVA,BHX,Geneva,Birmingham
"{'GVA', 'BOH'}",100.0,GVA,BOH,Geneva,Southampton
"{'GVA', 'BRS'}",105.0,GVA,BRS,Geneva,Bristol
"{'GVA', 'BRU'}",80.0,GVA,BRU,Geneva,Brussels
"{'GVA', 'GOT'}",135.0,GVA,GOT,Geneva,Gothenburg
"{'GVA', 'LGW'}",97.5,GVA,LGW,Geneva,London
"{'GVA', 'LPL'}",115.0,GVA,LPL,Geneva,Liverpool
"{'GVA', 'MAD'}",125.0,GVA,MAD,Geneva,Madrid
"{'GVA', 'MUC'}",75.0,GVA,MUC,Geneva,Munich
"{'GVA', 'OPO'}",135.0,GVA,OPO,Geneva,Porto
"{'GVA', 'PRN'}",137.5,GVA,PRN,Geneva,Pristina
"{'GVA', 'SOU'}",100.0,GVA,SOU,Geneva,Portsmouth
"{'HAJ', 'FRA'}",55.0,HAJ,FRA,Hannover,Frankfurt
"{'HAJ', 'MUC'}",70.0,HAJ,MUC,Hannover,Munich
"{'AGP', 'HAM'}",200.0,AGP,HAM,Málaga,Hamburg
"{'HAU', 'BGO'}",30.0,HAU,BGO,Haugesund,Bergen
"{'ARN', 'HEL'}",65.0,ARN,HEL,Stockholm,Helsinki
"{'HEL', 'BCN'}",245.0,HEL,BCN,Helsinki,Barcelona
"{'HEL', 'BRU'}",157.5,HEL,BRU,Helsinki,Brussels
"{'CDG', 'HEL'}",170.0,CDG,HEL,Paris,Helsinki
"{'HEL', 'GOT'}",122.5,HEL,GOT,Helsinki,Gothenburg
"{'HEL', 'HAM'}",117.5,HEL,HAM,Helsinki,Hamburg
"{'HEL', 'MAD'}",265.0,HEL,MAD,Helsinki,Madrid
"{'OUL', 'HEL'}",62.5,OUL,HEL,Oulu,Helsinki
"{'RVN', 'HEL'}",77.5,RVN,HEL,Rovaniemi,Helsinki
"{'HHN', 'AGP'}",175.0,HHN,AGP,Koblenz,Málaga
"{'INI', 'HHN'}",135.0,INI,HHN,Niš,Koblenz
"{'IAS', 'CIA'}",140.0,IAS,CIA,Iaşi,Rome
"{'IAS', 'OTP'}",70.0,IAS,OTP,Iaşi,Bucharest
"{'IBZ', 'BCN'}",55.0,IBZ,BCN,Ibiza,Barcelona
"{'IBZ', 'MAD'}",75.0,IBZ,MAD,Ibiza,Madrid
"{'IBZ', 'VLC'}",50.0,IBZ,VLC,Ibiza,Valencia
"{'HHN', 'INI'}",130.0,HHN,INI,Koblenz,Niš
"{'INI', 'LJU'}",112.5,INI,LJU,Niš,Ljubljana
"{'INN', 'BRS'}",127.5,INN,BRS,Innsbruck,Bristol
"{'INN', 'EDI'}",155.0,INN,EDI,Innsbruck,Dunfermline
"{'INN', 'FRA'}",65.0,INN,FRA,Innsbruck,Frankfurt
"{'INN', 'LGW'}",123.33333333333331,INN,LGW,Innsbruck,London
"{'INN', 'MAN'}",140.0,INN,MAN,Innsbruck,Manchester
"{'INN', 'VIE'}",57.5,INN,VIE,Innsbruck,Vienna
"{'INV', 'LGW'}",97.5,INV,LGW,Forres,London
"{'IOA', 'ATH'}",72.5,IOA,ATH,Ioánnina,Athens
"{'IWA', 'LED'}",105.0,IWA,LED,Ivanovo,Saint Petersburg
"{'ATH', 'JMK'}",45.0,ATH,JMK,Athens,Ermoúpoli
"{'JTR', 'ATH'}",55.0,JTR,ATH,Firá,Athens
"{'KGD', 'LED'}",105.0,KGD,LED,Kaliningrad,Saint Petersburg
"{'VKO', 'KGD'}",115.0,VKO,KGD,Moscow,Kaliningrad
"{'KGS', 'ATH'}",61.66666666666666,KGS,ATH,Bodrum,Athens
"{'KGS', 'RHO'}",30.0,KGS,RHO,Bodrum,Ródos
"{'KGS', 'SKG'}",97.5,KGS,SKG,Bodrum,Thessaloníki
"{'KIV', 'CDG'}",195.0,KIV,CDG,Chisinau,Paris
"{'KIV', 'LIS'}",270.0,KIV,LIS,Chisinau,Lisbon
"{'KIV', 'OTP'}",72.5,KIV,OTP,Chisinau,Bucharest
"{'KJA', 'LED'}",297.5,KJA,LED,Krasnoyarsk,Saint Petersburg
"{'SVO', 'KJA'}",292.5,SVO,KJA,Moscow,Krasnoyarsk
"{'KJA', 'VKO'}",286.6666666666667,KJA,VKO,Krasnoyarsk,Moscow
"{'KRK', 'AGP'}",222.5,KRK,AGP,Kraków,Málaga
"{'KRK', 'AMS'}",120.0,KRK,AMS,Kraków,Amsterdam
"{'KRK', 'ARN'}",120.0,KRK,ARN,Kraków,Stockholm
"{'KRK', 'BCN'}",167.5,KRK,BCN,Kraków,Barcelona
"{'KRK', 'BGY'}",107.5,KRK,BGY,Kraków,Monza
"{'KRK', 'BHX'}",152.5,KRK,BHX,Kraków,Birmingham
"{'KRK', 'BLQ'}",105.0,KRK,BLQ,Kraków,Bologna
"{'KRK', 'BVA'}",135.0,KRK,BVA,Kraków,Amiens
"{'KRK', 'CAG'}",147.5,KRK,CAG,Kraków,Cagliari
"{'KRK', 'CIA'}",120.0,KRK,CIA,Kraków,Rome
"{'KRK', 'CRL'}",120.0,KRK,CRL,Kraków,Brussels
"{'KRK', 'EDI'}",165.0,KRK,EDI,Kraków,Dunfermline
"{'KRK', 'EIN'}",120.0,KRK,EIN,Kraków,Eindhoven
"{'KRK', 'GOT'}",107.5,KRK,GOT,Kraków,Gothenburg
"{'KRK', 'LGW'}",155.0,KRK,LGW,Kraków,London
"{'KRK', 'LIL'}",127.5,KRK,LIL,Kraków,Lille
"{'KRK', 'LTN'}",147.5,KRK,LTN,Kraków,London
"{'KRK', 'NYO'}",110.0,KRK,NYO,Kraków,Nyköping
"{'KRK', 'OSL'}",137.5,KRK,OSL,Kraków,Oslo
"{'KRK', 'PSA'}",115.0,KRK,PSA,Kraków,Livorno
"{'KRK', 'TGD'}",100.0,KRK,TGD,Kraków,Shkodër
"{'KRK', 'TLS'}",160.0,KRK,TLS,Kraków,Toulouse
"{'KRK', 'VIE'}",62.5,KRK,VIE,Kraków,Vienna
"{'KRK', 'VLC'}",185.0,KRK,VLC,Kraków,Valencia
"{'KRK', 'WAW'}",55.0,KRK,WAW,Kraków,Warsaw
"{'KRR', 'SVO'}",140.0,KRR,SVO,Krasnodar,Moscow
"{'KRR', 'VKO'}",132.5,KRR,VKO,Krasnodar,Moscow
"{'KRS', 'AMS'}",90.0,KRS,AMS,Kristiansand,Amsterdam
"{'KRS', 'BGO'}",50.0,KRS,BGO,Kristiansand,Bergen
"{'KSC', 'PRG'}",75.0,KSC,PRG,Košice,Prague
"{'KTW', 'ALC'}",195.0,KTW,ALC,Katowice,Alicante
"{'KTW', 'ATH'}",155.0,KTW,ATH,Katowice,Athens
"{'KTW', 'CTA'}",153.33333333333334,KTW,CTA,Katowice,Catania
"{'KTW', 'LTN'}",147.5,KTW,LTN,Katowice,London
"{'KUF', 'LED'}",143.75,KUF,LED,Samara,Saint Petersburg
"{'KUN', 'BGY'}",145.0,KUN,BGY,Kaunas,Monza
"{'KUO', 'HEL'}",60.0,KUO,HEL,Kuopio,Helsinki
"{'ATH', 'KVA'}",70.0,ATH,KVA,Athens,Kavála
"{'KVX', 'LED'}",120.0,KVX,LED,Kirov,Saint Petersburg
"{'KVX', 'SVO'}",107.5,KVX,SVO,Kirov,Moscow
"{'KVX', 'VKO'}",102.5,KVX,VKO,Kirov,Moscow
"{'KZN', 'KUF'}",50.0,KZN,KUF,Kazan,Samara
"{'KZN', 'LED'}",135.0,KZN,LED,Kazan,Saint Petersburg
"{'KZN', 'SVO'}",105.0,KZN,SVO,Kazan,Moscow
"{'KZN', 'VKO'}",105.0,KZN,VKO,Kazan,Moscow
"{'LBA', 'ACE'}",270.0,LBA,ACE,Bradford,Arrecife
"{'LBA', 'ALC'}",167.5,LBA,ALC,Bradford,Alicante
"{'LBA', 'AMS'}",80.0,LBA,AMS,Bradford,Amsterdam
"{'LBA', 'CMF'}",120.0,LBA,CMF,Bradford,Annecy
"{'LBA', 'FAO'}",182.5,LBA,FAO,Bradford,Faro
"{'LBA', 'KRK'}",152.5,LBA,KRK,Bradford,Kraków
"{'LBA', 'POZ'}",130.0,LBA,POZ,Bradford,Poznań
"{'LCG', 'MAD'}",76.66666666666667,LCG,MAD,A Coruña,Madrid
"{'CEE', 'LED'}",55.0,CEE,LED,Cherepovets,Saint Petersburg
"{'MMK', 'LED'}",110.0,MMK,LED,Murmansk,Saint Petersburg
"{'LEI', 'MAD'}",75.0,LEI,MAD,Almería,Madrid
"{'LGG', 'AGP'}",190.0,LGG,AGP,Maastricht,Málaga
"{'AGP', 'LGW'}",170.0,AGP,LGW,Málaga,London
"{'BCN', 'LGW'}",135.0,BCN,LGW,Barcelona,London
"{'OTP', 'LGW'}",225.0,OTP,LGW,Bucharest,London
"{'LHR', 'ABZ'}",95.0,LHR,ABZ,London,Aberdeen
"{'LHR', 'AGP'}",185.0,LHR,AGP,London,Málaga
"{'LHR', 'AMS'}",85.0,LHR,AMS,London,Amsterdam
"{'LHR', 'ARN'}",160.0,LHR,ARN,London,Stockholm
"{'LHR', 'ATH'}",245.0,LHR,ATH,London,Athens
"{'LHR', 'BCN'}",145.0,LHR,BCN,London,Barcelona
"{'LHR', 'BLL'}",110.0,LHR,BLL,London,Kolding
"{'LHR', 'BLQ'}",145.0,LHR,BLQ,London,Bologna
"{'LHR', 'BRU'}",71.66666666666667,LHR,BRU,London,Brussels
"{'BSL', 'LHR'}",100.0,BSL,LHR,Freiburg im Breisgau,London
"{'LHR', 'EDI'}",85.0,LHR,EDI,London,Dunfermline
"{'LHR', 'GIB'}",185.0,LHR,GIB,London,Algeciras
"{'LHR', 'GLA'}",87.5,LHR,GLA,London,Paisley
"{'LHR', 'GNB'}",110.0,LHR,GNB,London,Grenoble
"{'LHR', 'GOT'}",127.5,LHR,GOT,London,Gothenburg
"{'LHR', 'GVA'}",102.5,LHR,GVA,London,Geneva
"{'LHR', 'LIN'}",120.0,LHR,LIN,London,Milan
"{'LIS', 'LHR'}",170.0,LIS,LHR,Lisbon,London
"{'LHR', 'LYS'}",112.5,LHR,LYS,London,Lyon
"{'LHR', 'MAD'}",147.5,LHR,MAD,London,Madrid
"{'LHR', 'MXP'}",130.0,LHR,MXP,London,Novara
"{'LHR', 'NCE'}",130.0,LHR,NCE,London,Nice
"{'LHR', 'NCL'}",77.5,LHR,NCL,London,Gateshead
"{'LHR', 'OSL'}",147.5,LHR,OSL,London,Oslo
"{'LHR', 'OTP'}",200.0,LHR,OTP,London,Bucharest
"{'LHR', 'SZG'}",130.0,LHR,SZG,London,Salzburg
"{'LHR', 'TLS'}",115.0,LHR,TLS,London,Toulouse
"{'LHR', 'VIE'}",140.0,LHR,VIE,London,Vienna
"{'LHR', 'ZRH'}",107.5,LHR,ZRH,London,Zürich
"{'LIL', 'GVA'}",80.0,LIL,GVA,Lille,Geneva
"{'LIN', 'AMS'}",115.0,LIN,AMS,Milan,Amsterdam
"{'LIN', 'BRU'}",85.0,LIN,BRU,Milan,Brussels
"{'LIN', 'CAG'}",82.5,LIN,CAG,Milan,Cagliari
"{'LIN', 'CDG'}",95.0,LIN,CDG,Milan,Paris
"{'LIN', 'CTA'}",115.0,LIN,CTA,Milan,Catania
"{'LIN', 'HEL'}",185.0,LIN,HEL,Milan,Helsinki
"{'LIN', 'MAD'}",145.0,LIN,MAD,Milan,Madrid
"{'LIN', 'MUC'}",70.0,LIN,MUC,Milan,Munich
"{'LIN', 'REG'}",100.0,LIN,REG,Milan,Messina
"{'LIN', 'SUF'}",97.5,LIN,SUF,Milan,Cosenza
"{'LIS', 'ALC'}",105.0,LIS,ALC,Lisbon,Alicante
"{'LIS', 'AMS'}",190.0,LIS,AMS,Lisbon,Amsterdam
"{'LIS', 'BCN'}",117.5,LIS,BCN,Lisbon,Barcelona
"{'LIS', 'BGY'}",175.0,LIS,BGY,Lisbon,Monza
"{'LIS', 'BOD'}",115.0,LIS,BOD,Lisbon,Bordeaux
"{'LIS', 'BRU'}",170.0,LIS,BRU,Lisbon,Brussels
"{'LIS', 'CDG'}",155.0,LIS,CDG,Lisbon,Paris
"{'LIS', 'CGN'}",185.0,LIS,CGN,Lisbon,Cologne
"{'LIS', 'CIA'}",190.0,LIS,CIA,Lisbon,Rome
"{'LIS', 'GVA'}",155.0,LIS,GVA,Lisbon,Geneva
"{'LIS', 'HEL'}",275.0,LIS,HEL,Lisbon,Helsinki
"{'LIS', 'LGW'}",155.0,LIS,LGW,Lisbon,London
"{'LHR', 'LIS'}",165.0,LHR,LIS,London,Lisbon
"{'LIS', 'LUX'}",160.0,LIS,LUX,Lisbon,Trier
"{'LIS', 'LYS'}",145.0,LIS,LYS,Lisbon,Lyon
"{'LIS', 'MAD'}",80.0,LIS,MAD,Lisbon,Madrid
"{'LIS', 'MUC'}",190.0,LIS,MUC,Lisbon,Munich
"{'LIS', 'MXP'}",175.0,LIS,MXP,Lisbon,Novara
"{'LIS', 'OPO'}",60.0,LIS,OPO,Lisbon,Porto
"{'LIS', 'ORY'}",151.25,LIS,ORY,Lisbon,Paris
"{'LIS', 'OSL'}",250.0,LIS,OSL,Lisbon,Oslo
"{'LIS', 'PDL'}",137.5,LIS,PDL,Lisbon,Ponta Delgada
"{'LIS', 'VIE'}",215.0,LIS,VIE,Lisbon,Vienna
"{'LIS', 'VLC'}",92.5,LIS,VLC,Lisbon,Valencia
"{'LIS', 'WMI'}",250.0,LIS,WMI,Lisbon,Warsaw
"{'LIS', 'ZRH'}",170.0,LIS,ZRH,Lisbon,Zürich
"{'LLA', 'ARN'}",80.0,LLA,ARN,Luleå,Stockholm
"{'ALC', 'LPL'}",170.0,ALC,LPL,Alicante,Liverpool
"{'LPL', 'BCN'}",155.0,LPL,BCN,Liverpool,Barcelona
"{'LPL', 'GDN'}",145.0,LPL,GDN,Liverpool,Gdańsk
"{'LPL', 'OTP'}",220.0,LPL,OTP,Liverpool,Bucharest
"{'RVN', 'LPL'}",245.0,RVN,LPL,Rovaniemi,Liverpool
"{'LTN', 'AGP'}",172.5,LTN,AGP,London,Málaga
"{'LTN', 'BCN'}",125.0,LTN,BCN,London,Barcelona
"{'LTN', 'BFS'}",75.0,LTN,BFS,London,Belfast
"{'CLJ', 'LTN'}",185.0,CLJ,LTN,Cluj-Napoca,London
"{'LTN', 'EDI'}",75.0,LTN,EDI,London,Dunfermline
"{'LTN', 'GDN'}",140.0,LTN,GDN,London,Gdańsk
"{'LTN', 'GNB'}",107.5,LTN,GNB,London,Grenoble
"{'LTN', 'GVA'}",105.0,LTN,GVA,London,Geneva
"{'LTN', 'IAS'}",205.0,LTN,IAS,London,Iaşi
"{'LTN', 'OTP'}",207.5,LTN,OTP,London,Bucharest
"{'LTN', 'PRN'}",202.5,LTN,PRN,London,Pristina
"{'LTN', 'SCV'}",195.0,LTN,SCV,London,Botoşani
"{'LTN', 'TOS'}",225.0,LTN,TOS,London,Tromsø
"{'LTN', 'VNO'}",167.5,LTN,VNO,London,Vilnius
"{'LTN', 'WRO'}",127.5,LTN,WRO,London,Wrocław
"{'LUX', 'AGP'}",162.5,LUX,AGP,Trier,Málaga
"{'LUX', 'BGY'}",75.0,LUX,BGY,Trier,Monza
"{'LUX', 'OPO'}",152.5,LUX,OPO,Trier,Porto
"{'LUZ', 'LTN'}",160.0,LUZ,LTN,Lublin,London
"{'LYS', 'ACE'}",215.0,LYS,ACE,Lyon,Arrecife
"{'LYS', 'ARN'}",185.0,LYS,ARN,Lyon,Stockholm
"{'LYS', 'CDG'}",72.5,LYS,CDG,Lyon,Paris
"{'LYS', 'EDI'}",140.0,LYS,EDI,Lyon,Dunfermline
"{'LYS', 'MAD'}",115.0,LYS,MAD,Lyon,Madrid
"{'LYS', 'MUC'}",80.0,LYS,MUC,Lyon,Munich
"{'AGP', 'MAD'}",75.0,AGP,MAD,Málaga,Madrid
"{'BCN', 'MAD'}",85.0,BCN,MAD,Barcelona,Madrid
"{'BLQ', 'MAD'}",155.0,BLQ,MAD,Bologna,Madrid
"{'BOD', 'MAD'}",85.0,BOD,MAD,Bordeaux,Madrid
"{'BRU', 'MAD'}",147.5,BRU,MAD,Brussels,Madrid
"{'HAM', 'MAD'}",175.0,HAM,MAD,Hamburg,Madrid
"{'LGW', 'MAD'}",145.0,LGW,MAD,London,Madrid
"{'OPO', 'MAD'}",75.0,OPO,MAD,Porto,Madrid
"{'MAN', 'ACE'}",262.5,MAN,ACE,Manchester,Arrecife
"{'MAN', 'AGP'}",177.5,MAN,AGP,Manchester,Málaga
"{'MAN', 'ALC'}",167.5,MAN,ALC,Manchester,Alicante
"{'MAN', 'AMS'}",77.5,MAN,AMS,Manchester,Amsterdam
"{'MAN', 'BCN'}",135.0,MAN,BCN,Manchester,Barcelona
"{'MAN', 'BFS'}",61.25,MAN,BFS,Manchester,Belfast
"{'MAN', 'BHD'}",70.0,MAN,BHD,Manchester,Belfast
"{'MAN', 'BUD'}",162.5,MAN,BUD,Manchester,Budapest
"{'MAN', 'CDG'}",87.5,MAN,CDG,Manchester,Paris
"{'MAN', 'CGN'}",97.5,MAN,CGN,Manchester,Cologne
"{'MAN', 'CIA'}",167.5,MAN,CIA,Manchester,Rome
"{'MAN', 'CMF'}",125.0,MAN,CMF,Manchester,Annecy
"{'MAN', 'CPH'}",115.0,MAN,CPH,Manchester,Copenhagen
"{'MAN', 'FNC'}",242.5,MAN,FNC,Manchester,Funchal
"{'MAN', 'FRA'}",100.0,MAN,FRA,Manchester,Frankfurt
"{'MAN', 'GNB'}",115.0,MAN,GNB,Manchester,Grenoble
"{'MAN', 'GVA'}",116.66666666666669,MAN,GVA,Manchester,Geneva
"{'MAN', 'HEL'}",172.5,MAN,HEL,Manchester,Helsinki
"{'MAN', 'KRK'}",150.0,MAN,KRK,Manchester,Kraków
"{'MAN', 'LHR'}",62.5,MAN,LHR,Manchester,London
"{'MAN', 'LIS'}",167.5,MAN,LIS,Manchester,Lisbon
"{'MAN', 'MAD'}",155.0,MAN,MAD,Manchester,Madrid
"{'MAN', 'MUC'}",125.0,MAN,MUC,Manchester,Munich
"{'MAN', 'POZ'}",130.0,MAN,POZ,Manchester,Poznań
"{'MAN', 'PRG'}",135.0,MAN,PRG,Manchester,Prague
"{'MAN', 'RMU'}",170.0,MAN,RMU,Manchester,Murcia
"{'MAN', 'RZE'}",170.0,MAN,RZE,Manchester,Rzeszów
"{'MAN', 'SDR'}",125.0,MAN,SDR,Manchester,Santander
"{'MAN', 'SVQ'}",170.0,MAN,SVQ,Manchester,Sevilla
"{'MAN', 'SZG'}",135.0,MAN,SZG,Manchester,Salzburg
"{'MAN', 'VCE'}",145.0,MAN,VCE,Manchester,Venice
"{'MAN', 'VRN'}",145.0,MAN,VRN,Manchester,Verona
"{'MAN', 'WRO'}",137.5,MAN,WRO,Manchester,Wrocław
"{'MCX', 'DME'}",185.0,MCX,DME,Makhachkala,Moscow
"{'MCX', 'LED'}",200.0,MCX,LED,Makhachkala,Saint Petersburg
"{'MCX', 'SVO'}",195.0,MCX,SVO,Makhachkala,Moscow
"{'MCX', 'VKO'}",167.5,MCX,VKO,Makhachkala,Moscow
"{'MJT', 'ATH'}",60.0,MJT,ATH,Mytilíni,Athens
"{'MLN', 'AGP'}",57.5,MLN,AGP,Ciudad de Melilla,Málaga
"{'MLN', 'GRX'}",60.0,MLN,GRX,Ciudad de Melilla,Granada
"{'MLN', 'LEI'}",55.0,MLN,LEI,Ciudad de Melilla,Almería
"{'MMX', 'ARN'}",70.0,MMX,ARN,Malmö,Stockholm
"{'MMX', 'BMA'}",80.0,MMX,BMA,Malmö,Stockholm
"{'MPL', 'AMS'}",125.0,MPL,AMS,Montpellier,Amsterdam
"{'MPL', 'CDG'}",87.5,MPL,CDG,Montpellier,Paris
"{'MRS', 'AGP'}",120.0,MRS,AGP,Marseille,Málaga
"{'MRS', 'AJA'}",50.0,MRS,AJA,Marseille,Ajaccio
"{'MRS', 'ALC'}",95.0,MRS,ALC,Marseille,Alicante
"{'MRS', 'BIA'}",55.0,MRS,BIA,Marseille,Bastia
"{'MRS', 'BUD'}",120.0,MRS,BUD,Marseille,Budapest
"{'MRS', 'CDG'}",95.0,MRS,CDG,Marseille,Paris
"{'MRS', 'CRL'}",105.0,MRS,CRL,Marseille,Brussels
"{'MRS', 'LIS'}",140.0,MRS,LIS,Marseille,Lisbon
"{'MRS', 'LYS'}",65.0,MRS,LYS,Marseille,Lyon
"{'MRS', 'MAD'}",107.5,MRS,MAD,Marseille,Madrid
"{'MRS', 'NTE'}",90.0,MRS,NTE,Marseille,Nantes
"{'MRS', 'ORY'}",82.5,MRS,ORY,Marseille,Paris
"{'MRS', 'OTP'}",165.0,MRS,OTP,Marseille,Bucharest
"{'MRV', 'AER'}",62.5,MRV,AER,Pyatigorsk,Sochi
"{'MRV', 'CEE'}",210.0,MRV,CEE,Pyatigorsk,Cherepovets
"{'MRV', 'CEK'}",192.5,MRV,CEK,Pyatigorsk,Chelyabinsk
"{'MRV', 'DME'}",195.0,MRV,DME,Pyatigorsk,Moscow
"{'MRV', 'KLF'}",185.0,MRV,KLF,Pyatigorsk,Kaluga
"{'MRV', 'KUF'}",160.0,MRV,KUF,Pyatigorsk,Samara
"{'MRV', 'LED'}",180.0,MRV,LED,Pyatigorsk,Saint Petersburg
"{'MRV', 'MQF'}",160.0,MRV,MQF,Pyatigorsk,Magnitogorsk
"{'MRV', 'NBC'}",170.0,MRV,NBC,Pyatigorsk,Naberezhnyye Chelny
"{'MRV', 'PEE'}",197.5,MRV,PEE,Pyatigorsk,Perm
"{'MRV', 'SVO'}",197.5,MRV,SVO,Pyatigorsk,Moscow
"{'MRV', 'UFA'}",170.0,MRV,UFA,Pyatigorsk,Ufa
"{'MRV', 'VKO'}",142.5,MRV,VKO,Pyatigorsk,Moscow
"{'MRV', 'VOG'}",130.0,MRV,VOG,Pyatigorsk,Volgograd
"{'MSQ', 'LED'}",85.0,MSQ,LED,Horad Zhodzina,Saint Petersburg
"{'MSQ', 'SVO'}",90.0,MSQ,SVO,Horad Zhodzina,Moscow
"{'MSQ', 'VKO'}",85.0,MSQ,VKO,Horad Zhodzina,Moscow
"{'MUC', 'AGP'}",180.0,MUC,AGP,Munich,Málaga
"{'ALC', 'MUC'}",155.0,ALC,MUC,Alicante,Munich
"{'ARN', 'MUC'}",135.0,ARN,MUC,Stockholm,Munich
"{'MUC', 'BCN'}",125.0,MUC,BCN,Munich,Barcelona
"{'MUC', 'BHX'}",115.0,MUC,BHX,Munich,Birmingham
"{'MUC', 'BLQ'}",67.5,MUC,BLQ,Munich,Bologna
"{'MUC', 'BRU'}",77.5,MUC,BRU,Munich,Brussels
"{'DRS', 'MUC'}",55.0,DRS,MUC,Dresden,Munich
"{'MUC', 'FMO'}",65.0,MUC,FMO,Munich,Münster
"{'MUC', 'GRZ'}",50.0,MUC,GRZ,Munich,Graz
"{'MUC', 'HAM'}",77.5,MUC,HAM,Munich,Hamburg
"{'MUC', 'LGW'}",110.0,MUC,LGW,Munich,London
"{'MUC', 'PRN'}",120.0,MUC,PRN,Munich,Pristina
"{'MUC', 'SKG'}",130.0,MUC,SKG,Munich,Thessaloníki
"{'MUC', 'STR'}",50.0,MUC,STR,Munich,Stuttgart
"{'MUC', 'VLC'}",145.0,MUC,VLC,Munich,Valencia
"{'MXP', 'ALC'}",127.5,MXP,ALC,Novara,Alicante
"{'MXP', 'AMS'}",117.5,MXP,AMS,Novara,Amsterdam
"{'MXP', 'ATH'}",147.5,MXP,ATH,Novara,Athens
"{'MXP', 'BCM'}",150.0,MXP,BCM,Novara,Bacău
"{'MXP', 'BCN'}",97.5,MXP,BCN,Novara,Barcelona
"{'MXP', 'CAG'}",90.0,MXP,CAG,Novara,Cagliari
"{'MXP', 'CDG'}",90.0,MXP,CDG,Novara,Paris
"{'MXP', 'CTA'}",117.5,MXP,CTA,Novara,Catania
"{'MXP', 'HEL'}",185.0,MXP,HEL,Novara,Helsinki
"{'MXP', 'LGW'}",116.25,MXP,LGW,Novara,London
"{'MXP', 'MAD'}",142.5,MXP,MAD,Novara,Madrid
"{'MXP', 'MUC'}",70.0,MXP,MUC,Novara,Munich
"{'MXP', 'OPO'}",155.0,MXP,OPO,Novara,Porto
"{'MXP', 'ORY'}",95.0,MXP,ORY,Novara,Paris
"{'MXP', 'PRN'}",130.0,MXP,PRN,Novara,Pristina
"{'MXP', 'RZE'}",127.5,MXP,RZE,Novara,Rzeszów
"{'MXP', 'SUF'}",110.0,MXP,SUF,Novara,Cosenza
"{'MXP', 'TGD'}",110.0,MXP,TGD,Novara,Shkodër
"{'MXP', 'VIE'}",90.0,MXP,VIE,Novara,Vienna
"{'MXP', 'VNO'}",165.0,MXP,VNO,Novara,Vilnius
"{'MXP', 'ZRH'}",57.5,MXP,ZRH,Novara,Zürich
"{'NAP', 'BCN'}",117.5,NAP,BCN,Naples,Barcelona
"{'NAP', 'BGY'}",85.0,NAP,BGY,Naples,Monza
"{'NAP', 'CRL'}",137.5,NAP,CRL,Naples,Brussels
"{'NAP', 'CTA'}",65.0,NAP,CTA,Naples,Catania
"{'NAP', 'FCO'}",55.0,NAP,FCO,Naples,Rome
"{'NAP', 'KRK'}",120.0,NAP,KRK,Naples,Kraków
"{'NAP', 'LIN'}",77.5,NAP,LIN,Naples,Milan
"{'NAP', 'MXP'}",92.5,NAP,MXP,Naples,Novara
"{'NAP', 'OTP'}",117.5,NAP,OTP,Naples,Bucharest
"{'NAP', 'PMO'}",60.0,NAP,PMO,Naples,Palermo
"{'NAP', 'SOF'}",100.0,NAP,SOF,Naples,Sofia
"{'NAP', 'STN'}",175.0,NAP,STN,Naples,London
"{'NAP', 'TRS'}",75.0,NAP,TRS,Naples,Trieste
"{'NAP', 'VCE'}",80.0,NAP,VCE,Naples,Venice
"{'NAP', 'VIE'}",105.0,NAP,VIE,Naples,Vienna
"{'NAP', 'VLC'}",125.0,NAP,VLC,Naples,Valencia
"{'NBC', 'LED'}",145.0,NBC,LED,Naberezhnyye Chelny,Saint Petersburg
"{'NCE', 'BCN'}",80.0,NCE,BCN,Nice,Barcelona
"{'NCE', 'BIA'}",50.0,NCE,BIA,Nice,Bastia
"{'NCE', 'CDG'}",96.66666666666669,NCE,CDG,Nice,Paris
"{'NCE', 'MAD'}",120.0,NCE,MAD,Nice,Madrid
"{'NCE', 'ZRH'}",72.5,NCE,ZRH,Nice,Zürich
"{'NCL', 'AGP'}",190.0,NCL,AGP,Gateshead,Málaga
"{'NCL', 'ALC'}",177.5,NCL,ALC,Gateshead,Alicante
"{'NNM', 'KZN'}",145.0,NNM,KZN,Nar’yan-Mar,Kazan
"{'NOZ', 'SVO'}",287.5,NOZ,SVO,Novokuznetsk,Moscow
"{'NQY', 'LGW'}",80.0,NQY,LGW,Camborne,London
"{'NRN', 'AGP'}",182.5,NRN,AGP,Mönchengladbach,Málaga
"{'NRN', 'SKG'}",170.0,NRN,SKG,Mönchengladbach,Thessaloníki
"{'NTE', 'ACE'}",195.0,NTE,ACE,Nantes,Arrecife
"{'NTE', 'AMS'}",92.5,NTE,AMS,Nantes,Amsterdam
"{'NTE', 'GVA'}",82.5,NTE,GVA,Nantes,Geneva
"{'NTE', 'MAD'}",100.0,NTE,MAD,Nantes,Madrid
"{'NTE', 'MRS'}",90.0,NTE,MRS,Nantes,Marseille
"{'NUE', 'SKG'}",145.0,NUE,SKG,Nuremberg,Thessaloníki
"{'NYO', 'OTP'}",175.0,NYO,OTP,Nyköping,Bucharest
"{'OGZ', 'VKO'}",175.0,OGZ,VKO,Vladikavkaz,Moscow
"{'OHD', 'ZRH'}",125.0,OHD,ZRH,Ohrid,Zürich
"{'OMR', 'OTP'}",82.5,OMR,OTP,Oradea,Bucharest
"{'MAD', 'OPO'}",80.0,MAD,OPO,Madrid,Porto
"{'ORY', 'ACE'}",235.0,ORY,ACE,Paris,Arrecife
"{'ORY', 'AGP'}",150.0,ORY,AGP,Paris,Málaga
"{'ORY', 'BCN'}",100.0,ORY,BCN,Paris,Barcelona
"{'ORY', 'BIA'}",100.0,ORY,BIA,Paris,Bastia
"{'ORY', 'LDE'}",85.0,ORY,LDE,Paris,Pau
"{'ORY', 'LGW'}",72.5,ORY,LGW,Paris,London
"{'ORY', 'MAD'}",125.0,ORY,MAD,Paris,Madrid
"{'ORY', 'MPL'}",85.0,ORY,MPL,Paris,Montpellier
"{'ORY', 'MXP'}",85.0,ORY,MXP,Paris,Novara
"{'ORY', 'NCE'}",87.5,ORY,NCE,Paris,Nice
"{'ORY', 'OPO'}",135.0,ORY,OPO,Paris,Porto
"{'ORY', 'SOU'}",90.0,ORY,SOU,Paris,Portsmouth
"{'ORY', 'TLS'}",75.0,ORY,TLS,Paris,Toulouse
"{'ORY', 'VLC'}",116.66666666666669,ORY,VLC,Paris,Valencia
"{'OSL', 'AGP'}",250.0,OSL,AGP,Oslo,Málaga
"{'OSL', 'ALC'}",230.0,OSL,ALC,Oslo,Alicante
"{'OSL', 'AMS'}",115.0,OSL,AMS,Oslo,Amsterdam
"{'OSL', 'ARN'}",72.5,OSL,ARN,Oslo,Stockholm
"{'OSL', 'BGO'}",56.25,OSL,BGO,Oslo,Bergen
"{'OSL', 'CDG'}",150.0,OSL,CDG,Oslo,Paris
"{'OSL', 'GOT'}",55.0,OSL,GOT,Oslo,Gothenburg
"{'OSL', 'HEL'}",125.0,OSL,HEL,Oslo,Helsinki
"{'OSL', 'SVG'}",60.0,OSL,SVG,Oslo,Sandnes
"{'OSL', 'TOS'}",117.5,OSL,TOS,Oslo,Tromsø
"{'OSL', 'ZRH'}",150.0,OSL,ZRH,Oslo,Zürich
"{'OSW', 'SVO'}",160.0,OSW,SVO,Orsk,Moscow
"{'BLL', 'OTP'}",160.0,BLL,OTP,Kolding,Bucharest
"{'BLQ', 'OTP'}",125.0,BLQ,OTP,Bologna,Bucharest
"{'CIA', 'OTP'}",120.0,CIA,OTP,Rome,Bucharest
"{'LGW', 'OTP'}",190.0,LGW,OTP,London,Bucharest
"{'OVD', 'ACE'}",160.0,OVD,ACE,Gijón,Arrecife
"{'OVD', 'BCN'}",85.0,OVD,BCN,Gijón,Barcelona
"{'OVD', 'MAD'}",75.0,OVD,MAD,Gijón,Madrid
"{'OVD', 'NRN'}",132.5,OVD,NRN,Gijón,Mönchengladbach
"{'PDL', 'OPO'}",145.0,PDL,OPO,Ponta Delgada,Porto
"{'PEE', 'LED'}",146.25,PEE,LED,Perm,Saint Petersburg
"{'PEE', 'SVO'}",135.0,PEE,SVO,Perm,Moscow
"{'PEE', 'VKO'}",127.5,PEE,VKO,Perm,Moscow
"{'PES', 'VKO'}",95.0,PES,VKO,Petrozavodsk,Moscow
"{'PMF', 'CAG'}",80.0,PMF,CAG,Parma,Cagliari
"{'PMO', 'BCN'}",115.0,PMO,BCN,Palermo,Barcelona
"{'PMO', 'BGY'}",100.0,PMO,BGY,Palermo,Monza
"{'PMO', 'BLQ'}",90.0,PMO,BLQ,Palermo,Bologna
"{'PMO', 'FCO'}",75.0,PMO,FCO,Palermo,Rome
"{'PMO', 'FMM'}",117.5,PMO,FMM,Palermo,Ulm
"{'PMO', 'LIN'}",95.0,PMO,LIN,Palermo,Milan
"{'PMO', 'MAD'}",160.0,PMO,MAD,Palermo,Madrid
"{'PMO', 'MXP'}",105.0,PMO,MXP,Palermo,Novara
"{'PMO', 'NAP'}",60.0,PMO,NAP,Palermo,Naples
"{'PMO', 'NUE'}",127.5,PMO,NUE,Palermo,Nuremberg
"{'PMO', 'PSA'}",80.0,PMO,PSA,Palermo,Livorno
"{'PMO', 'STN'}",190.0,PMO,STN,Palermo,London
"{'PMO', 'TRN'}",100.0,PMO,TRN,Palermo,Turin
"{'PMO', 'VCE'}",95.0,PMO,VCE,Palermo,Venice
"{'PMO', 'VLC'}",127.5,PMO,VLC,Palermo,Valencia
"{'PMO', 'VRN'}",92.5,PMO,VRN,Palermo,Verona
"{'PNA', 'MAD'}",65.0,PNA,MAD,Pamplona,Madrid
"{'PRG', 'AGP'}",200.0,PRG,AGP,Prague,Málaga
"{'PRG', 'BCN'}",147.5,PRG,BCN,Prague,Barcelona
"{'PRG', 'BGY'}",80.0,PRG,BGY,Prague,Monza
"{'PRG', 'CDG'}",105.0,PRG,CDG,Prague,Paris
"{'PRG', 'GVA'}",90.0,PRG,GVA,Prague,Geneva
"{'PRG', 'HEL'}",135.0,PRG,HEL,Prague,Helsinki
"{'PRG', 'MAD'}",185.0,PRG,MAD,Prague,Madrid
"{'PRN', 'HAM'}",158.75,PRN,HAM,Pristina,Hamburg
"{'PRN', 'STR'}",125.0,PRN,STR,Pristina,Stuttgart
"{'PSA', 'CRL'}",105.0,PSA,CRL,Livorno,Brussels
"{'PSA', 'MAD'}",145.0,PSA,MAD,Livorno,Madrid
"{'PSA', 'OPO'}",155.0,PSA,OPO,Livorno,Porto
"{'PSA', 'VLC'}",110.0,PSA,VLC,Livorno,Valencia
"{'BGY', 'PSR'}",75.0,BGY,PSR,Monza,Pescara
"{'REN', 'LED'}",172.5,REN,LED,Orenburg,Saint Petersburg
"{'REN', 'SVO'}",141.66666666666666,REN,SVO,Orenburg,Moscow
"{'RIX', 'AMS'}",145.0,RIX,AMS,Riga,Amsterdam
"{'RIX', 'ARN'}",70.0,RIX,ARN,Riga,Stockholm
"{'RIX', 'BRS'}",180.0,RIX,BRS,Riga,Bristol
"{'RIX', 'CPH'}",90.0,RIX,CPH,Riga,Copenhagen
"{'RIX', 'GVA'}",165.0,RIX,GVA,Riga,Geneva
"{'RIX', 'HEL'}",65.0,RIX,HEL,Riga,Helsinki
"{'RIX', 'LIS'}",270.0,RIX,LIS,Riga,Lisbon
"{'RIX', 'PLQ'}",39.0,RIX,PLQ,Riga,Klaipėda
"{'RIX', 'STN'}",175.0,RIX,STN,Riga,London
"{'RIX', 'SZG'}",132.5,RIX,SZG,Riga,Salzburg
"{'RIX', 'TLL'}",50.0,RIX,TLL,Riga,Tallinn
"{'RIX', 'VIE'}",127.5,RIX,VIE,Riga,Vienna
"{'RIX', 'VNO'}",48.0,RIX,VNO,Riga,Vilnius
"{'RIX', 'WAW'}",80.0,RIX,WAW,Riga,Warsaw
"{'RTM', 'AGP'}",172.5,RTM,AGP,Rotterdam,Málaga
"{'RTM', 'ALC'}",150.0,RTM,ALC,Rotterdam,Alicante
"{'RTM', 'SZG'}",90.0,RTM,SZG,Rotterdam,Salzburg
"{'SBZ', 'LTN'}",182.5,SBZ,LTN,Sibiu,London
"{'SBZ', 'MUC'}",102.5,SBZ,MUC,Sibiu,Munich
"{'SCQ', 'ACE'}",155.0,SCQ,ACE,Santiago de Compostela,Arrecife
"{'SCQ', 'MAD'}",72.5,SCQ,MAD,Santiago de Compostela,Madrid
"{'SCQ', 'VLC'}",92.5,SCQ,VLC,Santiago de Compostela,Valencia
"{'OTP', 'SCV'}",70.0,OTP,SCV,Bucharest,Botoşani
"{'SCW', 'LED'}",115.0,SCW,LED,Syktyvkar,Saint Petersburg
"{'SCW', 'SVO'}",120.0,SCW,SVO,Syktyvkar,Moscow
"{'SCW', 'VKO'}",125.0,SCW,VKO,Syktyvkar,Moscow
"{'SDR', 'MAD'}",70.0,SDR,MAD,Santander,Madrid
"{'SEN', 'GVA'}",95.0,SEN,GVA,Basildon,Geneva
"{'SIP', 'LED'}",195.0,SIP,LED,Simferopol,Saint Petersburg
"{'RHO', 'SKG'}",75.0,RHO,SKG,Ródos,Thessaloníki
"{'STR', 'SKG'}",135.0,STR,SKG,Stuttgart,Thessaloníki
"{'SKP', 'ATH'}",90.0,SKP,ATH,Skopje,Athens
"{'SKP', 'BEG'}",70.0,SKP,BEG,Skopje,Belgrade
"{'SKP', 'BTS'}",92.5,SKP,BTS,Skopje,Bratislava
"{'SKP', 'CGN'}",157.5,SKP,CGN,Skopje,Cologne
"{'SKP', 'CPH'}",175.0,SKP,CPH,Skopje,Copenhagen
"{'SKP', 'EIN'}",155.0,SKP,EIN,Skopje,Eindhoven
"{'SKP', 'FCO'}",105.0,SKP,FCO,Skopje,Rome
"{'SKP', 'FKB'}",135.0,SKP,FKB,Skopje,Karlsruhe
"{'SKP', 'FRA'}",145.0,SKP,FRA,Skopje,Frankfurt
"{'SKP', 'NYO'}",185.0,SKP,NYO,Skopje,Nyköping
"{'SKP', 'ZAG'}",85.0,SKP,ZAG,Skopje,Bistrica ob Sotli
"{'SKP', 'ZRH'}",130.0,SKP,ZRH,Skopje,Zürich
"{'SOF', 'ALC'}",202.5,SOF,ALC,Sofia,Alicante
"{'SOF', 'ATH'}",80.0,SOF,ATH,Sofia,Athens
"{'SOF', 'BCN'}",175.0,SOF,BCN,Sofia,Barcelona
"{'SOF', 'BGY'}",120.0,SOF,BGY,Sofia,Monza
"{'SOF', 'BRS'}",200.0,SOF,BRS,Sofia,Bristol
"{'SOF', 'CPH'}",185.0,SOF,CPH,Sofia,Copenhagen
"{'SOF', 'CRL'}",165.0,SOF,CRL,Sofia,Brussels
"{'SOF', 'CTA'}",110.0,SOF,CTA,Sofia,Catania
"{'SOF', 'EIN'}",155.0,SOF,EIN,Sofia,Eindhoven
"{'SOF', 'FKB'}",135.0,SOF,FKB,Sofia,Karlsruhe
"{'SOF', 'FMM'}",122.5,SOF,FMM,Sofia,Ulm
"{'SOF', 'LGW'}",195.0,SOF,LGW,Sofia,London
"{'SOF', 'LTN'}",200.0,SOF,LTN,Sofia,London
"{'SOF', 'MAD'}",220.0,SOF,MAD,Sofia,Madrid
"{'SOF', 'MUC'}",120.0,SOF,MUC,Sofia,Munich
"{'SOF', 'NAP'}",100.0,SOF,NAP,Sofia,Naples
"{'SOF', 'NCE'}",130.0,SOF,NCE,Sofia,Nice
"{'SOF', 'STN'}",200.0,SOF,STN,Sofia,London
"{'SOF', 'TSF'}",110.0,SOF,TSF,Sofia,Venice
"{'SOF', 'VAR'}",50.0,SOF,VAR,Sofia,Varna
"{'SOF', 'VIE'}",95.0,SOF,VIE,Sofia,Vienna
"{'SOF', 'WAW'}",120.0,SOF,WAW,Sofia,Warsaw
"{'STN', 'ACE'}",255.0,STN,ACE,London,Arrecife
"{'STN', 'AGP'}",175.0,STN,AGP,London,Málaga
"{'STN', 'ALC'}",160.0,STN,ALC,London,Alicante
"{'STN', 'AMS'}",70.0,STN,AMS,London,Amsterdam
"{'STN', 'ARN'}",147.5,STN,ARN,London,Stockholm
"{'STN', 'ATH'}",215.0,STN,ATH,London,Athens
"{'STN', 'BCN'}",137.5,STN,BCN,London,Barcelona
"{'STN', 'BFS'}",80.0,STN,BFS,London,Belfast
"{'STN', 'BGY'}",120.0,STN,BGY,London,Monza
"{'STN', 'BLL'}",95.0,STN,BLL,London,Kolding
"{'STN', 'BLQ'}",125.0,STN,BLQ,London,Bologna
"{'STN', 'BOD'}",102.5,STN,BOD,London,Bordeaux
"{'STN', 'BTS'}",135.0,STN,BTS,London,Bratislava
"{'STN', 'BUD'}",150.0,STN,BUD,London,Budapest
"{'STN', 'BZG'}",130.0,STN,BZG,London,Bydgoszcz
"{'STN', 'CGN'}",77.5,STN,CGN,London,Cologne
"{'STN', 'CIA'}",152.5,STN,CIA,London,Rome
"{'STN', 'CMF'}",110.0,STN,CMF,London,Annecy
"{'STN', 'CTA'}",202.5,STN,CTA,London,Catania
"{'STN', 'EDI'}",80.0,STN,EDI,London,Dunfermline
"{'STN', 'EIN'}",65.0,STN,EIN,London,Eindhoven
"{'STN', 'FAO'}",170.0,STN,FAO,London,Faro
"{'STN', 'GDN'}",135.0,STN,GDN,London,Gdańsk
"{'STN', 'GNB'}",110.0,STN,GNB,London,Grenoble
"{'STN', 'GOA'}",130.0,STN,GOA,London,Genoa
"{'STN', 'GOT'}",112.5,STN,GOT,London,Gothenburg
"{'STN', 'GVA'}",107.5,STN,GVA,London,Geneva
"{'STN', 'KRK'}",145.0,STN,KRK,London,Kraków
"{'STN', 'KTW'}",140.0,STN,KTW,London,Katowice
"{'STN', 'LCJ'}",140.0,STN,LCJ,London,Łódź
"{'STN', 'LIS'}",165.0,STN,LIS,London,Lisbon
"{'STN', 'MAD'}",155.0,STN,MAD,London,Madrid
"{'STN', 'MRS'}",120.0,STN,MRS,London,Marseille
"{'STN', 'MXP'}",117.5,STN,MXP,London,Novara
"{'STN', 'NAP'}",155.0,STN,NAP,London,Naples
"{'STN', 'NUE'}",100.0,STN,NUE,London,Nuremberg
"{'STN', 'OPO'}",147.5,STN,OPO,London,Porto
"{'STN', 'OTP'}",195.0,STN,OTP,London,Bucharest
"{'STN', 'POZ'}",125.0,STN,POZ,London,Poznań
"{'STN', 'PRG'}",115.0,STN,PRG,London,Prague
"{'STN', 'PSA'}",132.5,STN,PSA,London,Livorno
"{'STN', 'RIX'}",155.0,STN,RIX,London,Riga
"{'STN', 'SCQ'}",130.0,STN,SCQ,London,Santiago de Compostela
"{'STN', 'SKG'}",190.0,STN,SKG,London,Thessaloníki
"{'STN', 'SOF'}",180.0,STN,SOF,London,Sofia
"{'STN', 'SVQ'}",165.0,STN,SVQ,London,Sevilla
"{'STN', 'SZG'}",120.0,STN,SZG,London,Salzburg
"{'STN', 'SZY'}",142.5,STN,SZY,London,Szczytno
"{'STN', 'SZZ'}",115.0,STN,SZZ,London,Szczecin
"{'STN', 'TIA'}",185.0,STN,TIA,London,Tirana
"{'STN', 'TRF'}",120.0,STN,TRF,London,Tønsberg
"{'STN', 'TRN'}",117.5,STN,TRN,London,Turin
"{'STN', 'TRS'}",130.0,STN,TRS,London,Trieste
"{'STN', 'VCE'}",120.0,STN,VCE,London,Venice
"{'STN', 'VGO'}",130.0,STN,VGO,London,Vigo
"{'STN', 'VIE'}",135.0,STN,VIE,London,Vienna
"{'STN', 'VLC'}",155.0,STN,VLC,London,Valencia
"{'STN', 'VNO'}",175.0,STN,VNO,London,Vilnius
"{'STN', 'VRN'}",122.5,STN,VRN,London,Verona
"{'STN', 'WMI'}",135.0,STN,WMI,London,Warsaw
"{'STN', 'WRO'}",125.0,STN,WRO,London,Wrocław
"{'STN', 'ZAG'}",135.0,STN,ZAG,London,Bistrica ob Sotli
"{'STN', 'ZAZ'}",132.5,STN,ZAZ,London,Zaragoza
"{'OTP', 'STR'}",145.0,OTP,STR,Bucharest,Stuttgart
"{'SKG', 'STR'}",150.0,SKG,STR,Thessaloníki,Stuttgart
"{'SVG', 'ALC'}",212.5,SVG,ALC,Sandnes,Alicante
"{'SVG', 'AMS'}",95.0,SVG,AMS,Sandnes,Amsterdam
"{'SVG', 'BGO'}",40.0,SVG,BGO,Sandnes,Bergen
"{'SVG', 'GDN'}",107.5,SVG,GDN,Sandnes,Gdańsk
"{'SVG', 'OSL'}",50.0,SVG,OSL,Sandnes,Oslo
"{'ARH', 'SVO'}",112.5,ARH,SVO,Arkhangelsk,Moscow
"{'SVO', 'CEE'}",55.0,SVO,CEE,Moscow,Cherepovets
"{'CEK', 'SVO'}",167.5,CEK,SVO,Chelyabinsk,Moscow
"{'SVO', 'GRV'}",175.0,SVO,GRV,Moscow,Groznyy
"{'IJK', 'SVO'}",135.0,IJK,SVO,Izhevsk,Moscow
"{'SVO', 'KGD'}",168.33333333333334,SVO,KGD,Moscow,Kaliningrad
"{'KJA', 'SVO'}",317.5,KJA,SVO,Krasnoyarsk,Moscow
"{'SVO', 'KUF'}",113.75,SVO,KUF,Moscow,Samara
"{'SVO', 'LED'}",92.5,SVO,LED,Moscow,Saint Petersburg
"{'SVO', 'MMK'}",158.0,SVO,MMK,Moscow,Murmansk
"{'SVO', 'MQF'}",152.5,SVO,MQF,Moscow,Magnitogorsk
"{'SVO', 'NBC'}",118.33333333333331,SVO,NBC,Moscow,Naberezhnyye Chelny
"{'SVO', 'STW'}",200.0,SVO,STW,Moscow,Stavropol
"{'SVQ', 'ACE'}",120.0,SVQ,ACE,Sevilla,Arrecife
"{'SVQ', 'BCN'}",100.0,SVQ,BCN,Sevilla,Barcelona
"{'SVQ', 'BGY'}",160.0,SVQ,BGY,Sevilla,Monza
"{'SVQ', 'CDG'}",160.0,SVQ,CDG,Sevilla,Paris
"{'SVQ', 'CIA'}",160.0,SVQ,CIA,Sevilla,Rome
"{'SVQ', 'CTA'}",180.0,SVQ,CTA,Sevilla,Catania
"{'SVQ', 'MAD'}",67.5,SVQ,MAD,Sevilla,Madrid
"{'SVQ', 'MAN'}",180.0,SVQ,MAN,Sevilla,Manchester
"{'SVQ', 'MXP'}",155.0,SVQ,MXP,Sevilla,Novara
"{'SVQ', 'NUE'}",185.0,SVQ,NUE,Sevilla,Nuremberg
"{'SVQ', 'ORY'}",150.0,SVQ,ORY,Sevilla,Paris
"{'SVQ', 'PSA'}",150.0,SVQ,PSA,Sevilla,Livorno
"{'SVQ', 'STN'}",170.0,SVQ,STN,Sevilla,London
"{'SVQ', 'WAW'}",235.0,SVQ,WAW,Sevilla,Warsaw
"{'SZG', 'AMS'}",105.0,SZG,AMS,Salzburg,Amsterdam
"{'SZG', 'ARN'}",127.5,SZG,ARN,Salzburg,Stockholm
"{'SZG', 'BRS'}",125.0,SZG,BRS,Salzburg,Bristol
"{'SZG', 'HAM'}",77.5,SZG,HAM,Salzburg,Hamburg
"{'SZG', 'HEL'}",150.0,SZG,HEL,Salzburg,Helsinki
"{'SZG', 'LGW'}",125.0,SZG,LGW,Salzburg,London
"{'SZZ', 'OSL'}",90.0,SZZ,OSL,Szczecin,Oslo
"{'TIA', 'ARN'}",195.0,TIA,ARN,Tirana,Stockholm
"{'TIA', 'ATH'}",80.0,TIA,ATH,Tirana,Athens
"{'TIA', 'BCN'}",170.0,TIA,BCN,Tirana,Barcelona
"{'TIA', 'BGY'}",115.0,TIA,BGY,Tirana,Monza
"{'TIA', 'BLQ'}",100.0,TIA,BLQ,Tirana,Bologna
"{'TIA', 'BRI'}",60.0,TIA,BRI,Tirana,Bari
"{'TIA', 'BVA'}",162.5,TIA,BVA,Tirana,Amiens
"{'TIA', 'CIA'}",87.5,TIA,CIA,Tirana,Rome
"{'TIA', 'CRL'}",162.5,TIA,CRL,Tirana,Brussels
"{'TIA', 'EDI'}",220.0,TIA,EDI,Tirana,Dunfermline
"{'TIA', 'FCO'}",90.0,TIA,FCO,Tirana,Rome
"{'TIA', 'GOA'}",107.5,TIA,GOA,Tirana,Genoa
"{'TIA', 'HAM'}",157.5,TIA,HAM,Tirana,Hamburg
"{'TIA', 'HHN'}",147.5,TIA,HHN,Tirana,Koblenz
"{'TIA', 'LTN'}",197.5,TIA,LTN,Tirana,London
"{'TIA', 'LYS'}",130.0,TIA,LYS,Tirana,Lyon
"{'TIA', 'MXP'}",122.5,TIA,MXP,Tirana,Novara
"{'TIA', 'NUE'}",120.0,TIA,NUE,Tirana,Nuremberg
"{'TIA', 'PEG'}",85.0,TIA,PEG,Tirana,Perugia
"{'TIA', 'PSA'}",102.5,TIA,PSA,Tirana,Livorno
"{'TIA', 'STN'}",185.0,TIA,STN,Tirana,London
"{'TIA', 'TRS'}",102.5,TIA,TRS,Tirana,Trieste
"{'TIA', 'TSF'}",105.0,TIA,TSF,Tirana,Venice
"{'TIA', 'VRN'}",110.0,TIA,VRN,Tirana,Verona
"{'TLL', 'ARN'}",60.0,TLL,ARN,Tallinn,Stockholm
"{'TLL', 'GVA'}",175.0,TLL,GVA,Tallinn,Geneva
"{'TLL', 'HEL'}",35.0,TLL,HEL,Tallinn,Helsinki
"{'TLL', 'LGW'}",170.0,TLL,LGW,Tallinn,London
"{'TLS', 'BOD'}",50.0,TLS,BOD,Toulouse,Bordeaux
"{'TLS', 'MAD'}",85.0,TLS,MAD,Toulouse,Madrid
"{'TLS', 'MUC'}",107.5,TLS,MUC,Toulouse,Munich
"{'TMP', 'AMS'}",150.0,TMP,AMS,Tampere,Amsterdam
"{'TMP', 'TLL'}",45.0,TMP,TLL,Tampere,Tallinn
"{'TOS', 'BGO'}",120.0,TOS,BGO,Tromsø,Bergen
"{'TOS', 'GDN'}",172.5,TOS,GDN,Tromsø,Gdańsk
"{'TRF', 'AMS'}",100.0,TRF,AMS,Tønsberg,Amsterdam
"{'TRF', 'BGO'}",52.5,TRF,BGO,Tønsberg,Bergen
"{'TRF', 'WAW'}",110.0,TRF,WAW,Tønsberg,Warsaw
"{'TRF', 'WMI'}",110.0,TRF,WMI,Tønsberg,Warsaw
"{'TRN', 'ARN'}",165.0,TRN,ARN,Turin,Stockholm
"{'TRN', 'BCN'}",85.0,TRN,BCN,Turin,Barcelona
"{'TRN', 'CAG'}",85.0,TRN,CAG,Turin,Cagliari
"{'TRN', 'CTA'}",115.0,TRN,CTA,Turin,Catania
"{'TRN', 'GOT'}",135.0,TRN,GOT,Turin,Gothenburg
"{'TRN', 'LGW'}",115.0,TRN,LGW,Turin,London
"{'TRN', 'MAD'}",140.0,TRN,MAD,Turin,Madrid
"{'TRN', 'MUC'}",72.5,TRN,MUC,Turin,Munich
"{'TRN', 'OTP'}",155.0,TRN,OTP,Turin,Bucharest
"{'TRN', 'SUF'}",107.5,TRN,SUF,Turin,Cosenza
"{'TRN', 'VNO'}",162.5,TRN,VNO,Turin,Vilnius
"{'TSF', 'BVA'}",102.5,TSF,BVA,Venice,Amiens
"{'TSF', 'CRL'}",97.5,TSF,CRL,Venice,Brussels
"{'TSF', 'MRS'}",82.5,TSF,MRS,Venice,Marseille
"{'TSF', 'OTP'}",120.0,TSF,OTP,Venice,Bucharest
"{'TSF', 'SOF'}",100.0,TSF,SOF,Venice,Sofia
"{'TSF', 'TIA'}",90.0,TSF,TIA,Venice,Tirana
"{'TSF', 'VIE'}",75.0,TSF,VIE,Venice,Vienna
"{'TSF', 'VLC'}",130.0,TSF,VLC,Venice,Valencia
"{'TSR', 'BGY'}",105.0,TSR,BGY,Timişoara,Monza
"{'TSR', 'BVA'}",145.0,TSR,BVA,Timişoara,Amiens
"{'TSR', 'OTP'}",60.0,TSR,OTP,Timişoara,Bucharest
"{'TUF', 'STN'}",85.0,TUF,STN,Tours,London
"{'UFA', 'AER'}",205.0,UFA,AER,Ufa,Sochi
"{'UFA', 'DME'}",140.0,UFA,DME,Ufa,Moscow
"{'UFA', 'KJA'}",205.0,UFA,KJA,Ufa,Krasnoyarsk
"{'UFA', 'LED'}",167.5,UFA,LED,Ufa,Saint Petersburg
"{'UFA', 'SVO'}",141.25,UFA,SVO,Ufa,Moscow
"{'UFA', 'VKO'}",130.0,UFA,VKO,Ufa,Moscow
"{'ULV', 'LED'}",127.5,ULV,LED,Ulyanovsk,Saint Petersburg
"{'ULV', 'SVO'}",105.0,ULV,SVO,Ulyanovsk,Moscow
"{'ULV', 'VKO'}",95.0,ULV,VKO,Ulyanovsk,Moscow
"{'UME', 'ARN'}",65.0,UME,ARN,Umeå,Stockholm
"{'VAA', 'HEL'}",60.0,VAA,HEL,Vaasa,Helsinki
"{'CGN', 'VAR'}",165.0,CGN,VAR,Cologne,Varna
"{'VAR', 'HAM'}",160.0,VAR,HAM,Varna,Hamburg
"{'VCE', 'AMS'}",112.5,VCE,AMS,Venice,Amsterdam
"{'VCE', 'BCN'}",117.5,VCE,BCN,Venice,Barcelona
"{'VCE', 'BRI'}",80.0,VCE,BRI,Venice,Bari
"{'VCE', 'CDG'}",110.0,VCE,CDG,Venice,Paris
"{'VCE', 'CTA'}",108.33333333333331,VCE,CTA,Venice,Catania
"{'VCE', 'EDI'}",165.0,VCE,EDI,Venice,Dunfermline
"{'VCE', 'FCO'}",75.0,VCE,FCO,Venice,Rome
"{'VCE', 'FRA'}",90.0,VCE,FRA,Venice,Frankfurt
"{'VCE', 'LHR'}",140.0,VCE,LHR,Venice,London
"{'VCE', 'LIS'}",190.0,VCE,LIS,Venice,Lisbon
"{'VCE', 'MAD'}",165.0,VCE,MAD,Venice,Madrid
"{'VCE', 'MAN'}",145.0,VCE,MAN,Venice,Manchester
"{'VCE', 'MUC'}",65.0,VCE,MUC,Venice,Munich
"{'VCE', 'NAP'}",75.0,VCE,NAP,Venice,Naples
"{'VCE', 'ORY'}",110.0,VCE,ORY,Venice,Paris
"{'VCE', 'PMO'}",95.0,VCE,PMO,Venice,Palermo
"{'VCE', 'SKP'}",100.0,VCE,SKP,Venice,Skopje
"{'VCE', 'STN'}",135.0,VCE,STN,Venice,London
"{'VCE', 'SUF'}",100.0,VCE,SUF,Venice,Cosenza
"{'VGO', 'BCN'}",105.0,VGO,BCN,Vigo,Barcelona
"{'VGO', 'MAD'}",75.0,VGO,MAD,Vigo,Madrid
"{'VIE', 'AGP'}",200.0,VIE,AGP,Vienna,Málaga
"{'VIE', 'ATH'}",125.0,VIE,ATH,Vienna,Athens
"{'VIE', 'BCN'}",142.5,VIE,BCN,Vienna,Barcelona
"{'VIE', 'BGY'}",85.0,VIE,BGY,Vienna,Monza
"{'VIE', 'BRU'}",105.0,VIE,BRU,Vienna,Brussels
"{'VIE', 'CDG'}",122.5,VIE,CDG,Vienna,Paris
"{'VIE', 'CLJ'}",80.0,VIE,CLJ,Vienna,Cluj-Napoca
"{'VIE', 'GVA'}",95.0,VIE,GVA,Vienna,Geneva
"{'VIE', 'HAM'}",95.0,VIE,HAM,Vienna,Hamburg
"{'VIE', 'HEL'}",147.5,VIE,HEL,Vienna,Helsinki
"{'VIE', 'KLU'}",45.0,VIE,KLU,Vienna,Klagenfurt
"{'VIE', 'LGW'}",142.5,VIE,LGW,Vienna,London
"{'VIE', 'LUX'}",110.0,VIE,LUX,Vienna,Trier
"{'VIE', 'MAD'}",190.0,VIE,MAD,Vienna,Madrid
"{'VIE', 'MUC'}",62.5,VIE,MUC,Vienna,Munich
"{'VIE', 'MXP'}",85.0,VIE,MXP,Vienna,Novara
"{'VIE', 'OTP'}",100.0,VIE,OTP,Vienna,Bucharest
"{'VIE', 'SDR'}",160.0,VIE,SDR,Vienna,Santander
"{'VIE', 'STR'}",75.0,VIE,STR,Vienna,Stuttgart
"{'VIE', 'TLL'}",145.0,VIE,TLL,Vienna,Tallinn
"{'VIE', 'TOS'}",220.0,VIE,TOS,Vienna,Tromsø
"{'VIE', 'ZRH'}",81.66666666666667,VIE,ZRH,Vienna,Zürich
"{'VKO', 'GRV'}",195.0,VKO,GRV,Moscow,Groznyy
"{'KGD', 'VKO'}",115.0,KGD,VKO,Kaliningrad,Moscow
"{'VKO', 'KUF'}",112.5,VKO,KUF,Moscow,Samara
"{'VKO', 'LED'}",90.0,VKO,LED,Moscow,Saint Petersburg
"{'VKO', 'MMK'}",155.0,VKO,MMK,Moscow,Murmansk
"{'NBC', 'VKO'}",110.0,NBC,VKO,Naberezhnyye Chelny,Moscow
"{'VLC', 'BLQ'}",120.0,VLC,BLQ,Valencia,Bologna
"{'VLC', 'BRU'}",142.5,VLC,BRU,Valencia,Brussels
"{'VLC', 'MAD'}",62.5,VLC,MAD,Valencia,Madrid
"{'VLC', 'OPO'}",95.0,VLC,OPO,Valencia,Porto
"{'VNO', 'AGP'}",265.0,VNO,AGP,Vilnius,Málaga
"{'VNO', 'BVA'}",160.0,VNO,BVA,Vilnius,Amiens
"{'VNO', 'HEL'}",105.0,VNO,HEL,Vilnius,Helsinki
"{'VNO', 'MUC'}",125.0,VNO,MUC,Vilnius,Munich
"{'VOG', 'LED'}",155.0,VOG,LED,Volgograd,Saint Petersburg
"{'VOG', 'SVO'}",125.0,VOG,SVO,Volgograd,Moscow
"{'VOG', 'VKO'}",107.5,VOG,VKO,Volgograd,Moscow
"{'VOZ', 'LED'}",115.0,VOZ,LED,Voronezh,Saint Petersburg
"{'VRN', 'GDN'}",125.0,VRN,GDN,Verona,Gdańsk
"{'VRN', 'POZ'}",107.5,VRN,POZ,Verona,Poznań
"{'VRN', 'SUF'}",95.0,VRN,SUF,Verona,Cosenza
"{'VSE', 'CAT'}",50.0,VSE,CAT,Viseu,Lisbon
"{'VSE', 'VRL'}",10.0,VSE,VRL,Viseu,Vila Real
"{'WAW', 'AMS'}",130.0,WAW,AMS,Warsaw,Amsterdam
"{'WAW', 'ATH'}",150.0,WAW,ATH,Warsaw,Athens
"{'WAW', 'BCN'}",190.0,WAW,BCN,Warsaw,Barcelona
"{'WAW', 'BGY'}",127.5,WAW,BGY,Warsaw,Monza
"{'WAW', 'BRU'}",127.5,WAW,BRU,Warsaw,Brussels
"{'WAW', 'BUD'}",80.0,WAW,BUD,Warsaw,Budapest
"{'WAW', 'CDG'}",150.0,WAW,CDG,Warsaw,Paris
"{'WAW', 'CLJ'}",90.0,WAW,CLJ,Warsaw,Cluj-Napoca
"{'WAW', 'GDN'}",57.5,WAW,GDN,Warsaw,Gdańsk
"{'WAW', 'GNB'}",140.0,WAW,GNB,Warsaw,Grenoble
"{'WAW', 'GVA'}",140.0,WAW,GVA,Warsaw,Geneva
"{'WAW', 'HEL'}",105.0,WAW,HEL,Warsaw,Helsinki
"{'WAW', 'KRK'}",57.5,WAW,KRK,Warsaw,Kraków
"{'WAW', 'KTW'}",50.0,WAW,KTW,Warsaw,Katowice
"{'WAW', 'LHR'}",170.0,WAW,LHR,Warsaw,London
"{'WAW', 'LJU'}",95.0,WAW,LJU,Warsaw,Ljubljana
"{'WAW', 'LTN'}",155.0,WAW,LTN,Warsaw,London
"{'WAW', 'MUC'}",105.0,WAW,MUC,Warsaw,Munich
"{'WAW', 'OTP'}",110.0,WAW,OTP,Warsaw,Bucharest
"{'WAW', 'PRG'}",80.0,WAW,PRG,Warsaw,Prague
"{'WAW', 'TLL'}",97.5,WAW,TLL,Warsaw,Tallinn
"{'WAW', 'VNO'}",67.5,WAW,VNO,Warsaw,Vilnius
"{'WAW', 'VRN'}",120.0,WAW,VRN,Warsaw,Verona
"{'WAW', 'WRO'}",56.66666666666666,WAW,WRO,Warsaw,Wrocław
"{'WAW', 'ZRH'}",125.0,WAW,ZRH,Warsaw,Zürich
"{'WMI', 'AGP'}",237.5,WMI,AGP,Warsaw,Málaga
"{'WMI', 'BCN'}",184.5,WMI,BCN,Warsaw,Barcelona
"{'WMI', 'CIA'}",137.5,WMI,CIA,Warsaw,Rome
"{'WMI', 'CRL'}",125.0,WMI,CRL,Warsaw,Brussels
"{'WRO', 'AGP'}",220.0,WRO,AGP,Wrocław,Málaga
"{'WRO', 'BHX'}",125.0,WRO,BHX,Wrocław,Birmingham
"{'BVA', 'WRO'}",115.0,BVA,WRO,Amiens,Wrocław
"{'WRO', 'VLC'}",187.5,WRO,VLC,Wrocław,Valencia
"{'XRY', 'BCN'}",105.0,XRY,BCN,Jerez de la Frontera,Barcelona
"{'XRY', 'MAD'}",77.5,XRY,MAD,Jerez de la Frontera,Madrid
"{'ZAG', 'AMS'}",130.0,ZAG,AMS,Bistrica ob Sotli,Amsterdam
"{'ZAG', 'CRL'}",115.0,ZAG,CRL,Bistrica ob Sotli,Brussels
"{'ZAG', 'HHN'}",95.0,ZAG,HHN,Bistrica ob Sotli,Koblenz
"{'ZAG', 'LHR'}",155.0,ZAG,LHR,Bistrica ob Sotli,London
"{'ZAG', 'MUC'}",70.0,ZAG,MUC,Bistrica ob Sotli,Munich
"{'ZAG', 'VIE'}",50.0,ZAG,VIE,Bistrica ob Sotli,Vienna
"{'ZAG', 'ZRH'}",90.0,ZAG,ZRH,Bistrica ob Sotli,Zürich
"{'ZAZ', 'BVA'}",105.0,ZAZ,BVA,Zaragoza,Amiens
"{'ZRH', 'AGP'}",155.0,ZRH,AGP,Zürich,Málaga
"{'ZRH', 'ARN'}",145.0,ZRH,ARN,Zürich,Stockholm
"{'ZRH', 'BCN'}",105.0,ZRH,BCN,Zürich,Barcelona
"{'ZRH', 'BLQ'}",70.0,ZRH,BLQ,Zürich,Bologna
"{'ZRH', 'BRU'}",72.5,ZRH,BRU,Zürich,Brussels
"{'ZRH', 'CDG'}",75.0,ZRH,CDG,Zürich,Paris
"{'ZRH', 'EDI'}",135.0,ZRH,EDI,Zürich,Dunfermline
"{'ZRH', 'GOT'}",120.0,ZRH,GOT,Zürich,Gothenburg
"{'ZRH', 'GVA'}",55.0,ZRH,GVA,Zürich,Geneva
"{'ZRH', 'HAM'}",82.5,ZRH,HAM,Zürich,Hamburg
"{'ZRH', 'HEL'}",170.0,ZRH,HEL,Zürich,Helsinki
"{'ZRH', 'MAD'}",145.0,ZRH,MAD,Zürich,Madrid
"{'ZRH', 'MUC'}",55.0,ZRH,MUC,Zürich,Munich
"{'ZRH', 'OPO'}",160.0,ZRH,OPO,Zürich,Porto
"{'ZRH', 'OTP'}",150.0,ZRH,OTP,Zürich,Bucharest
"{'ZRH', 'PRN'}",127.5,ZRH,PRN,Zürich,Pristina
"{'ZRH', 'RVN'}",205.0,ZRH,RVN,Zürich,Rovaniemi
"{'ZRH', 'STR'}",45.0,ZRH,STR,Zürich,Stuttgart
"{'ZTH', 'ATH'}",62.5,ZTH,ATH,Alykés,Athens
