route,time,departure airport,arrival airport,departure city,arrival city,city1,city2
"{'AAL', 'AMS'}",85.0,AAL,AMS,Aalborg,Amsterdam,Aalborg,Amsterdam
"{'AAQ', 'LED'}",170.0,AAQ,LED,Krasnyi Kurgan,St. Petersburg,Krasnyi Kurgan,St. Petersburg
"{'AMS', 'ABZ'}",85.0,AMS,ABZ,Amsterdam,Aberdeen,Amsterdam,Aberdeen
"{'ABZ', 'LGW'}",95.0,ABZ,LGW,Aberdeen,"Gatwick, Surrey",Aberdeen,Gatwick
"{'ACE', 'AGP'}",130.0,ACE,AGP,San Bartolomé,Málaga,San Bartolome,Malaga
"{'ACE', 'BCN'}",185.0,ACE,BCN,San Bartolomé,Barcelona,San Bartolome,Barcelona
"{'ACE', 'BFS'}",265.0,ACE,BFS,San Bartolomé,Belfast,San Bartolome,Belfast
"{'ACE', 'BGY'}",242.5,ACE,BGY,San Bartolomé,Orio al Serio (BG),San Bartolome,Orio al Serio
"{'ACE', 'BHX'}",255.0,ACE,BHX,San Bartolomé,Birmingham,San Bartolome,Birmingham
"{'ACE', 'BOD'}",195.0,ACE,BOD,San Bartolomé,Bordeaux/Mérignac,San Bartolome,Bordeaux
"{'ACE', 'BRU'}",250.0,ACE,BRU,San Bartolomé,Zaventem,San Bartolome,Zaventem
"{'ACE', 'CDG'}",240.0,ACE,CDG,San Bartolomé,Paris,San Bartolome,Paris
"{'ACE', 'CRL'}",250.0,ACE,CRL,San Bartolomé,Charleroi,San Bartolome,Charleroi
"{'ACE', 'EDI'}",280.0,ACE,EDI,San Bartolomé,Edinburgh,San Bartolome,Edinburgh
"{'ACE', 'HAM'}",285.0,ACE,HAM,San Bartolomé,Hamburg,San Bartolome,Hamburg
"{'ACE', 'LGW'}",247.5,ACE,LGW,San Bartolomé,"Gatwick, Surrey",San Bartolome,Gatwick
"{'ACE', 'LPL'}",250.0,ACE,LPL,San Bartolomé,Liverpool,San Bartolome,Liverpool
"{'ACE', 'LTN'}",257.5,ACE,LTN,San Bartolomé,"Luton, Bedfordshire",San Bartolome,Luton
"{'ACE', 'MAD'}",155.0,ACE,MAD,San Bartolomé,Madrid,San Bartolome,Madrid
"{'ACE', 'OSL'}",325.0,ACE,OSL,San Bartolomé,Oslo,San Bartolome,Oslo
"{'ACI', 'GCI'}",20.0,ACI,GCI,Saint Anne,Saint Peter Port,Saint Anne,Saint Peter Port
"{'ACI', 'SOU'}",40.0,ACI,SOU,Saint Anne,Southampton,Saint Anne,Southampton
"{'AER', 'CEE'}",210.0,AER,CEE,Sochi,Cherepovets,Sochi,Cherepovets
"{'AER', 'DME'}",215.0,AER,DME,Sochi,Moscow,Sochi,Moscow
"{'AER', 'KJA'}",325.0,AER,KJA,Sochi,Krasnoyarsk,Sochi,Krasnoyarsk
"{'AER', 'KZN'}",205.0,AER,KZN,Sochi,Kazan,Sochi,Kazan
"{'AER', 'LED'}",240.0,AER,LED,Sochi,St. Petersburg,Sochi,St. Petersburg
"{'AER', 'PEE'}",203.75,AER,PEE,Sochi,Perm,Sochi,Perm
"{'AER', 'PKV'}",245.0,AER,PKV,Sochi,Pskov,Sochi,Pskov
"{'AER', 'SVO'}",225.8333333333333,AER,SVO,Sochi,Moscow,Sochi,Moscow
"{'AER', 'VKO'}",165.0,AER,VKO,Sochi,Moscow,Sochi,Moscow
"{'AER', 'ZIA'}",225.0,AER,ZIA,Sochi,Moscow,Sochi,Moscow
"{'AES', 'ALC'}",230.0,AES,ALC,Ålesund,Alicante,Alesund,Alicante
"{'AES', 'BGO'}",50.0,AES,BGO,Ålesund,Bergen,Alesund,Bergen
"{'BCN', 'AGP'}",97.5,BCN,AGP,Barcelona,Málaga,Barcelona,Malaga
"{'BOD', 'AGP'}",110.0,BOD,AGP,Bordeaux/Mérignac,Málaga,Bordeaux,Malaga
"{'GOT', 'AGP'}",230.0,GOT,AGP,Gothenburg,Málaga,Gothenburg,Malaga
"{'HAM', 'AGP'}",205.0,HAM,AGP,Hamburg,Málaga,Hamburg,Malaga
"{'LGW', 'AGP'}",165.0,LGW,AGP,"Gatwick, Surrey",Málaga,Gatwick,Malaga
"{'MAD', 'AGP'}",80.0,MAD,AGP,Madrid,Málaga,Madrid,Malaga
"{'AHO', 'BGY'}",77.5,AHO,BGY,Alghero,Orio al Serio (BG),Alghero,Orio al Serio
"{'AHO', 'FCO'}",65.0,AHO,FCO,Alghero,Rome,Alghero,Rome
"{'AHO', 'LIN'}",70.0,AHO,LIN,Alghero,Segrate (MI),Alghero,Segrate
"{'AJA', 'MRS'}",50.0,AJA,MRS,Ajaccio/Napoléon Bonaparte,Marseille,Ajaccio,Marseille
"{'AJA', 'NCE'}",50.0,AJA,NCE,Ajaccio/Napoléon Bonaparte,Nice,Ajaccio,Nice
"{'AJA', 'ORY'}",100.0,AJA,ORY,Ajaccio/Napoléon Bonaparte,Paris,Ajaccio,Paris
"{'ALC', 'BCN'}",70.0,ALC,BCN,Alicante,Barcelona,Alicante,Barcelona
"{'BGY', 'ALC'}",130.0,BGY,ALC,Orio al Serio (BG),Alicante,Orio al Serio,Alicante
"{'ALC', 'BHX'}",160.0,ALC,BHX,Alicante,Birmingham,Alicante,Birmingham
"{'BRS', 'ALC'}",145.0,BRS,ALC,Bristol,Alicante,Bristol,Alicante
"{'ALC', 'BRU'}",150.0,ALC,BRU,Alicante,Zaventem,Alicante,Zaventem
"{'CWL', 'ALC'}",140.0,CWL,ALC,Cardiff,Alicante,Cardiff,Alicante
"{'ALC', 'GDN'}",217.5,ALC,GDN,Alicante,Gdańsk,Alicante,Gdansk
"{'ALC', 'GOT'}",215.0,ALC,GOT,Alicante,Gothenburg,Alicante,Gothenburg
"{'ALC', 'HAM'}",175.0,ALC,HAM,Alicante,Hamburg,Alicante,Hamburg
"{'ALC', 'LGW'}",155.0,ALC,LGW,Alicante,"Gatwick, Surrey",Alicante,Gatwick
"{'LPL', 'ALC'}",160.0,LPL,ALC,Liverpool,Alicante,Liverpool,Alicante
"{'ALC', 'MAD'}",70.0,ALC,MAD,Alicante,Madrid,Alicante,Madrid
"{'ALC', 'MST'}",155.0,ALC,MST,Alicante,Maastricht,Alicante,Maastricht
"{'ALC', 'OPO'}",95.0,ALC,OPO,Alicante,Porto,Alicante,Postage
"{'ALC', 'OTP'}",220.0,ALC,OTP,Alicante,Otopeni,Alicante,Otopeni
"{'ALC', 'WMI'}",205.0,ALC,WMI,Alicante,Warsaw,Alicante,Warsaw
"{'ABZ', 'AMS'}",95.0,ABZ,AMS,Aberdeen,Amsterdam,Aberdeen,Amsterdam
"{'AMS', 'AGP'}",187.5,AMS,AGP,Amsterdam,Málaga,Amsterdam,Malaga
"{'AMS', 'ALC'}",172.5,AMS,ALC,Amsterdam,Alicante,Amsterdam,Alicante
"{'AMS', 'ARN'}",130.0,AMS,ARN,Amsterdam,Stockholm,Amsterdam,Stockholm
"{'ATH', 'AMS'}",220.0,ATH,AMS,Spata-Artemida,Amsterdam,Spata,Amsterdam
"{'AMS', 'BCN'}",142.5,AMS,BCN,Amsterdam,Barcelona,Amsterdam,Barcelona
"{'AMS', 'BGO'}",107.5,AMS,BGO,Amsterdam,Bergen,Amsterdam,Bergen
"{'AMS', 'BHX'}",80.0,AMS,BHX,Amsterdam,Birmingham,Amsterdam,Birmingham
"{'AMS', 'BLL'}",75.0,AMS,BLL,Amsterdam,Billund,Amsterdam,Billund
"{'AMS', 'BOJ'}",200.0,AMS,BOJ,Amsterdam,Burgas,Amsterdam,Burgas
"{'AMS', 'BRS'}",85.0,AMS,BRS,Amsterdam,Bristol,Amsterdam,Bristol
"{'AMS', 'CDG'}",80.0,AMS,CDG,Amsterdam,Paris,Amsterdam,Paris
"{'AMS', 'CWL'}",80.0,AMS,CWL,Amsterdam,Cardiff,Amsterdam,Cardiff
"{'AMS', 'FLR'}",130.0,AMS,FLR,Amsterdam,Firenze,Amsterdam,Firenze
"{'AMS', 'FUE'}",275.0,AMS,FUE,Amsterdam,El Matorral,Amsterdam,El Matorral
"{'AMS', 'GDN'}",110.0,AMS,GDN,Amsterdam,Gdańsk,Amsterdam,Gdansk
"{'AMS', 'GVA'}",97.5,AMS,GVA,Amsterdam,Geneva,Amsterdam,Geneva
"{'AMS', 'HAM'}",70.0,AMS,HAM,Amsterdam,Hamburg,Amsterdam,Hamburg
"{'AMS', 'HEL'}",160.0,AMS,HEL,Amsterdam,Helsinki,Amsterdam,Helsinki
"{'AMS', 'LGW'}",80.0,AMS,LGW,Amsterdam,"Gatwick, Surrey",Amsterdam,Gatwick
"{'LTN', 'AMS'}",70.0,LTN,AMS,"Luton, Bedfordshire",Amsterdam,Luton,Amsterdam
"{'AMS', 'MUC'}",100.0,AMS,MUC,Amsterdam,Munich,Amsterdam,Munich
"{'AMS', 'NWI'}",55.0,AMS,NWI,Amsterdam,"Norwich, Norfolk",Amsterdam,Norwich
"{'AMS', 'OPO'}",162.5,AMS,OPO,Amsterdam,Porto,Amsterdam,Postage
"{'AMS', 'OTP'}",185.0,AMS,OTP,Amsterdam,Otopeni,Amsterdam,Otopeni
"{'AMS', 'PRG'}",80.0,AMS,PRG,Amsterdam,Prague,Amsterdam,Prague
"{'AMS', 'RVN'}",185.0,AMS,RVN,Amsterdam,Rovaniemi,Amsterdam,Rovaniemi
"{'AMS', 'SOU'}",75.0,AMS,SOU,Amsterdam,Southampton,Amsterdam,Southampton
"{'AMS', 'VLC'}",160.0,AMS,VLC,Amsterdam,Valencia,Amsterdam,Valencia
"{'AMS', 'ZRH'}",102.5,AMS,ZRH,Amsterdam,Zurich,Amsterdam,Zurich
"{'ANX', 'EVE'}",25.0,ANX,EVE,Andenes,Evenes,Andenes,Evenes
"{'ANX', 'TOS'}",30.0,ANX,TOS,Andenes,Tromsø,Andenes,Tromso
"{'ARH', 'LED'}",90.0,ARH,LED,Archangelsk,St. Petersburg,Arkhangelsk,St. Petersburg
"{'SVO', 'ARH'}",125.0,SVO,ARH,Moscow,Archangelsk,Moscow,Arkhangelsk
"{'ARN', 'AGP'}",265.0,ARN,AGP,Stockholm,Málaga,Stockholm,Malaga
"{'ALC', 'ARN'}",245.0,ALC,ARN,Alicante,Stockholm,Alicante,Stockholm
"{'BGY', 'ARN'}",165.0,BGY,ARN,Orio al Serio (BG),Stockholm,Orio al Serio,Stockholm
"{'ARN', 'GDN'}",82.5,ARN,GDN,Stockholm,Gdańsk,Stockholm,Gdansk
"{'ARN', 'GOT'}",65.0,ARN,GOT,Stockholm,Gothenburg,Stockholm,Gothenburg
"{'HEL', 'ARN'}",77.5,HEL,ARN,Helsinki,Stockholm,Helsinki,Stockholm
"{'MUC', 'ARN'}",135.0,MUC,ARN,Munich,Stockholm,Munich,Stockholm
"{'ARN', 'POZ'}",100.0,ARN,POZ,Stockholm,Poznań,Stockholm,Poznan
"{'ARN', 'WMI'}",102.5,ARN,WMI,Stockholm,Warsaw,Stockholm,Warsaw
"{'ASF', 'SVO'}",162.5,ASF,SVO,Astrakhan,Moscow,Astrakhan,Moscow
"{'ATH', 'AXD'}",61.66666666666666,ATH,AXD,Spata-Artemida,Alexandroupolis,Spata,Alexandroupolis
"{'ATH', 'BCN'}",175.0,ATH,BCN,Spata-Artemida,Barcelona,Spata,Barcelona
"{'ATH', 'BLQ'}",135.0,ATH,BLQ,Spata-Artemida,Bologna,Spata,Bologna
"{'ATH', 'BRU'}",180.0,ATH,BRU,Spata-Artemida,Zaventem,Spata,Zaventem
"{'ATH', 'CDG'}",210.0,ATH,CDG,Spata-Artemida,Paris,Spata,Paris
"{'ATH', 'GVA'}",165.0,ATH,GVA,Spata-Artemida,Geneva,Spata,Geneva
"{'ATH', 'JKH'}",51.66666666666666,ATH,JKH,Spata-Artemida,Chios Island,Spata,Chios Island
"{'JMK', 'ATH'}",45.0,JMK,ATH,Mykonos,Spata-Artemida,Mykonos,Spata
"{'KVA', 'ATH'}",75.0,KVA,ATH,Kavala,Spata-Artemida,Kavala,Spata
"{'ATH', 'LGW'}",230.0,ATH,LGW,Spata-Artemida,"Gatwick, Surrey",Spata,Gatwick
"{'ATH', 'MAD'}",245.0,ATH,MAD,Spata-Artemida,Madrid,Spata,Madrid
"{'ATH', 'OTP'}",95.0,ATH,OTP,Spata-Artemida,Otopeni,Spata,Otopeni
"{'ATH', 'RHO'}",60.0,ATH,RHO,Spata-Artemida,Rhodes,Spata,Rhodes
"{'ATH', 'SKG'}",53.333333333333336,ATH,SKG,Spata-Artemida,Thessaloniki,Spata,Thessaloniki
"{'SMI', 'ATH'}",65.0,SMI,ATH,Samos Island,Spata-Artemida,Samos Island,Spata
"{'ATH', 'ZRH'}",165.0,ATH,ZRH,Spata-Artemida,Zurich,Spata,Zurich
"{'AXD', 'JSH'}",100.0,AXD,JSH,Alexandroupolis,Crete Island,Alexandroupolis,Crete Island
"{'AGP', 'BCN'}",92.5,AGP,BCN,Málaga,Barcelona,Malaga,Barcelona
"{'BLQ', 'BCN'}",100.0,BLQ,BCN,Bologna,Barcelona,Bologna,Barcelona
"{'BOD', 'BCN'}",75.0,BOD,BCN,Bordeaux/Mérignac,Barcelona,Bordeaux,Barcelona
"{'BRU', 'BCN'}",120.0,BRU,BCN,Zaventem,Barcelona,Zaventem,Barcelona
"{'CAG', 'BCN'}",90.0,CAG,BCN,Cagliari,Barcelona,Cagliari,Barcelona
"{'CRL', 'BCN'}",115.0,CRL,BCN,Charleroi,Barcelona,Charleroi,Barcelona
"{'GOA', 'BCN'}",95.0,GOA,BCN,Genova (GE),Barcelona,Genova,Barcelona
"{'GOT', 'BCN'}",190.0,GOT,BCN,Gothenburg,Barcelona,Gothenburg,Barcelona
"{'LGW', 'BCN'}",125.0,LGW,BCN,"Gatwick, Surrey",Barcelona,Gatwick,Barcelona
"{'MST', 'BCN'}",120.0,MST,BCN,Maastricht,Barcelona,Maastricht,Barcelona
"{'OPO', 'BCN'}",105.0,OPO,BCN,Porto,Barcelona,Postage,Barcelona
"{'OTP', 'BCN'}",205.0,OTP,BCN,Otopeni,Barcelona,Otopeni,Barcelona
"{'BDS', 'BGY'}",100.0,BDS,BGY,Brindisi,Orio al Serio (BG),Brindisi,Orio al Serio
"{'BDS', 'BLQ'}",85.0,BDS,BLQ,Brindisi,Bologna,Brindisi,Bologna
"{'BEG', 'ATH'}",100.0,BEG,ATH,Belgrade,Spata-Artemida,Belgrade,Spata
"{'BEG', 'BCN'}",165.0,BEG,BCN,Belgrade,Barcelona,Belgrade,Barcelona
"{'BEG', 'BUD'}",65.0,BEG,BUD,Belgrade,Budapest,Belgrade,Budapest
"{'BEG', 'BVA'}",152.5,BEG,BVA,Belgrade,Tillé,Belgrade,Tille
"{'BEG', 'CDG'}",155.0,BEG,CDG,Belgrade,Paris,Belgrade,Paris
"{'BEG', 'INI'}",55.0,BEG,INI,Belgrade,Niš,Belgrade,Nis
"{'BEG', 'KZN'}",245.0,BEG,KZN,Belgrade,Kazan,Belgrade,Kazan
"{'BEG', 'LED'}",172.5,BEG,LED,Belgrade,St. Petersburg,Belgrade,St. Petersburg
"{'BEG', 'LIS'}",240.0,BEG,LIS,Belgrade,Lisbon,Belgrade,Lisbon
"{'BEG', 'OSL'}",170.0,BEG,OSL,Belgrade,Oslo,Belgrade,Oslo
"{'BEG', 'SVO'}",190.0,BEG,SVO,Belgrade,Moscow,Belgrade,Moscow
"{'BEG', 'TGD'}",53.75,BEG,TGD,Belgrade,Podgorica,Belgrade,Podgorica
"{'BEG', 'TIV'}",50.0,BEG,TIV,Belgrade,Tivat,Belgrade,Tivat
"{'BEG', 'VIE'}",90.0,BEG,VIE,Belgrade,Vienna,Belgrade,Vienna
"{'BEG', 'WAW'}",100.0,BEG,WAW,Belgrade,Warsaw,Belgrade,Warsaw
"{'BEG', 'ZRH'}",100.0,BEG,ZRH,Belgrade,Zurich,Belgrade,Zurich
"{'BFS', 'ALC'}",177.5,BFS,ALC,Belfast,Alicante,Belfast,Alicante
"{'BFS', 'BHX'}",65.0,BFS,BHX,Belfast,Birmingham,Belfast,Birmingham
"{'BFS', 'EDI'}",52.5,BFS,EDI,Belfast,Edinburgh,Belfast,Edinburgh
"{'BFS', 'GVA'}",135.0,BFS,GVA,Belfast,Geneva,Belfast,Geneva
"{'BGC', 'VRL'}",20.0,BGC,VRL,Bragança,Vila Real,Braganca,Vila Real
"{'AGP', 'BGO'}",240.0,AGP,BGO,Málaga,Bergen,Malaga,Bergen
"{'BGY', 'AGP'}",155.0,BGY,AGP,Orio al Serio (BG),Málaga,Orio al Serio,Malaga
"{'ALC', 'BGY'}",130.0,ALC,BGY,Alicante,Orio al Serio (BG),Alicante,Orio al Serio
"{'ARN', 'BGY'}",165.0,ARN,BGY,Stockholm,Orio al Serio (BG),Stockholm,Orio al Serio
"{'BGY', 'BCN'}",100.0,BGY,BCN,Orio al Serio (BG),Barcelona,Orio al Serio,Barcelona
"{'BRS', 'BGY'}",120.0,BRS,BGY,Bristol,Orio al Serio (BG),Bristol,Orio al Serio
"{'BVA', 'BGY'}",90.0,BVA,BGY,Tillé,Orio al Serio (BG),Tille,Orio al Serio
"{'BGY', 'CAG'}",90.0,BGY,CAG,Orio al Serio (BG),Cagliari,Orio al Serio,Cagliari
"{'BGY', 'CRL'}",92.5,BGY,CRL,Orio al Serio (BG),Charleroi,Orio al Serio,Charleroi
"{'BGY', 'IAS'}",145.0,BGY,IAS,Orio al Serio (BG),Iaşi,Orio al Serio,Iasi
"{'BGY', 'OPO'}",155.0,BGY,OPO,Orio al Serio (BG),Porto,Orio al Serio,Postage
"{'BGY', 'OTP'}",137.5,BGY,OTP,Orio al Serio (BG),Otopeni,Orio al Serio,Otopeni
"{'PSR', 'BGY'}",75.0,PSR,BGY,Pescara,Orio al Serio (BG),Pescara,Orio al Serio
"{'BGY', 'SUF'}",102.5,BGY,SUF,Orio al Serio (BG),Lamezia Terme (CZ),Orio al Serio,Lamezia Terme
"{'BGY', 'VLC'}",122.5,BGY,VLC,Orio al Serio (BG),Valencia,Orio al Serio,Valencia
"{'BHD', 'AMS'}",92.5,BHD,AMS,Belfast,Amsterdam,Belfast,Amsterdam
"{'BHD', 'BHX'}",75.0,BHD,BHX,Belfast,Birmingham,Belfast,Birmingham
"{'BHD', 'LGW'}",85.0,BHD,LGW,Belfast,"Gatwick, Surrey",Belfast,Gatwick
"{'BHD', 'LHR'}",80.0,BHD,LHR,Belfast,London,Belfast,London
"{'BHD', 'LPL'}",50.0,BHD,LPL,Belfast,Liverpool,Belfast,Liverpool
"{'BHD', 'MAN'}",65.0,BHD,MAN,Belfast,Manchester,Belfast,Manchester
"{'BHX', 'AGP'}",175.0,BHX,AGP,Birmingham,Málaga,Birmingham,Malaga
"{'BHX', 'BCN'}",130.0,BHX,BCN,Birmingham,Barcelona,Birmingham,Barcelona
"{'BHX', 'CRA'}",210.0,BHX,CRA,Birmingham,Craiova,Birmingham,Craiova
"{'BHX', 'FUE'}",260.0,BHX,FUE,Birmingham,El Matorral,Birmingham,El Matorral
"{'BHX', 'OPO'}",140.0,BHX,OPO,Birmingham,Porto,Birmingham,Postage
"{'BHX', 'OTP'}",215.0,BHX,OTP,Birmingham,Otopeni,Birmingham,Otopeni
"{'BHX', 'POZ'}",135.0,BHX,POZ,Birmingham,Poznań,Birmingham,Poznan
"{'BHX', 'VLC'}",150.0,BHX,VLC,Birmingham,Valencia,Birmingham,Valencia
"{'BIO', 'ACE'}",170.0,BIO,ACE,Bilbao,San Bartolomé,Bilbao,San Bartolome
"{'BIO', 'AMS'}",135.0,BIO,AMS,Bilbao,Amsterdam,Bilbao,Amsterdam
"{'BIO', 'BCN'}",72.5,BIO,BCN,Bilbao,Barcelona,Bilbao,Barcelona
"{'BIO', 'CDG'}",102.5,BIO,CDG,Bilbao,Paris,Bilbao,Paris
"{'BIO', 'FUE'}",175.0,BIO,FUE,Bilbao,El Matorral,Bilbao,El Matorral
"{'BIO', 'LGW'}",108.33333333333331,BIO,LGW,Bilbao,"Gatwick, Surrey",Bilbao,Gatwick
"{'BIO', 'MAD'}",67.5,BIO,MAD,Bilbao,Madrid,Bilbao,Madrid
"{'BIO', 'MUC'}",135.0,BIO,MUC,Bilbao,Munich,Bilbao,Munich
"{'BIO', 'OPO'}",77.5,BIO,OPO,Bilbao,Porto,Bilbao,Postage
"{'GDN', 'BLL'}",90.0,GDN,BLL,Gdańsk,Billund,Gdansk,Billund
"{'OTP', 'BLL'}",180.0,OTP,BLL,Otopeni,Billund,Otopeni,Billund
"{'CRA', 'BLQ'}",120.0,CRA,BLQ,Craiova,Bologna,Craiova,Bologna
"{'BNN', 'BOO'}",40.0,BNN,BOO,Brønnøy,Bodø,Bronnoy,Bodo
"{'BNN', 'TRD'}",45.0,BNN,TRD,Brønnøy,Trondheim,Bronnoy,Trondheim
"{'BNX', 'GOT'}",145.0,BNX,GOT,Banja Luka,Gothenburg,Banja Luka,Gothenburg
"{'BCN', 'BOD'}",80.0,BCN,BOD,Barcelona,Bordeaux/Mérignac,Barcelona,Bordeaux
"{'BOH', 'AGP'}",157.5,BOH,AGP,Bournemouth,Málaga,Bournemouth,Malaga
"{'BOO', 'LKN'}",25.0,BOO,LKN,Bodø,Leknes,Bodo,Leknes
"{'BOO', 'MJF'}",35.0,BOO,MJF,Bodø,Mosjøen,Bodo,Mosjoen
"{'BRE', 'MUC'}",75.0,BRE,MUC,Bremen,Munich,Bremen,Munich
"{'BRI', 'BGY'}",90.0,BRI,BGY,Bari,Orio al Serio (BG),Bari,Orio al Serio
"{'BRI', 'BUD'}",91.66666666666669,BRI,BUD,Bari,Budapest,Bari,Budapest
"{'BRI', 'CRL'}",145.0,BRI,CRL,Bari,Charleroi,Bari,Charleroi
"{'BRI', 'FCO'}",70.0,BRI,FCO,Bari,Rome,Bari,Rome
"{'BRI', 'LIN'}",85.0,BRI,LIN,Bari,Segrate (MI),Bari,Segrate
"{'BRI', 'MLA'}",80.0,BRI,MLA,Bari,Valletta,Bari,Valletta
"{'BRI', 'MXP'}",97.5,BRI,MXP,Bari,Ferno (VA),Bari,Ferno
"{'BRI', 'OTP'}",105.0,BRI,OTP,Bari,Otopeni,Bari,Otopeni
"{'BRI', 'TIA'}",60.0,BRI,TIA,Bari,Rinas,Bari,Rinas
"{'BRI', 'TRN'}",97.5,BRI,TRN,Bari,Caselle Torinese (TO),Bari,Caselle Torinese
"{'BRI', 'VCE'}",80.0,BRI,VCE,Bari,Venezia (VE),Bari,Venezia
"{'BRI', 'VRN'}",82.5,BRI,VRN,Bari,Caselle (VR),Bari,Caselle
"{'BRI', 'WMI'}",130.0,BRI,WMI,Bari,Warsaw,Bari,Warsaw
"{'BRS', 'AGP'}",165.0,BRS,AGP,Bristol,Málaga,Bristol,Malaga
"{'ALC', 'BRS'}",160.0,ALC,BRS,Alicante,Bristol,Alicante,Bristol
"{'BRS', 'BCN'}",125.0,BRS,BCN,Bristol,Barcelona,Bristol,Barcelona
"{'BGY', 'BRS'}",125.0,BGY,BRS,Orio al Serio (BG),Bristol,Orio al Serio,Bristol
"{'BRS', 'FUE'}",240.0,BRS,FUE,Bristol,El Matorral,Bristol,El Matorral
"{'GNB', 'BRS'}",112.5,GNB,BRS,Saint-Étienne-de-Saint-Geoirs,Bristol,Saint,Bristol
"{'BRS', 'OPO'}",125.0,BRS,OPO,Bristol,Porto,Bristol,Postage
"{'BRS', 'POZ'}",135.0,BRS,POZ,Bristol,Poznań,Bristol,Poznan
"{'AGP', 'BRU'}",190.0,AGP,BRU,Málaga,Zaventem,Malaga,Zaventem
"{'BCN', 'BRU'}",130.0,BCN,BRU,Barcelona,Zaventem,Barcelona,Zaventem
"{'BSL', 'ACE'}",245.0,BSL,ACE,Saint-Louis,San Bartolomé,Saint,San Bartolome
"{'BSL', 'AMS'}",85.0,BSL,AMS,Saint-Louis,Amsterdam,Saint,Amsterdam
"{'BSL', 'CDG'}",75.0,BSL,CDG,Saint-Louis,Paris,Saint,Paris
"{'BSL', 'CTA'}",135.0,BSL,CTA,Saint-Louis,Catania,Saint,Catania
"{'BSL', 'FUE'}",250.0,BSL,FUE,Saint-Louis,El Matorral,Saint,El Matorral
"{'BSL', 'MUC'}",60.0,BSL,MUC,Saint-Louis,Munich,Saint,Munich
"{'BSL', 'OTP'}",152.5,BSL,OTP,Saint-Louis,Otopeni,Saint,Otopeni
"{'BSL', 'PRN'}",130.0,BSL,PRN,Saint-Louis,Prishtina,Saint,Prishtina
"{'BSL', 'SUF'}",130.0,BSL,SUF,Saint-Louis,Lamezia Terme (CZ),Saint,Lamezia Terme
"{'BTS', 'KUN'}",105.0,BTS,KUN,Bratislava,Kaunas,Bratislava,Kaunas
"{'BTS', 'LTN'}",150.0,BTS,LTN,Bratislava,"Luton, Bedfordshire",Bratislava,Luton
"{'BUD', 'AGP'}",213.75,BUD,AGP,Budapest,Málaga,Budapest,Malaga
"{'BUD', 'ARN'}",145.0,BUD,ARN,Budapest,Stockholm,Budapest,Stockholm
"{'BUD', 'ATH'}",120.0,BUD,ATH,Budapest,Spata-Artemida,Budapest,Spata
"{'BUD', 'BCN'}",157.5,BUD,BCN,Budapest,Barcelona,Budapest,Barcelona
"{'BUD', 'BGY'}",94.5,BUD,BGY,Budapest,Orio al Serio (BG),Budapest,Orio al Serio
"{'BUD', 'BHX'}",165.0,BUD,BHX,Budapest,Birmingham,Budapest,Birmingham
"{'BUD', 'BLQ'}",90.0,BUD,BLQ,Budapest,Bologna,Budapest,Bologna
"{'BUD', 'BRS'}",160.0,BUD,BRS,Budapest,Bristol,Budapest,Bristol
"{'BUD', 'CIA'}",100.0,BUD,CIA,Budapest,Rome,Budapest,Rome
"{'BUD', 'CRL'}",122.5,BUD,CRL,Budapest,Charleroi,Budapest,Charleroi
"{'BUD', 'CTA'}",130.0,BUD,CTA,Budapest,Catania,Budapest,Catania
"{'BUD', 'HEL'}",142.5,BUD,HEL,Budapest,Helsinki,Budapest,Helsinki
"{'BUD', 'LHR'}",170.0,BUD,LHR,Budapest,London,Budapest,London
"{'BUD', 'LTN'}",157.5,BUD,LTN,Budapest,"Luton, Bedfordshire",Budapest,Luton
"{'BUD', 'MAD'}",205.0,BUD,MAD,Budapest,Madrid,Budapest,Madrid
"{'BUD', 'MLA'}",140.0,BUD,MLA,Budapest,Valletta,Budapest,Valletta
"{'BUD', 'MRS'}",130.0,BUD,MRS,Budapest,Marseille,Budapest,Marseille
"{'BUD', 'MXP'}",105.0,BUD,MXP,Budapest,Ferno (VA),Budapest,Ferno
"{'BUD', 'PRG'}",72.5,BUD,PRG,Budapest,Prague,Budapest,Prague
"{'BUD', 'WAW'}",77.5,BUD,WAW,Budapest,Warsaw,Budapest,Warsaw
"{'BVA', 'BCN'}",105.0,BVA,BCN,Tillé,Barcelona,Tille,Barcelona
"{'BGY', 'BVA'}",100.0,BGY,BVA,Orio al Serio (BG),Tillé,Orio al Serio,Tille
"{'BVA', 'OPO'}",132.5,BVA,OPO,Tillé,Porto,Tille,Postage
"{'BZG', 'LTN'}",135.0,BZG,LTN,Bydgoszcz,"Luton, Bedfordshire",Bydgoszcz,Luton
"{'BZO', 'BLL'}",135.0,BZO,BLL,Bolzano (BZ),Billund,Bolzano,Billund
"{'BZR', 'CRL'}",100.0,BZR,CRL,Béziers/Vias,Charleroi,Beziers,Charleroi
"{'CDG', 'AGP'}",165.0,CDG,AGP,Paris,Málaga,Paris,Malaga
"{'ARN', 'CDG'}",165.0,ARN,CDG,Stockholm,Paris,Stockholm,Paris
"{'CDG', 'BCN'}",105.0,CDG,BCN,Paris,Barcelona,Paris,Barcelona
"{'CDG', 'BHX'}",85.0,CDG,BHX,Paris,Birmingham,Paris,Birmingham
"{'CDG', 'BLQ'}",105.0,CDG,BLQ,Paris,Bologna,Paris,Bologna
"{'CDG', 'BOD'}",85.0,CDG,BOD,Paris,Bordeaux/Mérignac,Paris,Bordeaux
"{'CDG', 'BRU'}",70.0,CDG,BRU,Paris,Zaventem,Paris,Zaventem
"{'CDG', 'GOT'}",140.0,CDG,GOT,Paris,Gothenburg,Paris,Gothenburg
"{'HEL', 'CDG'}",200.0,HEL,CDG,Helsinki,Paris,Helsinki,Paris
"{'MUC', 'CDG'}",100.0,MUC,CDG,Munich,Paris,Munich,Paris
"{'CDG', 'OTP'}",190.0,CDG,OTP,Paris,Otopeni,Paris,Otopeni
"{'TOS', 'CDG'}",240.0,TOS,CDG,Tromsø,Paris,Tromso,Paris
"{'CDT', 'NRN'}",152.5,CDT,NRN,Castellón de la Plana,Weeze,Castellon de la Plana,Weeze
"{'LED', 'CEE'}",55.0,LED,CEE,St. Petersburg,Cherepovets,St. Petersburg,Cherepovets
"{'CEK', 'LED'}",180.0,CEK,LED,Chelyabinsk,St. Petersburg,Chelyabinsk,St. Petersburg
"{'SVO', 'CEK'}",155.0,SVO,CEK,Moscow,Chelyabinsk,Moscow,Chelyabinsk
"{'CEK', 'VKO'}",152.5,CEK,VKO,Chelyabinsk,Moscow,Chelyabinsk,Moscow
"{'CFU', 'ATH'}",60.0,CFU,ATH,Kerkyra (Corfu),Spata-Artemida,Kerkyra,Spata
"{'CGN', 'AGP'}",180.0,CGN,AGP,Köln (Cologne),Málaga,Cologne,Malaga
"{'CGN', 'FUE'}",268.3333333333333,CGN,FUE,Köln (Cologne),El Matorral,Cologne,El Matorral
"{'CGN', 'MUC'}",65.0,CGN,MUC,Köln (Cologne),Munich,Cologne,Munich
"{'VAR', 'CGN'}",180.0,VAR,CGN,Varna,Köln (Cologne),Varna,Cologne
"{'CHQ', 'ATH'}",52.5,CHQ,ATH,Souda,Spata-Artemida,Souda,Spata
"{'CRL', 'CIA'}",120.0,CRL,CIA,Charleroi,Rome,Charleroi,Rome
"{'OTP', 'CIA'}",125.0,OTP,CIA,Otopeni,Rome,Otopeni,Rome
"{'CLJ', 'BGY'}",121.66666666666669,CLJ,BGY,Cluj-Napoca,Orio al Serio (BG),Cluj,Orio al Serio
"{'CLJ', 'CIA'}",130.0,CLJ,CIA,Cluj-Napoca,Rome,Cluj,Rome
"{'LTN', 'CLJ'}",175.0,LTN,CLJ,"Luton, Bedfordshire",Cluj-Napoca,Luton,Cluj
"{'CLJ', 'OTP'}",55.0,CLJ,OTP,Cluj-Napoca,Otopeni,Cluj,Otopeni
"{'CLY', 'NCE'}",40.0,CLY,NCE,Calvi/Sainte-Catherine,Nice,Calvi,Nice
"{'CMF', 'BHX'}",115.0,CMF,BHX,Viviers-du-Lac,Birmingham,Viviers,Birmingham
"{'CPH', 'AAL'}",48.333333333333336,CPH,AAL,Copenhagen,Aalborg,Copenhagen,Aalborg
"{'CPH', 'AAR'}",40.0,CPH,AAR,Copenhagen,Aarhus,Copenhagen,Aarhus
"{'CPH', 'AGP'}",220.0,CPH,AGP,Copenhagen,Málaga,Copenhagen,Malaga
"{'CPH', 'ALC'}",200.0,CPH,ALC,Copenhagen,Alicante,Copenhagen,Alicante
"{'CPH', 'AMS'}",87.5,CPH,AMS,Copenhagen,Amsterdam,Copenhagen,Amsterdam
"{'CPH', 'ARN'}",72.5,CPH,ARN,Copenhagen,Stockholm,Copenhagen,Stockholm
"{'CPH', 'BUD'}",115.0,CPH,BUD,Copenhagen,Budapest,Copenhagen,Budapest
"{'CPH', 'BZO'}",130.0,CPH,BZO,Copenhagen,Bolzano (BZ),Copenhagen,Bolzano
"{'CPH', 'CDG'}",120.0,CPH,CDG,Copenhagen,Paris,Copenhagen,Paris
"{'CPH', 'CGN'}",85.0,CPH,CGN,Copenhagen,Köln (Cologne),Copenhagen,Cologne
"{'CPH', 'FAE'}",135.0,CPH,FAE,Copenhagen,Vágar,Copenhagen,Vagar
"{'CPH', 'FAO'}",235.0,CPH,FAO,Copenhagen,Faro,Copenhagen,Faro
"{'CPH', 'FRA'}",90.0,CPH,FRA,Copenhagen,Frankfurt am Main,Copenhagen,Frankfurt am Main
"{'CPH', 'GDN'}",65.0,CPH,GDN,Copenhagen,Gdańsk,Copenhagen,Gdansk
"{'CPH', 'GOT'}",52.5,CPH,GOT,Copenhagen,Gothenburg,Copenhagen,Gothenburg
"{'CPH', 'GVA'}",123.75,CPH,GVA,Copenhagen,Geneva,Copenhagen,Geneva
"{'CPH', 'HAM'}",60.0,CPH,HAM,Copenhagen,Hamburg,Copenhagen,Hamburg
"{'CPH', 'HEL'}",100.0,CPH,HEL,Copenhagen,Helsinki,Copenhagen,Helsinki
"{'CPH', 'KRK'}",105.0,CPH,KRK,Copenhagen,Balice,Copenhagen,Balice
"{'CPH', 'KUN'}",90.0,CPH,KUN,Copenhagen,Kaunas,Copenhagen,Kaunas
"{'CPH', 'LHR'}",125.0,CPH,LHR,Copenhagen,London,Copenhagen,London
"{'CPH', 'MAD'}",195.0,CPH,MAD,Copenhagen,Madrid,Copenhagen,Madrid
"{'CPH', 'MAN'}",120.0,CPH,MAN,Copenhagen,Manchester,Copenhagen,Manchester
"{'CPH', 'MUC'}",100.0,CPH,MUC,Copenhagen,Munich,Copenhagen,Munich
"{'CPH', 'OPO'}",205.0,CPH,OPO,Copenhagen,Porto,Copenhagen,Postage
"{'CPH', 'OSL'}",75.0,CPH,OSL,Copenhagen,Oslo,Copenhagen,Oslo
"{'CPH', 'RIX'}",85.0,CPH,RIX,Copenhagen,Riga,Copenhagen,Riga
"{'CPH', 'STN'}",115.0,CPH,STN,Copenhagen,London,Copenhagen,London
"{'CPH', 'SZG'}",96.66666666666669,CPH,SZG,Copenhagen,Salzburg,Copenhagen,Salzburg
"{'CPH', 'VIE'}",102.5,CPH,VIE,Copenhagen,Vienna,Copenhagen,Vienna
"{'CPH', 'ZRH'}",105.0,CPH,ZRH,Copenhagen,Zurich,Copenhagen,Zurich
"{'BLQ', 'CRA'}",110.0,BLQ,CRA,Bologna,Craiova,Bologna,Craiova
"{'CRL', 'CRA'}",150.0,CRL,CRA,Charleroi,Craiova,Charleroi,Craiova
"{'BCN', 'CRL'}",135.0,BCN,CRL,Barcelona,Charleroi,Barcelona,Charleroi
"{'CIA', 'CRL'}",130.0,CIA,CRL,Rome,Charleroi,Rome,Charleroi
"{'OTP', 'CRL'}",175.0,OTP,CRL,Otopeni,Charleroi,Otopeni,Charleroi
"{'CRV', 'BGY'}",105.0,CRV,BGY,Crotone,Orio al Serio (BG),Crotone,Orio al Serio
"{'CRV', 'BLQ'}",100.0,CRV,BLQ,Crotone,Bologna,Crotone,Bologna
"{'CSY', 'SVO'}",95.0,CSY,SVO,Cheboksary,Moscow,Cheboksary,Moscow
"{'CSY', 'VKO'}",85.0,CSY,VKO,Cheboksary,Moscow,Cheboksary,Moscow
"{'CTA', 'BGY'}",112.5,CTA,BGY,Catania,Orio al Serio (BG),Catania,Orio al Serio
"{'CTA', 'BLQ'}",105.0,CTA,BLQ,Catania,Bologna,Catania,Bologna
"{'CTA', 'CRL'}",160.0,CTA,CRL,Catania,Charleroi,Catania,Charleroi
"{'CTA', 'FLR'}",95.0,CTA,FLR,Catania,Firenze,Catania,Firenze
"{'CTA', 'OTP'}",130.0,CTA,OTP,Catania,Otopeni,Catania,Otopeni
"{'CTA', 'PRG'}",140.0,CTA,PRG,Catania,Prague,Catania,Prague
"{'CTA', 'VRN'}",107.5,CTA,VRN,Catania,Caselle (VR),Catania,Caselle
"{'DBV', 'ZAG'}",55.0,DBV,ZAG,Čilipi,Zagreb,Cilipi,Zagreb
"{'DEB', 'LTN'}",167.5,DEB,LTN,Debrecen,"Luton, Bedfordshire",Debrecen,Luton
"{'DME', 'AER'}",217.5,DME,AER,Moscow,Sochi,Moscow,Sochi
"{'DME', 'ARH'}",110.0,DME,ARH,Moscow,Archangelsk,Moscow,Arkhangelsk
"{'DME', 'GRV'}",185.0,DME,GRV,Moscow,Grozny,Moscow,Grozny
"{'DME', 'HTA'}",402.5,DME,HTA,Moscow,Chita,Moscow,Chita
"{'DME', 'IJK'}",100.0,DME,IJK,Moscow,Izhevsk,Moscow,Izhevsk
"{'DME', 'KZN'}",105.0,DME,KZN,Moscow,Kazan,Moscow,Kazan
"{'DME', 'LED'}",96.25,DME,LED,Moscow,St. Petersburg,Moscow,St. Petersburg
"{'DME', 'MMK'}",165.0,DME,MMK,Moscow,Murmansk,Moscow,Murmansk
"{'DME', 'MSQ'}",85.0,DME,MSQ,Moscow,Minsk,Moscow,Minsk
"{'DME', 'NOZ'}",277.5,DME,NOZ,Moscow,Novokuznetsk,Moscow,Novokuznetsk
"{'DME', 'PEE'}",145.0,DME,PEE,Moscow,Perm,Moscow,Perm
"{'DME', 'PEZ'}",80.0,DME,PEZ,Moscow,Penza,Moscow,Penza
"{'DME', 'VOG'}",110.0,DME,VOG,Moscow,Volgograd,Moscow,Volgograd
"{'DTM', 'BEG'}",125.0,DTM,BEG,Dortmund,Belgrade,Dortmund,Belgrade
"{'DTM', 'BUD'}",105.0,DTM,BUD,Dortmund,Budapest,Dortmund,Budapest
"{'DTM', 'CLJ'}",130.0,DTM,CLJ,Dortmund,Cluj-Napoca,Dortmund,Cluj
"{'DTM', 'FCO'}",125.0,DTM,FCO,Dortmund,Rome,Dortmund,Rome
"{'DTM', 'GDN'}",95.0,DTM,GDN,Dortmund,Gdańsk,Dortmund,Gdansk
"{'DTM', 'KTW'}",95.0,DTM,KTW,Dortmund,Ożarowice,Dortmund,Ozarowice
"{'DTM', 'SZY'}",107.5,DTM,SZY,Dortmund,Olsztyn,Dortmund,Olsztyn
"{'DTM', 'TZL'}",130.0,DTM,TZL,Dortmund,Dubrave Gornje,Dortmund,Dubrave Gornje
"{'DTM', 'VNO'}",125.0,DTM,VNO,Dortmund,Vilnius,Dortmund,Vilnius
"{'DUS', 'ACE'}",265.0,DUS,ACE,Düsseldorf,San Bartolomé,Dusseldorf,San Bartolome
"{'DUS', 'AMS'}",55.0,DUS,AMS,Düsseldorf,Amsterdam,Dusseldorf,Amsterdam
"{'DUS', 'CDG'}",75.0,DUS,CDG,Düsseldorf,Paris,Dusseldorf,Paris
"{'DUS', 'CPH'}",75.0,DUS,CPH,Düsseldorf,Copenhagen,Dusseldorf,Copenhagen
"{'DUS', 'FRA'}",50.0,DUS,FRA,Düsseldorf,Frankfurt am Main,Dusseldorf,Frankfurt am Main
"{'DUS', 'FUE'}",265.0,DUS,FUE,Düsseldorf,El Matorral,Dusseldorf,El Matorral
"{'DUS', 'HEL'}",140.0,DUS,HEL,Düsseldorf,Helsinki,Dusseldorf,Helsinki
"{'DUS', 'IVL'}",210.0,DUS,IVL,Düsseldorf,Ivalo,Dusseldorf,Ivalo
"{'DUS', 'KIV'}",160.0,DUS,KIV,Düsseldorf,Chişinău,Dusseldorf,Chisinau
"{'DUS', 'KTT'}",190.0,DUS,KTT,Düsseldorf,Kittilä,Dusseldorf,Kittila
"{'DUS', 'LHR'}",85.0,DUS,LHR,Düsseldorf,London,Dusseldorf,London
"{'DUS', 'LIS'}",185.0,DUS,LIS,Düsseldorf,Lisbon,Dusseldorf,Lisbon
"{'DUS', 'MAD'}",160.0,DUS,MAD,Düsseldorf,Madrid,Dusseldorf,Madrid
"{'DUS', 'MUC'}",70.0,DUS,MUC,Düsseldorf,Munich,Dusseldorf,Munich
"{'DUS', 'PRN'}",162.5,DUS,PRN,Düsseldorf,Prishtina,Dusseldorf,Prishtina
"{'DUS', 'SPC'}",277.5,DUS,SPC,Düsseldorf,"Sta Cruz de la Palma, La Palma Island",Dusseldorf,Sta Cruz de la Palma
"{'DUS', 'TIA'}",145.0,DUS,TIA,Düsseldorf,Rinas,Dusseldorf,Rinas
"{'DUS', 'TOS'}",210.0,DUS,TOS,Düsseldorf,Tromsø,Dusseldorf,Tromso
"{'DUS', 'VIE'}",95.0,DUS,VIE,Düsseldorf,Vienna,Dusseldorf,Vienna
"{'DUS', 'ZRH'}",70.0,DUS,ZRH,Düsseldorf,Zurich,Dusseldorf,Zurich
"{'EAS', 'BCN'}",65.0,EAS,BCN,Hondarribia,Barcelona,Hondarribia,Barcelona
"{'EAS', 'MAD'}",65.0,EAS,MAD,Hondarribia,Madrid,Hondarribia,Madrid
"{'EDI', 'AGP'}",200.0,EDI,AGP,Edinburgh,Málaga,Edinburgh,Malaga
"{'EDI', 'BCN'}",160.0,EDI,BCN,Edinburgh,Barcelona,Edinburgh,Barcelona
"{'EDI', 'BHX'}",65.0,EDI,BHX,Edinburgh,Birmingham,Edinburgh,Birmingham
"{'EDI', 'BRS'}",75.0,EDI,BRS,Edinburgh,Bristol,Edinburgh,Bristol
"{'EDI', 'CRL'}",105.0,EDI,CRL,Edinburgh,Charleroi,Edinburgh,Charleroi
"{'EDI', 'FUE'}",285.0,EDI,FUE,Edinburgh,El Matorral,Edinburgh,El Matorral
"{'EDI', 'GOT'}",112.5,EDI,GOT,Edinburgh,Gothenburg,Edinburgh,Gothenburg
"{'EDI', 'GVA'}",137.5,EDI,GVA,Edinburgh,Geneva,Edinburgh,Geneva
"{'EDI', 'LGW'}",85.0,EDI,LGW,Edinburgh,"Gatwick, Surrey",Edinburgh,Gatwick
"{'EDI', 'MAD'}",175.0,EDI,MAD,Edinburgh,Madrid,Edinburgh,Madrid
"{'EIN', 'AGP'}",177.5,EIN,AGP,Eindhoven,Málaga,Eindhoven,Malaga
"{'EIN', 'ALC'}",155.0,EIN,ALC,Eindhoven,Alicante,Eindhoven,Alicante
"{'EIN', 'ATH'}",175.0,EIN,ATH,Eindhoven,Spata-Artemida,Eindhoven,Spata
"{'EIN', 'BDS'}",145.0,EIN,BDS,Eindhoven,Brindisi,Eindhoven,Brindisi
"{'EIN', 'BGY'}",97.5,EIN,BGY,Eindhoven,Orio al Serio (BG),Eindhoven,Orio al Serio
"{'EIN', 'BUD'}",120.0,EIN,BUD,Eindhoven,Budapest,Eindhoven,Budapest
"{'EIN', 'CLJ'}",140.0,EIN,CLJ,Eindhoven,Cluj-Napoca,Eindhoven,Cluj
"{'EIN', 'DEB'}",130.0,EIN,DEB,Eindhoven,Debrecen,Eindhoven,Debrecen
"{'EIN', 'KRK'}",115.0,EIN,KRK,Eindhoven,Balice,Eindhoven,Balice
"{'EIN', 'LIS'}",175.0,EIN,LIS,Eindhoven,Lisbon,Eindhoven,Lisbon
"{'EIN', 'SZG'}",85.0,EIN,SZG,Eindhoven,Salzburg,Eindhoven,Salzburg
"{'EIN', 'VNO'}",137.5,EIN,VNO,Eindhoven,Vilnius,Eindhoven,Vilnius
"{'EMA', 'ACE'}",252.5,EMA,ACE,Nottingham,San Bartolomé,Nottingham,San Bartolome
"{'EMA', 'AGP'}",180.0,EMA,AGP,Nottingham,Málaga,Nottingham,Malaga
"{'EMA', 'ALC'}",165.0,EMA,ALC,Nottingham,Alicante,Nottingham,Alicante
"{'EMA', 'BFS'}",65.0,EMA,BFS,Nottingham,Belfast,Nottingham,Belfast
"{'EMA', 'FUE'}",256.6666666666667,EMA,FUE,Nottingham,El Matorral,Nottingham,El Matorral
"{'EMA', 'GVA'}",112.5,EMA,GVA,Nottingham,Geneva,Nottingham,Geneva
"{'EMA', 'ORY'}",105.0,EMA,ORY,Nottingham,Paris,Nottingham,Paris
"{'EMA', 'RZE'}",165.0,EMA,RZE,Nottingham,Jasionka,Nottingham,Jasionka
"{'FAO', 'AMS'}",190.0,FAO,AMS,Faro,Amsterdam,Faro,Amsterdam
"{'FAO', 'BFS'}",188.75,FAO,BFS,Faro,Belfast,Faro,Belfast
"{'FAO', 'GLA'}",200.0,FAO,GLA,Faro,"Paisley, Renfrewshire",Faro,Paisley
"{'FAO', 'LIS'}",47.5,FAO,LIS,Faro,Lisbon,Faro,Lisbon
"{'FAO', 'LPL'}",180.0,FAO,LPL,Faro,Liverpool,Faro,Liverpool
"{'FAO', 'LTN'}",172.5,FAO,LTN,Faro,"Luton, Bedfordshire",Faro,Luton
"{'FAO', 'NRN'}",187.5,FAO,NRN,Faro,Weeze,Faro,Weeze
"{'FCO', 'AGP'}",157.5,FCO,AGP,Rome,Málaga,Rome,Malaga
"{'FCO', 'AHO'}",65.0,FCO,AHO,Rome,Alghero,Rome,Alghero
"{'FCO', 'AMS'}",155.0,FCO,AMS,Rome,Amsterdam,Rome,Amsterdam
"{'FCO', 'AOI'}",65.0,FCO,AOI,Rome,Ancona,Rome,Ancona
"{'FCO', 'ATH'}",125.0,FCO,ATH,Rome,Spata-Artemida,Rome,Spata
"{'FCO', 'BCN'}",105.0,FCO,BCN,Rome,Barcelona,Rome,Barcelona
"{'FCO', 'BDS'}",75.0,FCO,BDS,Rome,Brindisi,Rome,Brindisi
"{'FCO', 'BLQ'}",60.0,FCO,BLQ,Rome,Bologna,Rome,Bologna
"{'FCO', 'BRU'}",125.0,FCO,BRU,Rome,Zaventem,Rome,Zaventem
"{'FCO', 'BUD'}",105.0,FCO,BUD,Rome,Budapest,Rome,Budapest
"{'FCO', 'CAG'}",65.0,FCO,CAG,Rome,Cagliari,Rome,Cagliari
"{'FCO', 'CDG'}",127.5,FCO,CDG,Rome,Paris,Rome,Paris
"{'FCO', 'CGN'}",120.0,FCO,CGN,Rome,Köln (Cologne),Rome,Cologne
"{'FCO', 'CTA'}",80.0,FCO,CTA,Rome,Catania,Rome,Catania
"{'FCO', 'EIN'}",130.0,FCO,EIN,Rome,Eindhoven,Rome,Eindhoven
"{'FCO', 'FLR'}",55.0,FCO,FLR,Rome,Firenze,Rome,Firenze
"{'FCO', 'FMM'}",90.0,FCO,FMM,Rome,Memmingen,Rome,Memmingen
"{'FCO', 'GOA'}",65.0,FCO,GOA,Rome,Genova (GE),Rome,Genova
"{'FCO', 'KIV'}",160.0,FCO,KIV,Rome,Chişinău,Rome,Chisinau
"{'FCO', 'LGW'}",150.0,FCO,LGW,Rome,"Gatwick, Surrey",Rome,Gatwick
"{'FCO', 'LHR'}",160.0,FCO,LHR,Rome,London,Rome,London
"{'FCO', 'LIN'}",70.0,FCO,LIN,Rome,Segrate (MI),Rome,Segrate
"{'FCO', 'LIS'}",185.0,FCO,LIS,Rome,Lisbon,Rome,Lisbon
"{'FCO', 'LYS'}",95.0,FCO,LYS,Rome,Lyon,Rome,Lyon
"{'FCO', 'MAD'}",152.5,FCO,MAD,Rome,Madrid,Rome,Madrid
"{'FCO', 'MLA'}",90.0,FCO,MLA,Rome,Valletta,Rome,Valletta
"{'FCO', 'MRS'}",87.5,FCO,MRS,Rome,Marseille,Rome,Marseille
"{'FCO', 'MUC'}",90.0,FCO,MUC,Rome,Munich,Rome,Munich
"{'FCO', 'NCE'}",70.0,FCO,NCE,Rome,Nice,Rome,Nice
"{'FCO', 'OLB'}",62.5,FCO,OLB,Rome,Olbia (SS),Rome,Olbia
"{'FCO', 'ORY'}",115.0,FCO,ORY,Rome,Paris,Rome,Paris
"{'FCO', 'OTP'}",140.0,FCO,OTP,Rome,Otopeni,Rome,Otopeni
"{'FCO', 'PMO'}",67.5,FCO,PMO,Rome,Palermo,Rome,Palermo
"{'FCO', 'POZ'}",140.0,FCO,POZ,Rome,Poznań,Rome,Poznan
"{'FCO', 'PRG'}",110.0,FCO,PRG,Rome,Prague,Rome,Prague
"{'FCO', 'RDO'}",135.0,FCO,RDO,Rome,Radom,Rome,Radome
"{'FCO', 'SCV'}",142.5,FCO,SCV,Rome,Suceava,Rome,Suceava
"{'FCO', 'SPU'}",65.0,FCO,SPU,Rome,Split,Rome,Split
"{'FCO', 'SUF'}",70.0,FCO,SUF,Rome,Lamezia Terme (CZ),Rome,Lamezia Terme
"{'FCO', 'TIA'}",80.0,FCO,TIA,Rome,Rinas,Rome,Rinas
"{'FCO', 'TRN'}",75.0,FCO,TRN,Rome,Caselle Torinese (TO),Rome,Caselle Torinese
"{'FCO', 'TRS'}",65.0,FCO,TRS,Rome,Ronchi dei Legionari (GO),Rome,Ronchi dei Legionari
"{'FCO', 'VIE'}",102.5,FCO,VIE,Rome,Vienna,Rome,Vienna
"{'FCO', 'VLC'}",125.0,FCO,VLC,Rome,Valencia,Rome,Valencia
"{'FCO', 'VRN'}",60.0,FCO,VRN,Rome,Caselle (VR),Rome,Caselle
"{'FCO', 'WAW'}",145.0,FCO,WAW,Rome,Warsaw,Rome,Warsaw
"{'FCO', 'ZRH'}",95.0,FCO,ZRH,Rome,Zurich,Rome,Zurich
"{'FKB', 'ALC'}",142.5,FKB,ALC,Rheinmünster,Alicante,Rheinmunster,Alicante
"{'FKB', 'OPO'}",160.0,FKB,OPO,Rheinmünster,Porto,Rheinmunster,Postage
"{'FLR', 'CDG'}",110.0,FLR,CDG,Firenze,Paris,Firenze,Paris
"{'FLR', 'LGW'}",130.0,FLR,LGW,Firenze,"Gatwick, Surrey",Firenze,Gatwick
"{'FLR', 'MAD'}",145.0,FLR,MAD,Firenze,Madrid,Firenze,Madrid
"{'FLR', 'MUC'}",75.0,FLR,MUC,Firenze,Munich,Firenze,Munich
"{'FMM', 'CLJ'}",115.0,FMM,CLJ,Memmingen,Cluj-Napoca,Memmingen,Cluj
"{'FMM', 'OPO'}",170.0,FMM,OPO,Memmingen,Porto,Memmingen,Postage
"{'FMM', 'OTP'}",135.0,FMM,OTP,Memmingen,Otopeni,Memmingen,Otopeni
"{'FMM', 'TZL'}",97.5,FMM,TZL,Memmingen,Dubrave Gornje,Memmingen,Dubrave Gornje
"{'FNC', 'AMS'}",250.0,FNC,AMS,Funchal,Amsterdam,Funchal,Amsterdam
"{'FNC', 'BRS'}",217.5,FNC,BRS,Funchal,Bristol,Funchal,Bristol
"{'FNC', 'BSL'}",235.0,FNC,BSL,Funchal,Saint-Louis,Funchal,Saint
"{'FNC', 'BUD'}",295.0,FNC,BUD,Funchal,Budapest,Funchal,Budapest
"{'FNC', 'KTW'}",305.0,FNC,KTW,Funchal,Ożarowice,Funchal,Ozarowice
"{'FNC', 'LIS'}",103.33333333333331,FNC,LIS,Funchal,Lisbon,Funchal,Lisbon
"{'FNC', 'MAD'}",145.0,FNC,MAD,Funchal,Madrid,Funchal,Madrid
"{'FNC', 'OPO'}",115.0,FNC,OPO,Funchal,Porto,Funchal,Postage
"{'FNC', 'ORY'}",215.0,FNC,ORY,Funchal,Paris,Funchal,Paris
"{'FNC', 'PXO'}",25.0,FNC,PXO,Funchal,Vila Baleira,Funchal,Vila Baleira
"{'FRA', 'ACE'}",270.0,FRA,ACE,Frankfurt am Main,San Bartolomé,Frankfurt am Main,San Bartolome
"{'FRA', 'AGP'}",185.0,FRA,AGP,Frankfurt am Main,Málaga,Frankfurt am Main,Malaga
"{'FRA', 'ALC'}",165.0,FRA,ALC,Frankfurt am Main,Alicante,Frankfurt am Main,Alicante
"{'FRA', 'AMS'}",75.0,FRA,AMS,Frankfurt am Main,Amsterdam,Frankfurt am Main,Amsterdam
"{'FRA', 'ARN'}",132.5,FRA,ARN,Frankfurt am Main,Stockholm,Frankfurt am Main,Stockholm
"{'FRA', 'BCN'}",130.0,FRA,BCN,Frankfurt am Main,Barcelona,Frankfurt am Main,Barcelona
"{'FRA', 'BLQ'}",90.0,FRA,BLQ,Frankfurt am Main,Bologna,Frankfurt am Main,Bologna
"{'FRA', 'BRE'}",60.0,FRA,BRE,Frankfurt am Main,Bremen,Frankfurt am Main,Bremen
"{'FRA', 'BRS'}",97.5,FRA,BRS,Frankfurt am Main,Bristol,Frankfurt am Main,Bristol
"{'FRA', 'BRU'}",60.0,FRA,BRU,Frankfurt am Main,Zaventem,Frankfurt am Main,Zaventem
"{'FRA', 'BSL'}",55.0,FRA,BSL,Frankfurt am Main,Saint-Louis,Frankfurt am Main,Saint
"{'FRA', 'BUD'}",100.0,FRA,BUD,Frankfurt am Main,Budapest,Frankfurt am Main,Budapest
"{'FRA', 'CDG'}",75.0,FRA,CDG,Frankfurt am Main,Paris,Frankfurt am Main,Paris
"{'FRA', 'DRS'}",65.0,FRA,DRS,Frankfurt am Main,Dresden,Frankfurt am Main,Dresden
"{'FRA', 'DUS'}",50.0,FRA,DUS,Frankfurt am Main,Düsseldorf,Frankfurt am Main,Dusseldorf
"{'FRA', 'FLR'}",92.5,FRA,FLR,Frankfurt am Main,Firenze,Frankfurt am Main,Firenze
"{'FRA', 'FUE'}",275.0,FRA,FUE,Frankfurt am Main,El Matorral,Frankfurt am Main,El Matorral
"{'FRA', 'GOT'}",105.0,FRA,GOT,Frankfurt am Main,Gothenburg,Frankfurt am Main,Gothenburg
"{'FRA', 'GRZ'}",85.0,FRA,GRZ,Frankfurt am Main,Feldkirchen bei Graz,Frankfurt am Main,Graz
"{'FRA', 'GVA'}",65.0,FRA,GVA,Frankfurt am Main,Geneva,Frankfurt am Main,Geneva
"{'FRA', 'HAM'}",67.5,FRA,HAM,Frankfurt am Main,Hamburg,Frankfurt am Main,Hamburg
"{'FRA', 'HEL'}",160.0,FRA,HEL,Frankfurt am Main,Helsinki,Frankfurt am Main,Helsinki
"{'FRA', 'HHN'}",45.0,FRA,HHN,Frankfurt am Main,Frankfurt am Main (Lautzenhausen),Frankfurt am Main,Frankfurt am Main
"{'FRA', 'IVL'}",220.0,FRA,IVL,Frankfurt am Main,Ivalo,Frankfurt am Main,Ivalo
"{'FRA', 'KAO'}",190.0,FRA,KAO,Frankfurt am Main,Kuusamo,Frankfurt am Main,Kuusamo
"{'FRA', 'KRK'}",97.5,FRA,KRK,Frankfurt am Main,Balice,Frankfurt am Main,Balice
"{'FRA', 'LEJ'}",60.0,FRA,LEJ,Frankfurt am Main,Schkeuditz,Frankfurt am Main,Schkeuditz
"{'FRA', 'LGW'}",90.0,FRA,LGW,Frankfurt am Main,"Gatwick, Surrey",Frankfurt am Main,Gatwick
"{'FRA', 'LHR'}",105.0,FRA,LHR,Frankfurt am Main,London,Frankfurt am Main,London
"{'FRA', 'LIN'}",77.5,FRA,LIN,Frankfurt am Main,Segrate (MI),Frankfurt am Main,Segrate
"{'FRA', 'MAN'}",105.0,FRA,MAN,Frankfurt am Main,Manchester,Frankfurt am Main,Manchester
"{'FRA', 'MUC'}",65.0,FRA,MUC,Frankfurt am Main,Munich,Frankfurt am Main,Munich
"{'FRA', 'MXP'}",80.0,FRA,MXP,Frankfurt am Main,Ferno (VA),Frankfurt am Main,Ferno
"{'FRA', 'NUE'}",45.0,FRA,NUE,Frankfurt am Main,Nuremberg,Frankfurt am Main,Nuremberg
"{'FRA', 'OSL'}",140.0,FRA,OSL,Frankfurt am Main,Oslo,Frankfurt am Main,Oslo
"{'FRA', 'POZ'}",90.0,FRA,POZ,Frankfurt am Main,Poznań,Frankfurt am Main,Poznan
"{'FRA', 'PRG'}",70.0,FRA,PRG,Frankfurt am Main,Prague,Frankfurt am Main,Prague
"{'FRA', 'STR'}",50.0,FRA,STR,Frankfurt am Main,Stuttgart,Frankfurt am Main,Stuttgart
"{'FRA', 'SZG'}",65.0,FRA,SZG,Frankfurt am Main,Salzburg,Frankfurt am Main,Salzburg
"{'FRA', 'TLL'}",155.0,FRA,TLL,Frankfurt am Main,Tallinn,Frankfurt am Main,Tallinn
"{'FRA', 'TRN'}",80.0,FRA,TRN,Frankfurt am Main,Caselle Torinese (TO),Frankfurt am Main,Caselle Torinese
"{'FRA', 'VIE'}",86.66666666666667,FRA,VIE,Frankfurt am Main,Vienna,Frankfurt am Main,Vienna
"{'FRA', 'WAW'}",120.0,FRA,WAW,Frankfurt am Main,Warsaw,Frankfurt am Main,Warsaw
"{'FRA', 'WRO'}",85.0,FRA,WRO,Frankfurt am Main,Wrocław,Frankfurt am Main,Wroclaw
"{'FRA', 'ZAG'}",95.0,FRA,ZAG,Frankfurt am Main,Zagreb,Frankfurt am Main,Zagreb
"{'FRA', 'ZRH'}",60.0,FRA,ZRH,Frankfurt am Main,Zurich,Frankfurt am Main,Zurich
"{'FRO', 'BGO'}",35.0,FRO,BGO,Florø,Bergen,Floro,Bergen
"{'NCE', 'FSC'}",55.0,NCE,FSC,Nice,Figari Sud-Corse,Nice,Figari Sud
"{'GCI', 'BHX'}",85.0,GCI,BHX,Saint Peter Port,Birmingham,Saint Peter Port,Birmingham
"{'GCI', 'JER'}",20.0,GCI,JER,Saint Peter Port,Saint Helier,Saint Peter Port,Saint Helier
"{'GCI', 'LGW'}",71.66666666666667,GCI,LGW,Saint Peter Port,"Gatwick, Surrey",Saint Peter Port,Gatwick
"{'GCI', 'SOU'}",45.0,GCI,SOU,Saint Peter Port,Southampton,Saint Peter Port,Southampton
"{'AGP', 'GDN'}",245.0,AGP,GDN,Málaga,Gdańsk,Malaga,Gdansk
"{'GDZ', 'LED'}",180.0,GDZ,LED,Gelendzhik,St. Petersburg,Gelendzhik,St. Petersburg
"{'GLA', 'ACE'}",280.0,GLA,ACE,"Paisley, Renfrewshire",San Bartolomé,Paisley,San Bartolome
"{'GLA', 'AMS'}",92.5,GLA,AMS,"Paisley, Renfrewshire",Amsterdam,Paisley,Amsterdam
"{'GLA', 'BRS'}",75.0,GLA,BRS,"Paisley, Renfrewshire",Bristol,Paisley,Bristol
"{'GLA', 'CDG'}",110.0,GLA,CDG,"Paisley, Renfrewshire",Paris,Paisley,Paris
"{'GLA', 'FUE'}",280.0,GLA,FUE,"Paisley, Renfrewshire",El Matorral,Paisley,El Matorral
"{'GLA', 'GVA'}",137.5,GLA,GVA,"Paisley, Renfrewshire",Geneva,Paisley,Geneva
"{'GLA', 'LTN'}",75.0,GLA,LTN,"Paisley, Renfrewshire","Luton, Bedfordshire",Paisley,Luton
"{'GLA', 'SYY'}",60.0,GLA,SYY,"Paisley, Renfrewshire","Stornoway, Western Isles",Paisley,Stornoway
"{'BRS', 'GNB'}",100.0,BRS,GNB,Bristol,Saint-Étienne-de-Saint-Geoirs,Bristol,Saint
"{'BCN', 'GOA'}",95.0,BCN,GOA,Barcelona,Genova (GE),Barcelona,Genova
"{'GOJ', 'LED'}",125.0,GOJ,LED,Nizhny Novgorod,St. Petersburg,Nizhny Novgorod,St. Petersburg
"{'GOJ', 'SVO'}",80.0,GOJ,SVO,Nizhny Novgorod,Moscow,Nizhny Novgorod,Moscow
"{'GOJ', 'VOG'}",102.5,GOJ,VOG,Nizhny Novgorod,Volgograd,Nizhny Novgorod,Volgograd
"{'AGP', 'GOT'}",235.0,AGP,GOT,Málaga,Gothenburg,Malaga,Gothenburg
"{'BGO', 'GOT'}",75.0,BGO,GOT,Bergen,Gothenburg,Bergen,Gothenburg
"{'GRO', 'BHX'}",135.0,GRO,BHX,Girona,Birmingham,Girona,Birmingham
"{'GRX', 'BCN'}",87.5,GRX,BCN,Granada,Barcelona,Granada,Barcelona
"{'GRX', 'MAD'}",70.0,GRX,MAD,Granada,Madrid,Granada,Madrid
"{'GVA', 'ARN'}",160.0,GVA,ARN,Geneva,Stockholm,Geneva,Stockholm
"{'GVA', 'BCN'}",90.0,GVA,BCN,Geneva,Barcelona,Geneva,Barcelona
"{'GVA', 'BHX'}",110.0,GVA,BHX,Geneva,Birmingham,Geneva,Birmingham
"{'GVA', 'BOH'}",100.0,GVA,BOH,Geneva,Bournemouth,Geneva,Bournemouth
"{'GVA', 'BRS'}",105.0,GVA,BRS,Geneva,Bristol,Geneva,Bristol
"{'GVA', 'BRU'}",80.0,GVA,BRU,Geneva,Zaventem,Geneva,Zaventem
"{'GVA', 'GOT'}",135.0,GVA,GOT,Geneva,Gothenburg,Geneva,Gothenburg
"{'GVA', 'LGW'}",97.5,GVA,LGW,Geneva,"Gatwick, Surrey",Geneva,Gatwick
"{'GVA', 'LPL'}",115.0,GVA,LPL,Geneva,Liverpool,Geneva,Liverpool
"{'GVA', 'MAD'}",125.0,GVA,MAD,Geneva,Madrid,Geneva,Madrid
"{'GVA', 'MUC'}",75.0,GVA,MUC,Geneva,Munich,Geneva,Munich
"{'GVA', 'OPO'}",135.0,GVA,OPO,Geneva,Porto,Geneva,Postage
"{'GVA', 'PRN'}",137.5,GVA,PRN,Geneva,Prishtina,Geneva,Prishtina
"{'GVA', 'SOU'}",100.0,GVA,SOU,Geneva,Southampton,Geneva,Southampton
"{'HAJ', 'FRA'}",55.0,HAJ,FRA,Hannover,Frankfurt am Main,Hanover,Frankfurt am Main
"{'HAJ', 'FUE'}",280.0,HAJ,FUE,Hannover,El Matorral,Hanover,El Matorral
"{'HAJ', 'MUC'}",70.0,HAJ,MUC,Hannover,Munich,Hanover,Munich
"{'AGP', 'HAM'}",200.0,AGP,HAM,Málaga,Hamburg,Malaga,Hamburg
"{'FUE', 'HAM'}",295.0,FUE,HAM,El Matorral,Hamburg,El Matorral,Hamburg
"{'HAU', 'BGO'}",30.0,HAU,BGO,Karmøy,Bergen,Karmoy,Bergen
"{'ARN', 'HEL'}",65.0,ARN,HEL,Stockholm,Helsinki,Stockholm,Helsinki
"{'HEL', 'BCN'}",245.0,HEL,BCN,Helsinki,Barcelona,Helsinki,Barcelona
"{'HEL', 'BRU'}",157.5,HEL,BRU,Helsinki,Zaventem,Helsinki,Zaventem
"{'CDG', 'HEL'}",170.0,CDG,HEL,Paris,Helsinki,Paris,Helsinki
"{'HEL', 'GOT'}",122.5,HEL,GOT,Helsinki,Gothenburg,Helsinki,Gothenburg
"{'HEL', 'HAM'}",117.5,HEL,HAM,Helsinki,Hamburg,Helsinki,Hamburg
"{'HEL', 'IVL'}",90.0,HEL,IVL,Helsinki,Ivalo,Helsinki,Ivalo
"{'HEL', 'MAD'}",265.0,HEL,MAD,Helsinki,Madrid,Helsinki,Madrid
"{'OUL', 'HEL'}",62.5,OUL,HEL,Oulu / Oulunsalo,Helsinki,Oulu,Helsinki
"{'RVN', 'HEL'}",77.5,RVN,HEL,Rovaniemi,Helsinki,Rovaniemi,Helsinki
"{'HHN', 'AGP'}",175.0,HHN,AGP,Frankfurt am Main (Lautzenhausen),Málaga,Frankfurt am Main,Malaga
"{'INI', 'HHN'}",135.0,INI,HHN,Niš,Frankfurt am Main (Lautzenhausen),Nis,Frankfurt am Main
"{'IAS', 'CIA'}",140.0,IAS,CIA,Iaşi,Rome,Iasi,Rome
"{'IAS', 'OTP'}",70.0,IAS,OTP,Iaşi,Otopeni,Iasi,Otopeni
"{'IBZ', 'BCN'}",55.0,IBZ,BCN,Ibiza (Eivissa),Barcelona,Ibiza,Barcelona
"{'IBZ', 'MAD'}",75.0,IBZ,MAD,Ibiza (Eivissa),Madrid,Ibiza,Madrid
"{'IBZ', 'VLC'}",50.0,IBZ,VLC,Ibiza (Eivissa),Valencia,Ibiza,Valencia
"{'HHN', 'INI'}",130.0,HHN,INI,Frankfurt am Main (Lautzenhausen),Niš,Frankfurt am Main,Nis
"{'INI', 'LJU'}",112.5,INI,LJU,Niš,Zgornji Brnik,Nis,Zgornji Brnik
"{'INN', 'BRS'}",127.5,INN,BRS,Innsbruck,Bristol,Innsbruck,Bristol
"{'INN', 'EDI'}",155.0,INN,EDI,Innsbruck,Edinburgh,Innsbruck,Edinburgh
"{'INN', 'FRA'}",65.0,INN,FRA,Innsbruck,Frankfurt am Main,Innsbruck,Frankfurt am Main
"{'INN', 'LGW'}",123.33333333333331,INN,LGW,Innsbruck,"Gatwick, Surrey",Innsbruck,Gatwick
"{'INN', 'MAN'}",140.0,INN,MAN,Innsbruck,Manchester,Innsbruck,Manchester
"{'INN', 'VIE'}",57.5,INN,VIE,Innsbruck,Vienna,Innsbruck,Vienna
"{'INV', 'LGW'}",97.5,INV,LGW,Inverness,"Gatwick, Surrey",Inverness,Gatwick
"{'IOA', 'ATH'}",72.5,IOA,ATH,Ioannina,Spata-Artemida,Ioannina,Spata
"{'IOM', 'LHR'}",95.0,IOM,LHR,Castletown,London,Castletown,London
"{'IWA', 'LED'}",105.0,IWA,LED,Ivanovo,St. Petersburg,Ivanovo,St. Petersburg
"{'LGW', 'JER'}",60.0,LGW,JER,"Gatwick, Surrey",Saint Helier,Gatwick,Saint Helier
"{'SOU', 'JER'}",50.0,SOU,JER,Southampton,Saint Helier,Southampton,Saint Helier
"{'ATH', 'JMK'}",45.0,ATH,JMK,Spata-Artemida,Mykonos,Spata,Mykonos
"{'JTR', 'ATH'}",55.0,JTR,ATH,Santorini Island,Spata-Artemida,Santorini Island,Spata
"{'KAO', 'HEL'}",102.5,KAO,HEL,Kuusamo,Helsinki,Kuusamo,Helsinki
"{'KGD', 'LED'}",105.0,KGD,LED,Kaliningrad,St. Petersburg,Kaliningrad,St. Petersburg
"{'VKO', 'KGD'}",115.0,VKO,KGD,Moscow,Kaliningrad,Moscow,Kaliningrad
"{'KGS', 'ATH'}",61.66666666666666,KGS,ATH,Kos Island,Spata-Artemida,Kos Island,Spata
"{'KGS', 'RHO'}",30.0,KGS,RHO,Kos Island,Rhodes,Kos Island,Rhodes
"{'KGS', 'SKG'}",97.5,KGS,SKG,Kos Island,Thessaloniki,Kos Island,Thessaloniki
"{'KIV', 'CDG'}",195.0,KIV,CDG,Chişinău,Paris,Chisinau,Paris
"{'KIV', 'LIS'}",270.0,KIV,LIS,Chişinău,Lisbon,Chisinau,Lisbon
"{'KIV', 'OTP'}",72.5,KIV,OTP,Chişinău,Otopeni,Chisinau,Otopeni
"{'KJA', 'LED'}",297.5,KJA,LED,Krasnoyarsk,St. Petersburg,Krasnoyarsk,St. Petersburg
"{'SVO', 'KJA'}",292.5,SVO,KJA,Moscow,Krasnoyarsk,Moscow,Krasnoyarsk
"{'KJA', 'VKO'}",286.6666666666667,KJA,VKO,Krasnoyarsk,Moscow,Krasnoyarsk,Moscow
"{'KKN', 'VDS'}",15.0,KKN,VDS,Kirkenes,Vadsø,Kirkenes,Vadso
"{'KRK', 'AGP'}",222.5,KRK,AGP,Balice,Málaga,Balice,Malaga
"{'KRK', 'AMS'}",120.0,KRK,AMS,Balice,Amsterdam,Balice,Amsterdam
"{'KRK', 'ARN'}",120.0,KRK,ARN,Balice,Stockholm,Balice,Stockholm
"{'KRK', 'BCN'}",167.5,KRK,BCN,Balice,Barcelona,Balice,Barcelona
"{'KRK', 'BGY'}",107.5,KRK,BGY,Balice,Orio al Serio (BG),Balice,Orio al Serio
"{'KRK', 'BHX'}",152.5,KRK,BHX,Balice,Birmingham,Balice,Birmingham
"{'KRK', 'BLQ'}",105.0,KRK,BLQ,Balice,Bologna,Balice,Bologna
"{'KRK', 'BVA'}",135.0,KRK,BVA,Balice,Tillé,Balice,Tille
"{'KRK', 'CAG'}",147.5,KRK,CAG,Balice,Cagliari,Balice,Cagliari
"{'KRK', 'CIA'}",120.0,KRK,CIA,Balice,Rome,Balice,Rome
"{'KRK', 'CRL'}",120.0,KRK,CRL,Balice,Charleroi,Balice,Charleroi
"{'KRK', 'EDI'}",165.0,KRK,EDI,Balice,Edinburgh,Balice,Edinburgh
"{'KRK', 'EIN'}",120.0,KRK,EIN,Balice,Eindhoven,Balice,Eindhoven
"{'KRK', 'GOT'}",107.5,KRK,GOT,Balice,Gothenburg,Balice,Gothenburg
"{'KRK', 'LGW'}",155.0,KRK,LGW,Balice,"Gatwick, Surrey",Balice,Gatwick
"{'KRK', 'LIL'}",127.5,KRK,LIL,Balice,Lesquin,Balice,Lesquin
"{'KRK', 'LTN'}",147.5,KRK,LTN,Balice,"Luton, Bedfordshire",Balice,Luton
"{'KRK', 'NYO'}",110.0,KRK,NYO,Balice,Nyköping,Balice,Nykoping
"{'KRK', 'OSL'}",137.5,KRK,OSL,Balice,Oslo,Balice,Oslo
"{'KRK', 'PSA'}",115.0,KRK,PSA,Balice,Pisa,Balice,Pisa
"{'KRK', 'TGD'}",100.0,KRK,TGD,Balice,Podgorica,Balice,Podgorica
"{'KRK', 'TLS'}",160.0,KRK,TLS,Balice,Toulouse/Blagnac,Balice,Toulouse
"{'KRK', 'VIE'}",62.5,KRK,VIE,Balice,Vienna,Balice,Vienna
"{'KRK', 'VLC'}",185.0,KRK,VLC,Balice,Valencia,Balice,Valencia
"{'KRK', 'WAW'}",55.0,KRK,WAW,Balice,Warsaw,Balice,Warsaw
"{'KRR', 'SVO'}",140.0,KRR,SVO,Krasnodar,Moscow,Krasnodar,Moscow
"{'KRR', 'VKO'}",132.5,KRR,VKO,Krasnodar,Moscow,Krasnodar,Moscow
"{'KRS', 'AMS'}",90.0,KRS,AMS,Kjevik,Amsterdam,Kjevik,Amsterdam
"{'KRS', 'BGO'}",50.0,KRS,BGO,Kjevik,Bergen,Kjevik,Bergen
"{'KSC', 'PRG'}",75.0,KSC,PRG,Košice,Prague,Kosice,Prague
"{'KTT', 'HEL'}",86.66666666666667,KTT,HEL,Kittilä,Helsinki,Kittila,Helsinki
"{'KTT', 'ZRH'}",220.0,KTT,ZRH,Kittilä,Zurich,Kittila,Zurich
"{'KTW', 'ALC'}",195.0,KTW,ALC,Ożarowice,Alicante,Ozarowice,Alicante
"{'KTW', 'ATH'}",155.0,KTW,ATH,Ożarowice,Spata-Artemida,Ozarowice,Spata
"{'KTW', 'CTA'}",153.33333333333334,KTW,CTA,Ożarowice,Catania,Ozarowice,Catania
"{'KTW', 'LTN'}",147.5,KTW,LTN,Ożarowice,"Luton, Bedfordshire",Ozarowice,Luton
"{'KTW', 'MLA'}",167.5,KTW,MLA,Ożarowice,Valletta,Ozarowice,Valletta
"{'KUF', 'LED'}",143.75,KUF,LED,Samara,St. Petersburg,Samara,St. Petersburg
"{'KUN', 'BGY'}",145.0,KUN,BGY,Kaunas,Orio al Serio (BG),Kaunas,Orio al Serio
"{'KUO', 'HEL'}",60.0,KUO,HEL,Kuopio / Siilinjärvi,Helsinki,Kuopio,Helsinki
"{'ATH', 'KVA'}",70.0,ATH,KVA,Spata-Artemida,Kavala,Spata,Kavala
"{'KVX', 'LED'}",120.0,KVX,LED,Kirov,St. Petersburg,Kirov,St. Petersburg
"{'KVX', 'SVO'}",107.5,KVX,SVO,Kirov,Moscow,Kirov,Moscow
"{'KVX', 'VKO'}",102.5,KVX,VKO,Kirov,Moscow,Kirov,Moscow
"{'KZN', 'KUF'}",50.0,KZN,KUF,Kazan,Samara,Kazan,Samara
"{'KZN', 'LED'}",135.0,KZN,LED,Kazan,St. Petersburg,Kazan,St. Petersburg
"{'KZN', 'SVO'}",105.0,KZN,SVO,Kazan,Moscow,Kazan,Moscow
"{'KZN', 'VKO'}",105.0,KZN,VKO,Kazan,Moscow,Kazan,Moscow
"{'LBA', 'ACE'}",270.0,LBA,ACE,Leeds,San Bartolomé,Leeds,San Bartolome
"{'LBA', 'ALC'}",167.5,LBA,ALC,Leeds,Alicante,Leeds,Alicante
"{'LBA', 'AMS'}",80.0,LBA,AMS,Leeds,Amsterdam,Leeds,Amsterdam
"{'LBA', 'CMF'}",120.0,LBA,CMF,Leeds,Viviers-du-Lac,Leeds,Viviers
"{'LBA', 'FAO'}",182.5,LBA,FAO,Leeds,Faro,Leeds,Faro
"{'LBA', 'KRK'}",152.5,LBA,KRK,Leeds,Balice,Leeds,Balice
"{'LBA', 'POZ'}",130.0,LBA,POZ,Leeds,Poznań,Leeds,Poznan
"{'LCG', 'MAD'}",76.66666666666667,LCG,MAD,Culleredo,Madrid,Culleredo,Madrid
"{'CEE', 'LED'}",55.0,CEE,LED,Cherepovets,St. Petersburg,Cherepovets,St. Petersburg
"{'MMK', 'LED'}",110.0,MMK,LED,Murmansk,St. Petersburg,Murmansk,St. Petersburg
"{'LEI', 'MAD'}",75.0,LEI,MAD,Almería,Madrid,Almeria,Madrid
"{'FUE', 'LEJ'}",295.0,FUE,LEJ,El Matorral,Schkeuditz,El Matorral,Schkeuditz
"{'LGG', 'AGP'}",190.0,LGG,AGP,Grâce-Hollogne,Málaga,Grace,Malaga
"{'AGP', 'LGW'}",170.0,AGP,LGW,Málaga,"Gatwick, Surrey",Malaga,Gatwick
"{'BCN', 'LGW'}",135.0,BCN,LGW,Barcelona,"Gatwick, Surrey",Barcelona,Gatwick
"{'JER', 'LGW'}",55.0,JER,LGW,Saint Helier,"Gatwick, Surrey",Saint Helier,Gatwick
"{'OTP', 'LGW'}",225.0,OTP,LGW,Otopeni,"Gatwick, Surrey",Otopeni,Gatwick
"{'LHR', 'ABZ'}",95.0,LHR,ABZ,London,Aberdeen,London,Aberdeen
"{'LHR', 'AGP'}",185.0,LHR,AGP,London,Málaga,London,Malaga
"{'LHR', 'AMS'}",85.0,LHR,AMS,London,Amsterdam,London,Amsterdam
"{'LHR', 'ARN'}",160.0,LHR,ARN,London,Stockholm,London,Stockholm
"{'LHR', 'ATH'}",245.0,LHR,ATH,London,Spata-Artemida,London,Spata
"{'LHR', 'BCN'}",145.0,LHR,BCN,London,Barcelona,London,Barcelona
"{'LHR', 'BLL'}",110.0,LHR,BLL,London,Billund,London,Billund
"{'LHR', 'BLQ'}",145.0,LHR,BLQ,London,Bologna,London,Bologna
"{'LHR', 'BRU'}",71.66666666666667,LHR,BRU,London,Zaventem,London,Zaventem
"{'BSL', 'LHR'}",100.0,BSL,LHR,Saint-Louis,London,Saint,London
"{'LHR', 'EDI'}",85.0,LHR,EDI,London,Edinburgh,London,Edinburgh
"{'LHR', 'GIB'}",185.0,LHR,GIB,London,Gibraltar,London,Gibraltar
"{'LHR', 'GLA'}",87.5,LHR,GLA,London,"Paisley, Renfrewshire",London,Paisley
"{'LHR', 'GNB'}",110.0,LHR,GNB,London,Saint-Étienne-de-Saint-Geoirs,London,Saint
"{'LHR', 'GOT'}",127.5,LHR,GOT,London,Gothenburg,London,Gothenburg
"{'LHR', 'GVA'}",102.5,LHR,GVA,London,Geneva,London,Geneva
"{'LHR', 'LIN'}",120.0,LHR,LIN,London,Segrate (MI),London,Segrate
"{'LIS', 'LHR'}",170.0,LIS,LHR,Lisbon,London,Lisbon,London
"{'LHR', 'LYS'}",112.5,LHR,LYS,London,Lyon,London,Lyon
"{'LHR', 'MAD'}",147.5,LHR,MAD,London,Madrid,London,Madrid
"{'LHR', 'MLA'}",210.0,LHR,MLA,London,Valletta,London,Valletta
"{'LHR', 'MXP'}",130.0,LHR,MXP,London,Ferno (VA),London,Ferno
"{'LHR', 'NCE'}",130.0,LHR,NCE,London,Nice,London,Nice
"{'LHR', 'NCL'}",77.5,LHR,NCL,London,Newcastle,London,Newcastle
"{'LHR', 'OSL'}",147.5,LHR,OSL,London,Oslo,London,Oslo
"{'LHR', 'OTP'}",200.0,LHR,OTP,London,Otopeni,London,Otopeni
"{'LHR', 'SZG'}",130.0,LHR,SZG,London,Salzburg,London,Salzburg
"{'LHR', 'TLS'}",115.0,LHR,TLS,London,Toulouse/Blagnac,London,Toulouse
"{'LHR', 'VIE'}",140.0,LHR,VIE,London,Vienna,London,Vienna
"{'LHR', 'ZRH'}",107.5,LHR,ZRH,London,Zurich,London,Zurich
"{'LIL', 'GVA'}",80.0,LIL,GVA,Lesquin,Geneva,Lesquin,Geneva
"{'LIN', 'AMS'}",115.0,LIN,AMS,Segrate (MI),Amsterdam,Segrate,Amsterdam
"{'LIN', 'BDS'}",95.0,LIN,BDS,Segrate (MI),Brindisi,Segrate,Brindisi
"{'LIN', 'BRU'}",85.0,LIN,BRU,Segrate (MI),Zaventem,Segrate,Zaventem
"{'LIN', 'CAG'}",82.5,LIN,CAG,Segrate (MI),Cagliari,Segrate,Cagliari
"{'LIN', 'CDG'}",95.0,LIN,CDG,Segrate (MI),Paris,Segrate,Paris
"{'LIN', 'CTA'}",115.0,LIN,CTA,Segrate (MI),Catania,Segrate,Catania
"{'LIN', 'HEL'}",185.0,LIN,HEL,Segrate (MI),Helsinki,Segrate,Helsinki
"{'LIN', 'MAD'}",145.0,LIN,MAD,Segrate (MI),Madrid,Segrate,Madrid
"{'LIN', 'MLA'}",110.0,LIN,MLA,Segrate (MI),Valletta,Segrate,Valletta
"{'LIN', 'MUC'}",70.0,LIN,MUC,Segrate (MI),Munich,Segrate,Munich
"{'LIN', 'REG'}",100.0,LIN,REG,Segrate (MI),Reggio Calabria,Segrate,Reggio Calabria
"{'LIN', 'SUF'}",97.5,LIN,SUF,Segrate (MI),Lamezia Terme (CZ),Segrate,Lamezia Terme
"{'LIS', 'ALC'}",105.0,LIS,ALC,Lisbon,Alicante,Lisbon,Alicante
"{'LIS', 'AMS'}",190.0,LIS,AMS,Lisbon,Amsterdam,Lisbon,Amsterdam
"{'LIS', 'BCN'}",117.5,LIS,BCN,Lisbon,Barcelona,Lisbon,Barcelona
"{'LIS', 'BGY'}",175.0,LIS,BGY,Lisbon,Orio al Serio (BG),Lisbon,Orio al Serio
"{'LIS', 'BOD'}",115.0,LIS,BOD,Lisbon,Bordeaux/Mérignac,Lisbon,Bordeaux
"{'LIS', 'BRU'}",170.0,LIS,BRU,Lisbon,Zaventem,Lisbon,Zaventem
"{'LIS', 'CDG'}",155.0,LIS,CDG,Lisbon,Paris,Lisbon,Paris
"{'LIS', 'CGN'}",185.0,LIS,CGN,Lisbon,Köln (Cologne),Lisbon,Cologne
"{'LIS', 'CIA'}",190.0,LIS,CIA,Lisbon,Rome,Lisbon,Rome
"{'LIS', 'GVA'}",155.0,LIS,GVA,Lisbon,Geneva,Lisbon,Geneva
"{'LIS', 'HEL'}",275.0,LIS,HEL,Lisbon,Helsinki,Lisbon,Helsinki
"{'LIS', 'LGW'}",155.0,LIS,LGW,Lisbon,"Gatwick, Surrey",Lisbon,Gatwick
"{'LHR', 'LIS'}",165.0,LHR,LIS,London,Lisbon,London,Lisbon
"{'LIS', 'LUX'}",160.0,LIS,LUX,Lisbon,Luxembourg,Lisbon,Luxembourg
"{'LIS', 'LYS'}",145.0,LIS,LYS,Lisbon,Lyon,Lisbon,Lyon
"{'LIS', 'MAD'}",80.0,LIS,MAD,Lisbon,Madrid,Lisbon,Madrid
"{'LIS', 'MLA'}",210.0,LIS,MLA,Lisbon,Valletta,Lisbon,Valletta
"{'LIS', 'MUC'}",190.0,LIS,MUC,Lisbon,Munich,Lisbon,Munich
"{'LIS', 'MXP'}",175.0,LIS,MXP,Lisbon,Ferno (VA),Lisbon,Ferno
"{'LIS', 'OPO'}",60.0,LIS,OPO,Lisbon,Porto,Lisbon,Postage
"{'LIS', 'ORY'}",151.25,LIS,ORY,Lisbon,Paris,Lisbon,Paris
"{'LIS', 'OSL'}",250.0,LIS,OSL,Lisbon,Oslo,Lisbon,Oslo
"{'LIS', 'PDL'}",137.5,LIS,PDL,Lisbon,Ponta Delgada,Lisbon,Ponta Delgada
"{'LIS', 'TER'}",150.0,LIS,TER,Lisbon,Praia da Vitória,Lisbon,Praia da Vitoria
"{'LIS', 'VIE'}",215.0,LIS,VIE,Lisbon,Vienna,Lisbon,Vienna
"{'LIS', 'VLC'}",92.5,LIS,VLC,Lisbon,Valencia,Lisbon,Valencia
"{'LIS', 'WMI'}",250.0,LIS,WMI,Lisbon,Warsaw,Lisbon,Warsaw
"{'LIS', 'ZRH'}",170.0,LIS,ZRH,Lisbon,Zurich,Lisbon,Zurich
"{'LLA', 'ARN'}",80.0,LLA,ARN,Luleå,Stockholm,Lulea,Stockholm
"{'ALC', 'LPL'}",170.0,ALC,LPL,Alicante,Liverpool,Alicante,Liverpool
"{'LPL', 'BCN'}",155.0,LPL,BCN,Liverpool,Barcelona,Liverpool,Barcelona
"{'LPL', 'GDN'}",145.0,LPL,GDN,Liverpool,Gdańsk,Liverpool,Gdansk
"{'LPL', 'OTP'}",220.0,LPL,OTP,Liverpool,Otopeni,Liverpool,Otopeni
"{'RVN', 'LPL'}",245.0,RVN,LPL,Rovaniemi,Liverpool,Rovaniemi,Liverpool
"{'LTN', 'AGP'}",172.5,LTN,AGP,"Luton, Bedfordshire",Málaga,Luton,Malaga
"{'LTN', 'BCN'}",125.0,LTN,BCN,"Luton, Bedfordshire",Barcelona,Luton,Barcelona
"{'LTN', 'BFS'}",75.0,LTN,BFS,"Luton, Bedfordshire",Belfast,Luton,Belfast
"{'CLJ', 'LTN'}",185.0,CLJ,LTN,Cluj-Napoca,"Luton, Bedfordshire",Cluj,Luton
"{'LTN', 'EDI'}",75.0,LTN,EDI,"Luton, Bedfordshire",Edinburgh,Luton,Edinburgh
"{'LTN', 'GDN'}",140.0,LTN,GDN,"Luton, Bedfordshire",Gdańsk,Luton,Gdansk
"{'LTN', 'GNB'}",107.5,LTN,GNB,"Luton, Bedfordshire",Saint-Étienne-de-Saint-Geoirs,Luton,Saint
"{'LTN', 'GVA'}",105.0,LTN,GVA,"Luton, Bedfordshire",Geneva,Luton,Geneva
"{'LTN', 'IAS'}",205.0,LTN,IAS,"Luton, Bedfordshire",Iaşi,Luton,Iasi
"{'LTN', 'OTP'}",207.5,LTN,OTP,"Luton, Bedfordshire",Otopeni,Luton,Otopeni
"{'LTN', 'PRN'}",202.5,LTN,PRN,"Luton, Bedfordshire",Prishtina,Luton,Prishtina
"{'LTN', 'SCV'}",195.0,LTN,SCV,"Luton, Bedfordshire",Suceava,Luton,Suceava
"{'LTN', 'TOS'}",225.0,LTN,TOS,"Luton, Bedfordshire",Tromsø,Luton,Tromso
"{'LTN', 'VNO'}",167.5,LTN,VNO,"Luton, Bedfordshire",Vilnius,Luton,Vilnius
"{'LTN', 'WRO'}",127.5,LTN,WRO,"Luton, Bedfordshire",Wrocław,Luton,Wroclaw
"{'LUX', 'AGP'}",162.5,LUX,AGP,Luxembourg,Málaga,Luxembourg,Malaga
"{'LUX', 'BGY'}",75.0,LUX,BGY,Luxembourg,Orio al Serio (BG),Luxembourg,Orio al Serio
"{'LUX', 'FUE'}",245.0,LUX,FUE,Luxembourg,El Matorral,Luxembourg,El Matorral
"{'LUX', 'OPO'}",152.5,LUX,OPO,Luxembourg,Porto,Luxembourg,Postage
"{'LUZ', 'LTN'}",160.0,LUZ,LTN,Lublin,"Luton, Bedfordshire",Lublin,Luton
"{'LYS', 'ACE'}",215.0,LYS,ACE,Lyon,San Bartolomé,Lyon,San Bartolome
"{'LYS', 'ARN'}",185.0,LYS,ARN,Lyon,Stockholm,Lyon,Stockholm
"{'LYS', 'CDG'}",72.5,LYS,CDG,Lyon,Paris,Lyon,Paris
"{'LYS', 'EDI'}",140.0,LYS,EDI,Lyon,Edinburgh,Lyon,Edinburgh
"{'LYS', 'MAD'}",115.0,LYS,MAD,Lyon,Madrid,Lyon,Madrid
"{'LYS', 'MUC'}",80.0,LYS,MUC,Lyon,Munich,Lyon,Munich
"{'AGP', 'MAD'}",75.0,AGP,MAD,Málaga,Madrid,Malaga,Madrid
"{'BCN', 'MAD'}",85.0,BCN,MAD,Barcelona,Madrid,Barcelona,Madrid
"{'BLQ', 'MAD'}",155.0,BLQ,MAD,Bologna,Madrid,Bologna,Madrid
"{'BOD', 'MAD'}",85.0,BOD,MAD,Bordeaux/Mérignac,Madrid,Bordeaux,Madrid
"{'BRU', 'MAD'}",147.5,BRU,MAD,Zaventem,Madrid,Zaventem,Madrid
"{'FUE', 'MAD'}",160.0,FUE,MAD,El Matorral,Madrid,El Matorral,Madrid
"{'HAM', 'MAD'}",175.0,HAM,MAD,Hamburg,Madrid,Hamburg,Madrid
"{'LGW', 'MAD'}",145.0,LGW,MAD,"Gatwick, Surrey",Madrid,Gatwick,Madrid
"{'OPO', 'MAD'}",75.0,OPO,MAD,Porto,Madrid,Postage,Madrid
"{'MAH', 'BCN'}",52.5,MAH,BCN,Mahón (Maó),Barcelona,Mahon,Barcelona
"{'MAN', 'ACE'}",262.5,MAN,ACE,Manchester,San Bartolomé,Manchester,San Bartolome
"{'MAN', 'AGP'}",177.5,MAN,AGP,Manchester,Málaga,Manchester,Malaga
"{'MAN', 'ALC'}",167.5,MAN,ALC,Manchester,Alicante,Manchester,Alicante
"{'MAN', 'AMS'}",77.5,MAN,AMS,Manchester,Amsterdam,Manchester,Amsterdam
"{'MAN', 'BCN'}",135.0,MAN,BCN,Manchester,Barcelona,Manchester,Barcelona
"{'MAN', 'BFS'}",61.25,MAN,BFS,Manchester,Belfast,Manchester,Belfast
"{'MAN', 'BHD'}",70.0,MAN,BHD,Manchester,Belfast,Manchester,Belfast
"{'MAN', 'BUD'}",162.5,MAN,BUD,Manchester,Budapest,Manchester,Budapest
"{'MAN', 'CDG'}",87.5,MAN,CDG,Manchester,Paris,Manchester,Paris
"{'MAN', 'CGN'}",97.5,MAN,CGN,Manchester,Köln (Cologne),Manchester,Cologne
"{'MAN', 'CIA'}",167.5,MAN,CIA,Manchester,Rome,Manchester,Rome
"{'MAN', 'CMF'}",125.0,MAN,CMF,Manchester,Viviers-du-Lac,Manchester,Viviers
"{'MAN', 'CPH'}",115.0,MAN,CPH,Manchester,Copenhagen,Manchester,Copenhagen
"{'MAN', 'FNC'}",242.5,MAN,FNC,Manchester,Funchal,Manchester,Funchal
"{'MAN', 'FRA'}",100.0,MAN,FRA,Manchester,Frankfurt am Main,Manchester,Frankfurt am Main
"{'MAN', 'FUE'}",267.5,MAN,FUE,Manchester,El Matorral,Manchester,El Matorral
"{'MAN', 'GNB'}",115.0,MAN,GNB,Manchester,Saint-Étienne-de-Saint-Geoirs,Manchester,Saint
"{'MAN', 'GVA'}",116.66666666666669,MAN,GVA,Manchester,Geneva,Manchester,Geneva
"{'MAN', 'HEL'}",172.5,MAN,HEL,Manchester,Helsinki,Manchester,Helsinki
"{'MAN', 'IOM'}",50.0,MAN,IOM,Manchester,Castletown,Manchester,Castletown
"{'MAN', 'KRK'}",150.0,MAN,KRK,Manchester,Balice,Manchester,Balice
"{'MAN', 'LHR'}",62.5,MAN,LHR,Manchester,London,Manchester,London
"{'MAN', 'LIS'}",167.5,MAN,LIS,Manchester,Lisbon,Manchester,Lisbon
"{'MAN', 'MAD'}",155.0,MAN,MAD,Manchester,Madrid,Manchester,Madrid
"{'MAN', 'MLA'}",211.66666666666663,MAN,MLA,Manchester,Valletta,Manchester,Valletta
"{'MAN', 'MUC'}",125.0,MAN,MUC,Manchester,Munich,Manchester,Munich
"{'MAN', 'POZ'}",130.0,MAN,POZ,Manchester,Poznań,Manchester,Poznan
"{'MAN', 'PRG'}",135.0,MAN,PRG,Manchester,Prague,Manchester,Prague
"{'MAN', 'RMU'}",170.0,MAN,RMU,Manchester,Corvera,Manchester,Corvera
"{'MAN', 'RZE'}",170.0,MAN,RZE,Manchester,Jasionka,Manchester,Jasionka
"{'MAN', 'SDR'}",125.0,MAN,SDR,Manchester,Santander,Manchester,Santander
"{'MAN', 'SVQ'}",170.0,MAN,SVQ,Manchester,Sevilla,Manchester,Seville
"{'MAN', 'SZG'}",135.0,MAN,SZG,Manchester,Salzburg,Manchester,Salzburg
"{'MAN', 'VCE'}",145.0,MAN,VCE,Manchester,Venezia (VE),Manchester,Venezia
"{'MAN', 'VRN'}",145.0,MAN,VRN,Manchester,Caselle (VR),Manchester,Caselle
"{'MAN', 'WRO'}",137.5,MAN,WRO,Manchester,Wrocław,Manchester,Wroclaw
"{'MCX', 'DME'}",185.0,MCX,DME,Makhachkala,Moscow,Makhachkala,Moscow
"{'MCX', 'LED'}",200.0,MCX,LED,Makhachkala,St. Petersburg,Makhachkala,St. Petersburg
"{'MCX', 'SVO'}",195.0,MCX,SVO,Makhachkala,Moscow,Makhachkala,Moscow
"{'MCX', 'VKO'}",167.5,MCX,VKO,Makhachkala,Moscow,Makhachkala,Moscow
"{'MJT', 'ATH'}",60.0,MJT,ATH,Mytilene,Spata-Artemida,Mytilene,Spata
"{'MLA', 'BCN'}",135.0,MLA,BCN,Valletta,Barcelona,Valletta,Barcelona
"{'MLA', 'BGY'}",120.0,MLA,BGY,Valletta,Orio al Serio (BG),Valletta,Orio al Serio
"{'MLA', 'BRU'}",180.0,MLA,BRU,Valletta,Zaventem,Valletta,Zaventem
"{'MLA', 'CGN'}",170.0,MLA,CGN,Valletta,Köln (Cologne),Valletta,Cologne
"{'MLA', 'CRL'}",172.5,MLA,CRL,Valletta,Charleroi,Valletta,Charleroi
"{'MLA', 'CTA'}",48.333333333333336,MLA,CTA,Valletta,Catania,Valletta,Catania
"{'MLA', 'EDI'}",230.0,MLA,EDI,Valletta,Edinburgh,Valletta,Edinburgh
"{'INI', 'MLA'}",110.0,INI,MLA,Niš,Valletta,Nis,Valletta
"{'MLA', 'LGW'}",195.0,MLA,LGW,Valletta,"Gatwick, Surrey",Valletta,Gatwick
"{'MLA', 'MAD'}",175.0,MLA,MAD,Valletta,Madrid,Valletta,Madrid
"{'MLA', 'MUC'}",145.0,MLA,MUC,Valletta,Munich,Valletta,Munich
"{'MLA', 'OTP'}",140.0,MLA,OTP,Valletta,Otopeni,Valletta,Otopeni
"{'MLA', 'PSA'}",100.0,MLA,PSA,Valletta,Pisa,Valletta,Pisa
"{'MLA', 'ZRH'}",140.0,MLA,ZRH,Valletta,Zurich,Valletta,Zurich
"{'MLN', 'AGP'}",57.5,MLN,AGP,Melilla,Málaga,Melilla,Malaga
"{'MLN', 'GRX'}",60.0,MLN,GRX,Melilla,Granada,Melilla,Granada
"{'MLN', 'LEI'}",55.0,MLN,LEI,Melilla,Almería,Melilla,Almeria
"{'MMX', 'ARN'}",70.0,MMX,ARN,Malmö,Stockholm,Malmo,Stockholm
"{'MMX', 'BMA'}",80.0,MMX,BMA,Malmö,Stockholm,Malmo,Stockholm
"{'MPL', 'AMS'}",125.0,MPL,AMS,Montpellier/Méditerranée,Amsterdam,Montpellier,Amsterdam
"{'MPL', 'CDG'}",87.5,MPL,CDG,Montpellier/Méditerranée,Paris,Montpellier,Paris
"{'MRS', 'AGP'}",120.0,MRS,AGP,Marseille,Málaga,Marseille,Malaga
"{'MRS', 'AJA'}",50.0,MRS,AJA,Marseille,Ajaccio/Napoléon Bonaparte,Marseille,Ajaccio
"{'MRS', 'ALC'}",95.0,MRS,ALC,Marseille,Alicante,Marseille,Alicante
"{'MRS', 'BIA'}",55.0,MRS,BIA,Marseille,Bastia/Poretta,Marseille,Bastia
"{'MRS', 'BUD'}",120.0,MRS,BUD,Marseille,Budapest,Marseille,Budapest
"{'MRS', 'CDG'}",95.0,MRS,CDG,Marseille,Paris,Marseille,Paris
"{'MRS', 'CRL'}",105.0,MRS,CRL,Marseille,Charleroi,Marseille,Charleroi
"{'MRS', 'LIS'}",140.0,MRS,LIS,Marseille,Lisbon,Marseille,Lisbon
"{'MRS', 'LYS'}",65.0,MRS,LYS,Marseille,Lyon,Marseille,Lyon
"{'MRS', 'MAD'}",107.5,MRS,MAD,Marseille,Madrid,Marseille,Madrid
"{'MRS', 'NTE'}",90.0,MRS,NTE,Marseille,Nantes,Marseille,Nantes
"{'MRS', 'ORY'}",82.5,MRS,ORY,Marseille,Paris,Marseille,Paris
"{'MRS', 'OTP'}",165.0,MRS,OTP,Marseille,Otopeni,Marseille,Otopeni
"{'MRV', 'AER'}",62.5,MRV,AER,Mineralnyye Vody,Sochi,Mineralnyye Vody,Sochi
"{'MRV', 'CEE'}",210.0,MRV,CEE,Mineralnyye Vody,Cherepovets,Mineralnyye Vody,Cherepovets
"{'MRV', 'CEK'}",192.5,MRV,CEK,Mineralnyye Vody,Chelyabinsk,Mineralnyye Vody,Chelyabinsk
"{'MRV', 'DME'}",195.0,MRV,DME,Mineralnyye Vody,Moscow,Mineralnyye Vody,Moscow
"{'MRV', 'KLF'}",185.0,MRV,KLF,Mineralnyye Vody,Kaluga,Mineralnyye Vody,Kaluga
"{'MRV', 'KUF'}",160.0,MRV,KUF,Mineralnyye Vody,Samara,Mineralnyye Vody,Samara
"{'MRV', 'LED'}",180.0,MRV,LED,Mineralnyye Vody,St. Petersburg,Mineralnyye Vody,St. Petersburg
"{'MRV', 'MQF'}",160.0,MRV,MQF,Mineralnyye Vody,Magnitogorsk,Mineralnyye Vody,Magnitogorsk
"{'MRV', 'NBC'}",170.0,MRV,NBC,Mineralnyye Vody,Nizhnekamsk,Mineralnyye Vody,Nizhnekamsk
"{'MRV', 'PEE'}",197.5,MRV,PEE,Mineralnyye Vody,Perm,Mineralnyye Vody,Perm
"{'MRV', 'SVO'}",197.5,MRV,SVO,Mineralnyye Vody,Moscow,Mineralnyye Vody,Moscow
"{'MRV', 'UFA'}",170.0,MRV,UFA,Mineralnyye Vody,Ufa,Mineralnyye Vody,Ufa
"{'MRV', 'VKO'}",142.5,MRV,VKO,Mineralnyye Vody,Moscow,Mineralnyye Vody,Moscow
"{'MRV', 'VOG'}",130.0,MRV,VOG,Mineralnyye Vody,Volgograd,Mineralnyye Vody,Volgograd
"{'MSQ', 'LED'}",85.0,MSQ,LED,Minsk,St. Petersburg,Minsk,St. Petersburg
"{'MSQ', 'SVO'}",90.0,MSQ,SVO,Minsk,Moscow,Minsk,Moscow
"{'MSQ', 'VKO'}",85.0,MSQ,VKO,Minsk,Moscow,Minsk,Moscow
"{'MUC', 'AGP'}",180.0,MUC,AGP,Munich,Málaga,Munich,Malaga
"{'ALC', 'MUC'}",155.0,ALC,MUC,Alicante,Munich,Alicante,Munich
"{'ARN', 'MUC'}",135.0,ARN,MUC,Stockholm,Munich,Stockholm,Munich
"{'MUC', 'BCN'}",125.0,MUC,BCN,Munich,Barcelona,Munich,Barcelona
"{'MUC', 'BHX'}",115.0,MUC,BHX,Munich,Birmingham,Munich,Birmingham
"{'MUC', 'BLQ'}",67.5,MUC,BLQ,Munich,Bologna,Munich,Bologna
"{'MUC', 'BRU'}",77.5,MUC,BRU,Munich,Zaventem,Munich,Zaventem
"{'DRS', 'MUC'}",55.0,DRS,MUC,Dresden,Munich,Dresden,Munich
"{'MUC', 'FMO'}",65.0,MUC,FMO,Munich,Greven,Munich,Greven
"{'MUC', 'FUE'}",265.0,MUC,FUE,Munich,El Matorral,Munich,El Matorral
"{'MUC', 'GRZ'}",50.0,MUC,GRZ,Munich,Feldkirchen bei Graz,Munich,Graz
"{'MUC', 'HAM'}",77.5,MUC,HAM,Munich,Hamburg,Munich,Hamburg
"{'MUC', 'LGW'}",110.0,MUC,LGW,Munich,"Gatwick, Surrey",Munich,Gatwick
"{'MUC', 'PRN'}",120.0,MUC,PRN,Munich,Prishtina,Munich,Prishtina
"{'MUC', 'SKG'}",130.0,MUC,SKG,Munich,Thessaloniki,Munich,Thessaloniki
"{'MUC', 'STR'}",50.0,MUC,STR,Munich,Stuttgart,Munich,Stuttgart
"{'MUC', 'VLC'}",145.0,MUC,VLC,Munich,Valencia,Munich,Valencia
"{'MXP', 'ALC'}",127.5,MXP,ALC,Ferno (VA),Alicante,Ferno,Alicante
"{'MXP', 'AMS'}",117.5,MXP,AMS,Ferno (VA),Amsterdam,Ferno,Amsterdam
"{'MXP', 'ATH'}",147.5,MXP,ATH,Ferno (VA),Spata-Artemida,Ferno,Spata
"{'MXP', 'BCM'}",150.0,MXP,BCM,Ferno (VA),Bacău,Ferno,Bacau
"{'MXP', 'BCN'}",97.5,MXP,BCN,Ferno (VA),Barcelona,Ferno,Barcelona
"{'MXP', 'CAG'}",90.0,MXP,CAG,Ferno (VA),Cagliari,Ferno,Cagliari
"{'MXP', 'CDG'}",90.0,MXP,CDG,Ferno (VA),Paris,Ferno,Paris
"{'MXP', 'CTA'}",117.5,MXP,CTA,Ferno (VA),Catania,Ferno,Catania
"{'MXP', 'FUE'}",245.0,MXP,FUE,Ferno (VA),El Matorral,Ferno,El Matorral
"{'MXP', 'HEL'}",185.0,MXP,HEL,Ferno (VA),Helsinki,Ferno,Helsinki
"{'MXP', 'LGW'}",116.25,MXP,LGW,Ferno (VA),"Gatwick, Surrey",Ferno,Gatwick
"{'MXP', 'MAD'}",142.5,MXP,MAD,Ferno (VA),Madrid,Ferno,Madrid
"{'MXP', 'MUC'}",70.0,MXP,MUC,Ferno (VA),Munich,Ferno,Munich
"{'MXP', 'OPO'}",155.0,MXP,OPO,Ferno (VA),Porto,Ferno,Postage
"{'MXP', 'ORY'}",95.0,MXP,ORY,Ferno (VA),Paris,Ferno,Paris
"{'MXP', 'PRN'}",130.0,MXP,PRN,Ferno (VA),Prishtina,Ferno,Prishtina
"{'MXP', 'RZE'}",127.5,MXP,RZE,Ferno (VA),Jasionka,Ferno,Jasionka
"{'MXP', 'SUF'}",110.0,MXP,SUF,Ferno (VA),Lamezia Terme (CZ),Ferno,Lamezia Terme
"{'MXP', 'TGD'}",110.0,MXP,TGD,Ferno (VA),Podgorica,Ferno,Podgorica
"{'MXP', 'VIE'}",90.0,MXP,VIE,Ferno (VA),Vienna,Ferno,Vienna
"{'MXP', 'VNO'}",165.0,MXP,VNO,Ferno (VA),Vilnius,Ferno,Vilnius
"{'MXP', 'ZRH'}",57.5,MXP,ZRH,Ferno (VA),Zurich,Ferno,Zurich
"{'NAP', 'BCN'}",117.5,NAP,BCN,Napoli,Barcelona,Napoli,Barcelona
"{'NAP', 'BGY'}",85.0,NAP,BGY,Napoli,Orio al Serio (BG),Napoli,Orio al Serio
"{'NAP', 'CRL'}",137.5,NAP,CRL,Napoli,Charleroi,Napoli,Charleroi
"{'NAP', 'CTA'}",65.0,NAP,CTA,Napoli,Catania,Napoli,Catania
"{'NAP', 'FCO'}",55.0,NAP,FCO,Napoli,Rome,Napoli,Rome
"{'NAP', 'KRK'}",120.0,NAP,KRK,Napoli,Balice,Napoli,Balice
"{'NAP', 'LIN'}",77.5,NAP,LIN,Napoli,Segrate (MI),Napoli,Segrate
"{'NAP', 'MXP'}",92.5,NAP,MXP,Napoli,Ferno (VA),Napoli,Ferno
"{'NAP', 'OTP'}",117.5,NAP,OTP,Napoli,Otopeni,Napoli,Otopeni
"{'NAP', 'PMO'}",60.0,NAP,PMO,Napoli,Palermo,Napoli,Palermo
"{'NAP', 'SOF'}",100.0,NAP,SOF,Napoli,Sofia,Napoli,Sofia
"{'NAP', 'STN'}",175.0,NAP,STN,Napoli,London,Napoli,London
"{'NAP', 'TRS'}",75.0,NAP,TRS,Napoli,Ronchi dei Legionari (GO),Napoli,Ronchi dei Legionari
"{'NAP', 'VCE'}",80.0,NAP,VCE,Napoli,Venezia (VE),Napoli,Venezia
"{'NAP', 'VIE'}",105.0,NAP,VIE,Napoli,Vienna,Napoli,Vienna
"{'NAP', 'VLC'}",125.0,NAP,VLC,Napoli,Valencia,Napoli,Valencia
"{'NBC', 'LED'}",145.0,NBC,LED,Nizhnekamsk,St. Petersburg,Nizhnekamsk,St. Petersburg
"{'NCE', 'BCN'}",80.0,NCE,BCN,Nice,Barcelona,Nice,Barcelona
"{'NCE', 'BIA'}",50.0,NCE,BIA,Nice,Bastia/Poretta,Nice,Bastia
"{'NCE', 'CDG'}",96.66666666666669,NCE,CDG,Nice,Paris,Nice,Paris
"{'NCE', 'MAD'}",120.0,NCE,MAD,Nice,Madrid,Nice,Madrid
"{'NCE', 'ZRH'}",72.5,NCE,ZRH,Nice,Zurich,Nice,Zurich
"{'NCL', 'AGP'}",190.0,NCL,AGP,Newcastle,Málaga,Newcastle,Malaga
"{'NCL', 'ALC'}",177.5,NCL,ALC,Newcastle,Alicante,Newcastle,Alicante
"{'NCL', 'FUE'}",275.0,NCL,FUE,Newcastle,El Matorral,Newcastle,El Matorral
"{'NNM', 'KZN'}",145.0,NNM,KZN,Naryan Mar,Kazan,Naryan Mar,Kazan
"{'NOZ', 'SVO'}",287.5,NOZ,SVO,Novokuznetsk,Moscow,Novokuznetsk,Moscow
"{'NQY', 'LGW'}",80.0,NQY,LGW,Newquay,"Gatwick, Surrey",Newquay,Gatwick
"{'NRN', 'AGP'}",182.5,NRN,AGP,Weeze,Málaga,Weeze,Malaga
"{'NRN', 'SKG'}",170.0,NRN,SKG,Weeze,Thessaloniki,Weeze,Thessaloniki
"{'NTE', 'ACE'}",195.0,NTE,ACE,Nantes,San Bartolomé,Nantes,San Bartolome
"{'NTE', 'AMS'}",92.5,NTE,AMS,Nantes,Amsterdam,Nantes,Amsterdam
"{'NTE', 'FUE'}",200.0,NTE,FUE,Nantes,El Matorral,Nantes,El Matorral
"{'NTE', 'GVA'}",82.5,NTE,GVA,Nantes,Geneva,Nantes,Geneva
"{'NTE', 'MAD'}",100.0,NTE,MAD,Nantes,Madrid,Nantes,Madrid
"{'NTE', 'MRS'}",90.0,NTE,MRS,Nantes,Marseille,Nantes,Marseille
"{'NUE', 'SKG'}",145.0,NUE,SKG,Nuremberg,Thessaloniki,Nuremberg,Thessaloniki
"{'NYO', 'OTP'}",175.0,NYO,OTP,Nyköping,Otopeni,Nykoping,Otopeni
"{'OGZ', 'VKO'}",175.0,OGZ,VKO,Beslan,Moscow,Beslan,Moscow
"{'OHD', 'ZRH'}",125.0,OHD,ZRH,Ohrid,Zurich,Ohrid,Zurich
"{'OLB', 'FCO'}",60.0,OLB,FCO,Olbia (SS),Rome,Olbia,Rome
"{'OLB', 'LIN'}",67.5,OLB,LIN,Olbia (SS),Segrate (MI),Olbia,Segrate
"{'OMR', 'OTP'}",82.5,OMR,OTP,Oradea,Otopeni,Oradea,Otopeni
"{'MAD', 'OPO'}",80.0,MAD,OPO,Madrid,Porto,Madrid,Postage
"{'ORY', 'ACE'}",235.0,ORY,ACE,Paris,San Bartolomé,Paris,San Bartolome
"{'ORY', 'AGP'}",150.0,ORY,AGP,Paris,Málaga,Paris,Malaga
"{'ORY', 'BCN'}",100.0,ORY,BCN,Paris,Barcelona,Paris,Barcelona
"{'ORY', 'BIA'}",100.0,ORY,BIA,Paris,Bastia/Poretta,Paris,Bastia
"{'ORY', 'IVL'}",265.0,ORY,IVL,Paris,Ivalo,Paris,Ivalo
"{'ORY', 'LDE'}",85.0,ORY,LDE,Paris,Tarbes/Lourdes/Pyrénées,Paris,Tarbes
"{'ORY', 'LGW'}",72.5,ORY,LGW,Paris,"Gatwick, Surrey",Paris,Gatwick
"{'ORY', 'MAD'}",125.0,ORY,MAD,Paris,Madrid,Paris,Madrid
"{'ORY', 'MLA'}",167.5,ORY,MLA,Paris,Valletta,Paris,Valletta
"{'ORY', 'MPL'}",85.0,ORY,MPL,Paris,Montpellier/Méditerranée,Paris,Montpellier
"{'ORY', 'MXP'}",85.0,ORY,MXP,Paris,Ferno (VA),Paris,Ferno
"{'ORY', 'NCE'}",87.5,ORY,NCE,Paris,Nice,Paris,Nice
"{'ORY', 'OPO'}",135.0,ORY,OPO,Paris,Porto,Paris,Postage
"{'ORY', 'SOU'}",90.0,ORY,SOU,Paris,Southampton,Paris,Southampton
"{'ORY', 'TLS'}",75.0,ORY,TLS,Paris,Toulouse/Blagnac,Paris,Toulouse
"{'ORY', 'VLC'}",116.66666666666669,ORY,VLC,Paris,Valencia,Paris,Valencia
"{'OSL', 'AGP'}",250.0,OSL,AGP,Oslo,Málaga,Oslo,Malaga
"{'OSL', 'ALC'}",230.0,OSL,ALC,Oslo,Alicante,Oslo,Alicante
"{'OSL', 'AMS'}",115.0,OSL,AMS,Oslo,Amsterdam,Oslo,Amsterdam
"{'OSL', 'ARN'}",72.5,OSL,ARN,Oslo,Stockholm,Oslo,Stockholm
"{'OSL', 'BGO'}",56.25,OSL,BGO,Oslo,Bergen,Oslo,Bergen
"{'OSL', 'CDG'}",150.0,OSL,CDG,Oslo,Paris,Oslo,Paris
"{'OSL', 'GOT'}",55.0,OSL,GOT,Oslo,Gothenburg,Oslo,Gothenburg
"{'OSL', 'HEL'}",125.0,OSL,HEL,Oslo,Helsinki,Oslo,Helsinki
"{'OSL', 'SVG'}",60.0,OSL,SVG,Oslo,Stavanger,Oslo,Stavanger
"{'OSL', 'TOS'}",117.5,OSL,TOS,Oslo,Tromsø,Oslo,Tromso
"{'OSL', 'ZRH'}",150.0,OSL,ZRH,Oslo,Zurich,Oslo,Zurich
"{'OSW', 'SVO'}",160.0,OSW,SVO,Orsk,Moscow,Orsk,Moscow
"{'BLL', 'OTP'}",160.0,BLL,OTP,Billund,Otopeni,Billund,Otopeni
"{'BLQ', 'OTP'}",125.0,BLQ,OTP,Bologna,Otopeni,Bologna,Otopeni
"{'CIA', 'OTP'}",120.0,CIA,OTP,Rome,Otopeni,Rome,Otopeni
"{'LGW', 'OTP'}",190.0,LGW,OTP,"Gatwick, Surrey",Otopeni,Gatwick,Otopeni
"{'OVD', 'ACE'}",160.0,OVD,ACE,Ranón,San Bartolomé,Ranon,San Bartolome
"{'OVD', 'BCN'}",85.0,OVD,BCN,Ranón,Barcelona,Ranon,Barcelona
"{'OVD', 'MAD'}",75.0,OVD,MAD,Ranón,Madrid,Ranon,Madrid
"{'OVD', 'NRN'}",132.5,OVD,NRN,Ranón,Weeze,Ranon,Weeze
"{'PDL', 'HOR'}",57.5,PDL,HOR,Ponta Delgada,Horta,Ponta Delgada,Horta
"{'PDL', 'OPO'}",145.0,PDL,OPO,Ponta Delgada,Porto,Ponta Delgada,Postage
"{'PDL', 'SMA'}",30.0,PDL,SMA,Ponta Delgada,Vila do Porto,Ponta Delgada,Vila do Porto
"{'PEE', 'LED'}",146.25,PEE,LED,Perm,St. Petersburg,Perm,St. Petersburg
"{'PEE', 'SVO'}",135.0,PEE,SVO,Perm,Moscow,Perm,Moscow
"{'PEE', 'VKO'}",127.5,PEE,VKO,Perm,Moscow,Perm,Moscow
"{'PES', 'VKO'}",95.0,PES,VKO,Petrozavodsk,Moscow,Petrozavodsk,Moscow
"{'PMF', 'CAG'}",80.0,PMF,CAG,Parma (PR),Cagliari,Parma,Cagliari
"{'PMO', 'BCN'}",115.0,PMO,BCN,Palermo,Barcelona,Palermo,Barcelona
"{'PMO', 'BGY'}",100.0,PMO,BGY,Palermo,Orio al Serio (BG),Palermo,Orio al Serio
"{'PMO', 'BLQ'}",90.0,PMO,BLQ,Palermo,Bologna,Palermo,Bologna
"{'PMO', 'FCO'}",75.0,PMO,FCO,Palermo,Rome,Palermo,Rome
"{'PMO', 'FMM'}",117.5,PMO,FMM,Palermo,Memmingen,Palermo,Memmingen
"{'PMO', 'LIN'}",95.0,PMO,LIN,Palermo,Segrate (MI),Palermo,Segrate
"{'PMO', 'MAD'}",160.0,PMO,MAD,Palermo,Madrid,Palermo,Madrid
"{'PMO', 'MXP'}",105.0,PMO,MXP,Palermo,Ferno (VA),Palermo,Ferno
"{'PMO', 'NAP'}",60.0,PMO,NAP,Palermo,Napoli,Palermo,Napoli
"{'PMO', 'NUE'}",127.5,PMO,NUE,Palermo,Nuremberg,Palermo,Nuremberg
"{'PMO', 'PSA'}",80.0,PMO,PSA,Palermo,Pisa,Palermo,Pisa
"{'PMO', 'STN'}",190.0,PMO,STN,Palermo,London,Palermo,London
"{'PMO', 'TRN'}",100.0,PMO,TRN,Palermo,Caselle Torinese (TO),Palermo,Caselle Torinese
"{'PMO', 'VCE'}",95.0,PMO,VCE,Palermo,Venezia (VE),Palermo,Venezia
"{'PMO', 'VLC'}",127.5,PMO,VLC,Palermo,Valencia,Palermo,Valencia
"{'PMO', 'VRN'}",92.5,PMO,VRN,Palermo,Caselle (VR),Palermo,Caselle
"{'PNA', 'MAD'}",65.0,PNA,MAD,Pamplona,Madrid,Pamplona,Madrid
"{'PRG', 'AGP'}",200.0,PRG,AGP,Prague,Málaga,Prague,Malaga
"{'PRG', 'BCN'}",147.5,PRG,BCN,Prague,Barcelona,Prague,Barcelona
"{'PRG', 'BGY'}",80.0,PRG,BGY,Prague,Orio al Serio (BG),Prague,Orio al Serio
"{'PRG', 'CDG'}",105.0,PRG,CDG,Prague,Paris,Prague,Paris
"{'PRG', 'GVA'}",90.0,PRG,GVA,Prague,Geneva,Prague,Geneva
"{'PRG', 'HEL'}",135.0,PRG,HEL,Prague,Helsinki,Prague,Helsinki
"{'PRG', 'MAD'}",185.0,PRG,MAD,Prague,Madrid,Prague,Madrid
"{'PRN', 'HAM'}",158.75,PRN,HAM,Prishtina,Hamburg,Prishtina,Hamburg
"{'PRN', 'STR'}",125.0,PRN,STR,Prishtina,Stuttgart,Prishtina,Stuttgart
"{'PSA', 'CRL'}",105.0,PSA,CRL,Pisa,Charleroi,Pisa,Charleroi
"{'PSA', 'MAD'}",145.0,PSA,MAD,Pisa,Madrid,Pisa,Madrid
"{'PSA', 'OPO'}",155.0,PSA,OPO,Pisa,Porto,Pisa,Postage
"{'PSA', 'VLC'}",110.0,PSA,VLC,Pisa,Valencia,Pisa,Valencia
"{'BGY', 'PSR'}",75.0,BGY,PSR,Orio al Serio (BG),Pescara,Orio al Serio,Pescara
"{'PUY', 'ZRH'}",85.0,PUY,ZRH,Pula,Zurich,Pula,Zurich
"{'PXO', 'FNC'}",25.0,PXO,FNC,Vila Baleira,Funchal,Vila Baleira,Funchal
"{'PXO', 'OSL'}",305.0,PXO,OSL,Vila Baleira,Oslo,Vila Baleira,Oslo
"{'REN', 'LED'}",172.5,REN,LED,Orenburg,St. Petersburg,Orenburg,St. Petersburg
"{'REN', 'SVO'}",141.66666666666666,REN,SVO,Orenburg,Moscow,Orenburg,Moscow
"{'RIX', 'AMS'}",145.0,RIX,AMS,Riga,Amsterdam,Riga,Amsterdam
"{'RIX', 'ARN'}",70.0,RIX,ARN,Riga,Stockholm,Riga,Stockholm
"{'RIX', 'BRS'}",180.0,RIX,BRS,Riga,Bristol,Riga,Bristol
"{'RIX', 'CPH'}",90.0,RIX,CPH,Riga,Copenhagen,Riga,Copenhagen
"{'RIX', 'GVA'}",165.0,RIX,GVA,Riga,Geneva,Riga,Geneva
"{'RIX', 'HEL'}",65.0,RIX,HEL,Riga,Helsinki,Riga,Helsinki
"{'RIX', 'KTT'}",115.0,RIX,KTT,Riga,Kittilä,Riga,Kittila
"{'RIX', 'LIS'}",270.0,RIX,LIS,Riga,Lisbon,Riga,Lisbon
"{'RIX', 'PLQ'}",39.0,RIX,PLQ,Riga,Palanga,Riga,Palanga
"{'RIX', 'STN'}",175.0,RIX,STN,Riga,London,Riga,London
"{'RIX', 'SZG'}",132.5,RIX,SZG,Riga,Salzburg,Riga,Salzburg
"{'RIX', 'TLL'}",50.0,RIX,TLL,Riga,Tallinn,Riga,Tallinn
"{'RIX', 'VIE'}",127.5,RIX,VIE,Riga,Vienna,Riga,Vienna
"{'RIX', 'VNO'}",48.0,RIX,VNO,Riga,Vilnius,Riga,Vilnius
"{'RIX', 'WAW'}",80.0,RIX,WAW,Riga,Warsaw,Riga,Warsaw
"{'RTM', 'AGP'}",172.5,RTM,AGP,Rotterdam,Málaga,Rotterdam,Malaga
"{'RTM', 'ALC'}",150.0,RTM,ALC,Rotterdam,Alicante,Rotterdam,Alicante
"{'RTM', 'SZG'}",90.0,RTM,SZG,Rotterdam,Salzburg,Rotterdam,Salzburg
"{'SBT', 'DME'}",69.0,SBT,DME,Sabetta,Moscow,Sabetta,Moscow
"{'SBZ', 'LTN'}",182.5,SBZ,LTN,Sibiu,"Luton, Bedfordshire",Sibiu,Luton
"{'SBZ', 'MUC'}",102.5,SBZ,MUC,Sibiu,Munich,Sibiu,Munich
"{'SCQ', 'ACE'}",155.0,SCQ,ACE,Santiago de Compostela,San Bartolomé,Santiago de Compostela,San Bartolome
"{'SCQ', 'MAD'}",72.5,SCQ,MAD,Santiago de Compostela,Madrid,Santiago de Compostela,Madrid
"{'SCQ', 'VLC'}",92.5,SCQ,VLC,Santiago de Compostela,Valencia,Santiago de Compostela,Valencia
"{'OTP', 'SCV'}",70.0,OTP,SCV,Otopeni,Suceava,Otopeni,Suceava
"{'SCW', 'LED'}",115.0,SCW,LED,Syktyvkar,St. Petersburg,Syktyvkar,St. Petersburg
"{'SCW', 'SVO'}",120.0,SCW,SVO,Syktyvkar,Moscow,Syktyvkar,Moscow
"{'SCW', 'VKO'}",125.0,SCW,VKO,Syktyvkar,Moscow,Syktyvkar,Moscow
"{'SDR', 'MAD'}",70.0,SDR,MAD,Santander,Madrid,Santander,Madrid
"{'SEN', 'GVA'}",95.0,SEN,GVA,"Southend-on-Sea, Essex",Geneva,Southend,Geneva
"{'SIP', 'LED'}",195.0,SIP,LED,Simferopol,St. Petersburg,Simferopol,St. Petersburg
"{'SJJ', 'CGN'}",115.0,SJJ,CGN,Sarajevo,Köln (Cologne),Sarajevo,Cologne
"{'RHO', 'SKG'}",75.0,RHO,SKG,Rhodes,Thessaloniki,Rhodes,Thessaloniki
"{'STR', 'SKG'}",135.0,STR,SKG,Stuttgart,Thessaloniki,Stuttgart,Thessaloniki
"{'BOO', 'SKN'}",35.0,BOO,SKN,Bodø,Hadsel,Bodo,Hadsel
"{'SKN', 'TOS'}",40.0,SKN,TOS,Hadsel,Tromsø,Hadsel,Tromso
"{'SKP', 'ATH'}",90.0,SKP,ATH,Ilinden,Spata-Artemida,Ilinden,Spata
"{'SKP', 'BEG'}",70.0,SKP,BEG,Ilinden,Belgrade,Ilinden,Belgrade
"{'SKP', 'BTS'}",92.5,SKP,BTS,Ilinden,Bratislava,Ilinden,Bratislava
"{'SKP', 'CGN'}",157.5,SKP,CGN,Ilinden,Köln (Cologne),Ilinden,Cologne
"{'SKP', 'CPH'}",175.0,SKP,CPH,Ilinden,Copenhagen,Ilinden,Copenhagen
"{'SKP', 'EIN'}",155.0,SKP,EIN,Ilinden,Eindhoven,Ilinden,Eindhoven
"{'SKP', 'FCO'}",105.0,SKP,FCO,Ilinden,Rome,Ilinden,Rome
"{'SKP', 'FKB'}",135.0,SKP,FKB,Ilinden,Rheinmünster,Ilinden,Rheinmunster
"{'SKP', 'FRA'}",145.0,SKP,FRA,Ilinden,Frankfurt am Main,Ilinden,Frankfurt am Main
"{'SKP', 'MLA'}",102.5,SKP,MLA,Ilinden,Valletta,Ilinden,Valletta
"{'SKP', 'NYO'}",185.0,SKP,NYO,Ilinden,Nyköping,Ilinden,Nykoping
"{'SKP', 'ZAG'}",85.0,SKP,ZAG,Ilinden,Zagreb,Ilinden,Zagreb
"{'SKP', 'ZRH'}",130.0,SKP,ZRH,Ilinden,Zurich,Ilinden,Zurich
"{'SOF', 'ALC'}",202.5,SOF,ALC,Sofia,Alicante,Sofia,Alicante
"{'SOF', 'ATH'}",80.0,SOF,ATH,Sofia,Spata-Artemida,Sofia,Spata
"{'SOF', 'BCN'}",175.0,SOF,BCN,Sofia,Barcelona,Sofia,Barcelona
"{'SOF', 'BGY'}",120.0,SOF,BGY,Sofia,Orio al Serio (BG),Sofia,Orio al Serio
"{'SOF', 'BRS'}",200.0,SOF,BRS,Sofia,Bristol,Sofia,Bristol
"{'SOF', 'CPH'}",185.0,SOF,CPH,Sofia,Copenhagen,Sofia,Copenhagen
"{'SOF', 'CRL'}",165.0,SOF,CRL,Sofia,Charleroi,Sofia,Charleroi
"{'SOF', 'CTA'}",110.0,SOF,CTA,Sofia,Catania,Sofia,Catania
"{'SOF', 'EIN'}",155.0,SOF,EIN,Sofia,Eindhoven,Sofia,Eindhoven
"{'SOF', 'FKB'}",135.0,SOF,FKB,Sofia,Rheinmünster,Sofia,Rheinmunster
"{'SOF', 'FMM'}",122.5,SOF,FMM,Sofia,Memmingen,Sofia,Memmingen
"{'SOF', 'LGW'}",195.0,SOF,LGW,Sofia,"Gatwick, Surrey",Sofia,Gatwick
"{'SOF', 'LTN'}",200.0,SOF,LTN,Sofia,"Luton, Bedfordshire",Sofia,Luton
"{'SOF', 'MAD'}",220.0,SOF,MAD,Sofia,Madrid,Sofia,Madrid
"{'SOF', 'MLA'}",112.5,SOF,MLA,Sofia,Valletta,Sofia,Valletta
"{'SOF', 'MUC'}",120.0,SOF,MUC,Sofia,Munich,Sofia,Munich
"{'SOF', 'NAP'}",100.0,SOF,NAP,Sofia,Napoli,Sofia,Napoli
"{'SOF', 'NCE'}",130.0,SOF,NCE,Sofia,Nice,Sofia,Nice
"{'SOF', 'STN'}",200.0,SOF,STN,Sofia,London,Sofia,London
"{'SOF', 'TSF'}",110.0,SOF,TSF,Sofia,Treviso (TV),Sofia,Treviso
"{'SOF', 'VAR'}",50.0,SOF,VAR,Sofia,Varna,Sofia,Varna
"{'SOF', 'VIE'}",95.0,SOF,VIE,Sofia,Vienna,Sofia,Vienna
"{'SOF', 'WAW'}",120.0,SOF,WAW,Sofia,Warsaw,Sofia,Warsaw
"{'JER', 'SOU'}",50.0,JER,SOU,Saint Helier,Southampton,Saint Helier,Southampton
"{'SPC', 'BCN'}",212.5,SPC,BCN,"Sta Cruz de la Palma, La Palma Island",Barcelona,Sta Cruz de la Palma,Barcelona
"{'SPC', 'MAD'}",170.0,SPC,MAD,"Sta Cruz de la Palma, La Palma Island",Madrid,Sta Cruz de la Palma,Madrid
"{'SPU', 'AMS'}",145.0,SPU,AMS,Split,Amsterdam,Split,Amsterdam
"{'STN', 'ACE'}",255.0,STN,ACE,London,San Bartolomé,London,San Bartolome
"{'STN', 'AGP'}",175.0,STN,AGP,London,Málaga,London,Malaga
"{'STN', 'ALC'}",160.0,STN,ALC,London,Alicante,London,Alicante
"{'STN', 'AMS'}",70.0,STN,AMS,London,Amsterdam,London,Amsterdam
"{'STN', 'ARN'}",147.5,STN,ARN,London,Stockholm,London,Stockholm
"{'STN', 'ATH'}",215.0,STN,ATH,London,Spata-Artemida,London,Spata
"{'STN', 'BCN'}",137.5,STN,BCN,London,Barcelona,London,Barcelona
"{'STN', 'BFS'}",80.0,STN,BFS,London,Belfast,London,Belfast
"{'STN', 'BGY'}",120.0,STN,BGY,London,Orio al Serio (BG),London,Orio al Serio
"{'STN', 'BLL'}",95.0,STN,BLL,London,Billund,London,Billund
"{'STN', 'BLQ'}",125.0,STN,BLQ,London,Bologna,London,Bologna
"{'STN', 'BOD'}",102.5,STN,BOD,London,Bordeaux/Mérignac,London,Bordeaux
"{'STN', 'BTS'}",135.0,STN,BTS,London,Bratislava,London,Bratislava
"{'STN', 'BUD'}",150.0,STN,BUD,London,Budapest,London,Budapest
"{'STN', 'BZG'}",130.0,STN,BZG,London,Bydgoszcz,London,Bydgoszcz
"{'STN', 'CGN'}",77.5,STN,CGN,London,Köln (Cologne),London,Cologne
"{'STN', 'CIA'}",152.5,STN,CIA,London,Rome,London,Rome
"{'STN', 'CMF'}",110.0,STN,CMF,London,Viviers-du-Lac,London,Viviers
"{'STN', 'CTA'}",202.5,STN,CTA,London,Catania,London,Catania
"{'STN', 'EDI'}",80.0,STN,EDI,London,Edinburgh,London,Edinburgh
"{'STN', 'EIN'}",65.0,STN,EIN,London,Eindhoven,London,Eindhoven
"{'STN', 'FAO'}",170.0,STN,FAO,London,Faro,London,Faro
"{'STN', 'FUE'}",255.0,STN,FUE,London,El Matorral,London,El Matorral
"{'STN', 'GDN'}",135.0,STN,GDN,London,Gdańsk,London,Gdansk
"{'STN', 'GNB'}",110.0,STN,GNB,London,Saint-Étienne-de-Saint-Geoirs,London,Saint
"{'STN', 'GOA'}",130.0,STN,GOA,London,Genova (GE),London,Genova
"{'STN', 'GOT'}",112.5,STN,GOT,London,Gothenburg,London,Gothenburg
"{'STN', 'GVA'}",107.5,STN,GVA,London,Geneva,London,Geneva
"{'STN', 'KRK'}",145.0,STN,KRK,London,Balice,London,Balice
"{'STN', 'KTW'}",140.0,STN,KTW,London,Ożarowice,London,Ozarowice
"{'STN', 'LCJ'}",140.0,STN,LCJ,London,Łódź,London,Lodz
"{'STN', 'LIS'}",165.0,STN,LIS,London,Lisbon,London,Lisbon
"{'STN', 'MAD'}",155.0,STN,MAD,London,Madrid,London,Madrid
"{'STN', 'MRS'}",120.0,STN,MRS,London,Marseille,London,Marseille
"{'STN', 'MXP'}",117.5,STN,MXP,London,Ferno (VA),London,Ferno
"{'STN', 'NAP'}",155.0,STN,NAP,London,Napoli,London,Napoli
"{'STN', 'NUE'}",100.0,STN,NUE,London,Nuremberg,London,Nuremberg
"{'STN', 'OPO'}",147.5,STN,OPO,London,Porto,London,Postage
"{'STN', 'OTP'}",195.0,STN,OTP,London,Otopeni,London,Otopeni
"{'STN', 'POZ'}",125.0,STN,POZ,London,Poznań,London,Poznan
"{'STN', 'PRG'}",115.0,STN,PRG,London,Prague,London,Prague
"{'STN', 'PSA'}",132.5,STN,PSA,London,Pisa,London,Pisa
"{'STN', 'RIX'}",155.0,STN,RIX,London,Riga,London,Riga
"{'STN', 'SCQ'}",130.0,STN,SCQ,London,Santiago de Compostela,London,Santiago de Compostela
"{'STN', 'SKG'}",190.0,STN,SKG,London,Thessaloniki,London,Thessaloniki
"{'STN', 'SOF'}",180.0,STN,SOF,London,Sofia,London,Sofia
"{'STN', 'SVQ'}",165.0,STN,SVQ,London,Sevilla,London,Seville
"{'STN', 'SZG'}",120.0,STN,SZG,London,Salzburg,London,Salzburg
"{'STN', 'SZY'}",142.5,STN,SZY,London,Olsztyn,London,Olsztyn
"{'STN', 'SZZ'}",115.0,STN,SZZ,London,Goleniow,London,Goleniow
"{'STN', 'TIA'}",185.0,STN,TIA,London,Rinas,London,Rinas
"{'STN', 'TRF'}",120.0,STN,TRF,London,Torp,London,Torp
"{'STN', 'TRN'}",117.5,STN,TRN,London,Caselle Torinese (TO),London,Caselle Torinese
"{'STN', 'TRS'}",130.0,STN,TRS,London,Ronchi dei Legionari (GO),London,Ronchi dei Legionari
"{'STN', 'VCE'}",120.0,STN,VCE,London,Venezia (VE),London,Venezia
"{'STN', 'VGO'}",130.0,STN,VGO,London,Vigo,London,Vigo
"{'STN', 'VIE'}",135.0,STN,VIE,London,Vienna,London,Vienna
"{'STN', 'VLC'}",155.0,STN,VLC,London,Valencia,London,Valencia
"{'STN', 'VNO'}",175.0,STN,VNO,London,Vilnius,London,Vilnius
"{'STN', 'VRN'}",122.5,STN,VRN,London,Caselle (VR),London,Caselle
"{'STN', 'WMI'}",135.0,STN,WMI,London,Warsaw,London,Warsaw
"{'STN', 'WRO'}",125.0,STN,WRO,London,Wrocław,London,Wroclaw
"{'STN', 'ZAG'}",135.0,STN,ZAG,London,Zagreb,London,Zagreb
"{'STN', 'ZAZ'}",132.5,STN,ZAZ,London,Zaragoza,London,Zaragoza
"{'OTP', 'STR'}",145.0,OTP,STR,Otopeni,Stuttgart,Otopeni,Stuttgart
"{'SKG', 'STR'}",150.0,SKG,STR,Thessaloniki,Stuttgart,Thessaloniki,Stuttgart
"{'SVG', 'ALC'}",212.5,SVG,ALC,Stavanger,Alicante,Stavanger,Alicante
"{'SVG', 'AMS'}",95.0,SVG,AMS,Stavanger,Amsterdam,Stavanger,Amsterdam
"{'SVG', 'BGO'}",40.0,SVG,BGO,Stavanger,Bergen,Stavanger,Bergen
"{'SVG', 'GDN'}",107.5,SVG,GDN,Stavanger,Gdańsk,Stavanger,Gdansk
"{'SVG', 'OSL'}",50.0,SVG,OSL,Stavanger,Oslo,Stavanger,Oslo
"{'SVJ', 'BOO'}",25.0,SVJ,BOO,Svolvær,Bodø,Svolvaer,Bodo
"{'ARH', 'SVO'}",112.5,ARH,SVO,Archangelsk,Moscow,Arkhangelsk,Moscow
"{'SVO', 'CEE'}",55.0,SVO,CEE,Moscow,Cherepovets,Moscow,Cherepovets
"{'CEK', 'SVO'}",167.5,CEK,SVO,Chelyabinsk,Moscow,Chelyabinsk,Moscow
"{'SVO', 'GRV'}",175.0,SVO,GRV,Moscow,Grozny,Moscow,Grozny
"{'IJK', 'SVO'}",135.0,IJK,SVO,Izhevsk,Moscow,Izhevsk,Moscow
"{'SVO', 'KGD'}",168.33333333333334,SVO,KGD,Moscow,Kaliningrad,Moscow,Kaliningrad
"{'KJA', 'SVO'}",317.5,KJA,SVO,Krasnoyarsk,Moscow,Krasnoyarsk,Moscow
"{'SVO', 'KUF'}",113.75,SVO,KUF,Moscow,Samara,Moscow,Samara
"{'SVO', 'LED'}",92.5,SVO,LED,Moscow,St. Petersburg,Moscow,St. Petersburg
"{'SVO', 'MMK'}",158.0,SVO,MMK,Moscow,Murmansk,Moscow,Murmansk
"{'SVO', 'MQF'}",152.5,SVO,MQF,Moscow,Magnitogorsk,Moscow,Magnitogorsk
"{'SVO', 'NBC'}",118.33333333333331,SVO,NBC,Moscow,Nizhnekamsk,Moscow,Nizhnekamsk
"{'SVO', 'STW'}",200.0,SVO,STW,Moscow,Stavropol,Moscow,Stavropol
"{'SVQ', 'ACE'}",120.0,SVQ,ACE,Sevilla,San Bartolomé,Seville,San Bartolome
"{'SVQ', 'BCN'}",100.0,SVQ,BCN,Sevilla,Barcelona,Seville,Barcelona
"{'SVQ', 'BGY'}",160.0,SVQ,BGY,Sevilla,Orio al Serio (BG),Seville,Orio al Serio
"{'SVQ', 'CDG'}",160.0,SVQ,CDG,Sevilla,Paris,Seville,Paris
"{'SVQ', 'CIA'}",160.0,SVQ,CIA,Sevilla,Rome,Seville,Rome
"{'SVQ', 'CTA'}",180.0,SVQ,CTA,Sevilla,Catania,Seville,Catania
"{'SVQ', 'FUE'}",127.5,SVQ,FUE,Sevilla,El Matorral,Seville,El Matorral
"{'SVQ', 'MAD'}",67.5,SVQ,MAD,Sevilla,Madrid,Seville,Madrid
"{'SVQ', 'MAN'}",180.0,SVQ,MAN,Sevilla,Manchester,Seville,Manchester
"{'SVQ', 'MXP'}",155.0,SVQ,MXP,Sevilla,Ferno (VA),Seville,Ferno
"{'SVQ', 'NUE'}",185.0,SVQ,NUE,Sevilla,Nuremberg,Seville,Nuremberg
"{'SVQ', 'ORY'}",150.0,SVQ,ORY,Sevilla,Paris,Seville,Paris
"{'SVQ', 'PSA'}",150.0,SVQ,PSA,Sevilla,Pisa,Seville,Pisa
"{'SVQ', 'STN'}",170.0,SVQ,STN,Sevilla,London,Seville,London
"{'SVQ', 'WAW'}",235.0,SVQ,WAW,Sevilla,Warsaw,Seville,Warsaw
"{'SZG', 'AMS'}",105.0,SZG,AMS,Salzburg,Amsterdam,Salzburg,Amsterdam
"{'SZG', 'ARN'}",127.5,SZG,ARN,Salzburg,Stockholm,Salzburg,Stockholm
"{'SZG', 'BRS'}",125.0,SZG,BRS,Salzburg,Bristol,Salzburg,Bristol
"{'SZG', 'HAM'}",77.5,SZG,HAM,Salzburg,Hamburg,Salzburg,Hamburg
"{'SZG', 'HEL'}",150.0,SZG,HEL,Salzburg,Helsinki,Salzburg,Helsinki
"{'SZG', 'LGW'}",125.0,SZG,LGW,Salzburg,"Gatwick, Surrey",Salzburg,Gatwick
"{'SZZ', 'OSL'}",90.0,SZZ,OSL,Goleniow,Oslo,Goleniow,Oslo
"{'TER', 'PDL'}",42.5,TER,PDL,Praia da Vitória,Ponta Delgada,Praia da Vitoria,Ponta Delgada
"{'TER', 'PIX'}",35.0,TER,PIX,Praia da Vitória,Pico Island,Praia da Vitoria,Pico Island
"{'TIA', 'ARN'}",195.0,TIA,ARN,Rinas,Stockholm,Rinas,Stockholm
"{'TIA', 'ATH'}",80.0,TIA,ATH,Rinas,Spata-Artemida,Rinas,Spata
"{'TIA', 'BCN'}",170.0,TIA,BCN,Rinas,Barcelona,Rinas,Barcelona
"{'TIA', 'BGY'}",115.0,TIA,BGY,Rinas,Orio al Serio (BG),Rinas,Orio al Serio
"{'TIA', 'BLQ'}",100.0,TIA,BLQ,Rinas,Bologna,Rinas,Bologna
"{'TIA', 'BRI'}",60.0,TIA,BRI,Rinas,Bari,Rinas,Bari
"{'TIA', 'BVA'}",162.5,TIA,BVA,Rinas,Tillé,Rinas,Tille
"{'TIA', 'CIA'}",87.5,TIA,CIA,Rinas,Rome,Rinas,Rome
"{'TIA', 'CRL'}",162.5,TIA,CRL,Rinas,Charleroi,Rinas,Charleroi
"{'TIA', 'EDI'}",220.0,TIA,EDI,Rinas,Edinburgh,Rinas,Edinburgh
"{'TIA', 'FCO'}",90.0,TIA,FCO,Rinas,Rome,Rinas,Rome
"{'TIA', 'GOA'}",107.5,TIA,GOA,Rinas,Genova (GE),Rinas,Genova
"{'TIA', 'HAM'}",157.5,TIA,HAM,Rinas,Hamburg,Rinas,Hamburg
"{'TIA', 'HHN'}",147.5,TIA,HHN,Rinas,Frankfurt am Main (Lautzenhausen),Rinas,Frankfurt am Main
"{'TIA', 'LTN'}",197.5,TIA,LTN,Rinas,"Luton, Bedfordshire",Rinas,Luton
"{'TIA', 'LYS'}",130.0,TIA,LYS,Rinas,Lyon,Rinas,Lyon
"{'TIA', 'MXP'}",122.5,TIA,MXP,Rinas,Ferno (VA),Rinas,Ferno
"{'TIA', 'NUE'}",120.0,TIA,NUE,Rinas,Nuremberg,Rinas,Nuremberg
"{'TIA', 'PEG'}",85.0,TIA,PEG,Rinas,Perugia,Rinas,Perugia
"{'TIA', 'PSA'}",102.5,TIA,PSA,Rinas,Pisa,Rinas,Pisa
"{'TIA', 'STN'}",185.0,TIA,STN,Rinas,London,Rinas,London
"{'TIA', 'TRS'}",102.5,TIA,TRS,Rinas,Ronchi dei Legionari (GO),Rinas,Ronchi dei Legionari
"{'TIA', 'TSF'}",105.0,TIA,TSF,Rinas,Treviso (TV),Rinas,Treviso
"{'TIA', 'VRN'}",110.0,TIA,VRN,Rinas,Caselle (VR),Rinas,Caselle
"{'TLL', 'ARN'}",60.0,TLL,ARN,Tallinn,Stockholm,Tallinn,Stockholm
"{'TLL', 'GVA'}",175.0,TLL,GVA,Tallinn,Geneva,Tallinn,Geneva
"{'TLL', 'HEL'}",35.0,TLL,HEL,Tallinn,Helsinki,Tallinn,Helsinki
"{'TLL', 'LGW'}",170.0,TLL,LGW,Tallinn,"Gatwick, Surrey",Tallinn,Gatwick
"{'TLS', 'BOD'}",50.0,TLS,BOD,Toulouse/Blagnac,Bordeaux/Mérignac,Toulouse,Bordeaux
"{'TLS', 'MAD'}",85.0,TLS,MAD,Toulouse/Blagnac,Madrid,Toulouse,Madrid
"{'TLS', 'MLA'}",140.0,TLS,MLA,Toulouse/Blagnac,Valletta,Toulouse,Valletta
"{'TLS', 'MUC'}",107.5,TLS,MUC,Toulouse/Blagnac,Munich,Toulouse,Munich
"{'TMP', 'AMS'}",150.0,TMP,AMS,Tampere / Pirkkala,Amsterdam,Tampere,Amsterdam
"{'TMP', 'TLL'}",45.0,TMP,TLL,Tampere / Pirkkala,Tallinn,Tampere,Tallinn
"{'TOS', 'BGO'}",120.0,TOS,BGO,Tromsø,Bergen,Tromso,Bergen
"{'TOS', 'GDN'}",172.5,TOS,GDN,Tromsø,Gdańsk,Tromso,Gdansk
"{'TRD', 'ALC'}",260.0,TRD,ALC,Trondheim,Alicante,Trondheim,Alicante
"{'TRD', 'AMS'}",145.0,TRD,AMS,Trondheim,Amsterdam,Trondheim,Amsterdam
"{'TRD', 'BGO'}",65.0,TRD,BGO,Trondheim,Bergen,Trondheim,Bergen
"{'TRD', 'BOO'}",75.0,TRD,BOO,Trondheim,Bodø,Trondheim,Bodo
"{'TRD', 'HEL'}",140.0,TRD,HEL,Trondheim,Helsinki,Trondheim,Helsinki
"{'TRD', 'OSL'}",57.5,TRD,OSL,Trondheim,Oslo,Trondheim,Oslo
"{'TRF', 'AMS'}",100.0,TRF,AMS,Torp,Amsterdam,Torp,Amsterdam
"{'TRF', 'BGO'}",52.5,TRF,BGO,Torp,Bergen,Torp,Bergen
"{'TRF', 'WAW'}",110.0,TRF,WAW,Torp,Warsaw,Torp,Warsaw
"{'TRF', 'WMI'}",110.0,TRF,WMI,Torp,Warsaw,Torp,Warsaw
"{'TRN', 'ARN'}",165.0,TRN,ARN,Caselle Torinese (TO),Stockholm,Caselle Torinese,Stockholm
"{'TRN', 'BCN'}",85.0,TRN,BCN,Caselle Torinese (TO),Barcelona,Caselle Torinese,Barcelona
"{'TRN', 'BDS'}",102.5,TRN,BDS,Caselle Torinese (TO),Brindisi,Caselle Torinese,Brindisi
"{'TRN', 'CAG'}",85.0,TRN,CAG,Caselle Torinese (TO),Cagliari,Caselle Torinese,Cagliari
"{'TRN', 'CTA'}",115.0,TRN,CTA,Caselle Torinese (TO),Catania,Caselle Torinese,Catania
"{'TRN', 'GOT'}",135.0,TRN,GOT,Caselle Torinese (TO),Gothenburg,Caselle Torinese,Gothenburg
"{'TRN', 'LGW'}",115.0,TRN,LGW,Caselle Torinese (TO),"Gatwick, Surrey",Caselle Torinese,Gatwick
"{'TRN', 'MAD'}",140.0,TRN,MAD,Caselle Torinese (TO),Madrid,Caselle Torinese,Madrid
"{'TRN', 'MUC'}",72.5,TRN,MUC,Caselle Torinese (TO),Munich,Caselle Torinese,Munich
"{'TRN', 'OTP'}",155.0,TRN,OTP,Caselle Torinese (TO),Otopeni,Caselle Torinese,Otopeni
"{'TRN', 'SUF'}",107.5,TRN,SUF,Caselle Torinese (TO),Lamezia Terme (CZ),Caselle Torinese,Lamezia Terme
"{'TRN', 'VNO'}",162.5,TRN,VNO,Caselle Torinese (TO),Vilnius,Caselle Torinese,Vilnius
"{'TSF', 'BVA'}",102.5,TSF,BVA,Treviso (TV),Tillé,Treviso,Tille
"{'TSF', 'CRL'}",97.5,TSF,CRL,Treviso (TV),Charleroi,Treviso,Charleroi
"{'TSF', 'MLA'}",115.0,TSF,MLA,Treviso (TV),Valletta,Treviso,Valletta
"{'TSF', 'MRS'}",82.5,TSF,MRS,Treviso (TV),Marseille,Treviso,Marseille
"{'TSF', 'OTP'}",120.0,TSF,OTP,Treviso (TV),Otopeni,Treviso,Otopeni
"{'TSF', 'SOF'}",100.0,TSF,SOF,Treviso (TV),Sofia,Treviso,Sofia
"{'TSF', 'TIA'}",90.0,TSF,TIA,Treviso (TV),Rinas,Treviso,Rinas
"{'TSF', 'VIE'}",75.0,TSF,VIE,Treviso (TV),Vienna,Treviso,Vienna
"{'TSF', 'VLC'}",130.0,TSF,VLC,Treviso (TV),Valencia,Treviso,Valencia
"{'TSR', 'BGY'}",105.0,TSR,BGY,Timişoara,Orio al Serio (BG),Timisoara,Orio al Serio
"{'TSR', 'BVA'}",145.0,TSR,BVA,Timişoara,Tillé,Timisoara,Tille
"{'TSR', 'OTP'}",60.0,TSR,OTP,Timişoara,Otopeni,Timisoara,Otopeni
"{'TUF', 'STN'}",85.0,TUF,STN,Tours/Val de Loire (Loire Valley),London,Tours,London
"{'UFA', 'AER'}",205.0,UFA,AER,Ufa,Sochi,Ufa,Sochi
"{'UFA', 'DME'}",140.0,UFA,DME,Ufa,Moscow,Ufa,Moscow
"{'UFA', 'KJA'}",205.0,UFA,KJA,Ufa,Krasnoyarsk,Ufa,Krasnoyarsk
"{'UFA', 'LED'}",167.5,UFA,LED,Ufa,St. Petersburg,Ufa,St. Petersburg
"{'UFA', 'SVO'}",141.25,UFA,SVO,Ufa,Moscow,Ufa,Moscow
"{'UFA', 'VKO'}",130.0,UFA,VKO,Ufa,Moscow,Ufa,Moscow
"{'ULV', 'LED'}",127.5,ULV,LED,Ulyanovsk,St. Petersburg,Ulyanovsk,St. Petersburg
"{'ULV', 'SVO'}",105.0,ULV,SVO,Ulyanovsk,Moscow,Ulyanovsk,Moscow
"{'ULV', 'VKO'}",95.0,ULV,VKO,Ulyanovsk,Moscow,Ulyanovsk,Moscow
"{'UME', 'ARN'}",65.0,UME,ARN,Umeå,Stockholm,Umea,Stockholm
"{'UUA', 'VKO'}",110.0,UUA,VKO,Bugulma,Moscow,Bugulma,Moscow
"{'VAA', 'HEL'}",60.0,VAA,HEL,Vaasa,Helsinki,Vaasa,Helsinki
"{'CGN', 'VAR'}",165.0,CGN,VAR,Köln (Cologne),Varna,Cologne,Varna
"{'VAR', 'HAM'}",160.0,VAR,HAM,Varna,Hamburg,Varna,Hamburg
"{'VCE', 'AMS'}",112.5,VCE,AMS,Venezia (VE),Amsterdam,Venezia,Amsterdam
"{'VCE', 'BCN'}",117.5,VCE,BCN,Venezia (VE),Barcelona,Venezia,Barcelona
"{'VCE', 'BRI'}",80.0,VCE,BRI,Venezia (VE),Bari,Venezia,Bari
"{'VCE', 'CDG'}",110.0,VCE,CDG,Venezia (VE),Paris,Venezia,Paris
"{'VCE', 'CTA'}",108.33333333333331,VCE,CTA,Venezia (VE),Catania,Venezia,Catania
"{'VCE', 'EDI'}",165.0,VCE,EDI,Venezia (VE),Edinburgh,Venezia,Edinburgh
"{'VCE', 'FCO'}",75.0,VCE,FCO,Venezia (VE),Rome,Venezia,Rome
"{'VCE', 'FRA'}",90.0,VCE,FRA,Venezia (VE),Frankfurt am Main,Venezia,Frankfurt am Main
"{'VCE', 'LHR'}",140.0,VCE,LHR,Venezia (VE),London,Venezia,London
"{'VCE', 'LIS'}",190.0,VCE,LIS,Venezia (VE),Lisbon,Venezia,Lisbon
"{'VCE', 'MAD'}",165.0,VCE,MAD,Venezia (VE),Madrid,Venezia,Madrid
"{'VCE', 'MAN'}",145.0,VCE,MAN,Venezia (VE),Manchester,Venezia,Manchester
"{'VCE', 'MUC'}",65.0,VCE,MUC,Venezia (VE),Munich,Venezia,Munich
"{'VCE', 'NAP'}",75.0,VCE,NAP,Venezia (VE),Napoli,Venezia,Napoli
"{'VCE', 'ORY'}",110.0,VCE,ORY,Venezia (VE),Paris,Venezia,Paris
"{'VCE', 'PMO'}",95.0,VCE,PMO,Venezia (VE),Palermo,Venezia,Palermo
"{'VCE', 'SKP'}",100.0,VCE,SKP,Venezia (VE),Ilinden,Venezia,Ilinden
"{'VCE', 'STN'}",135.0,VCE,STN,Venezia (VE),London,Venezia,London
"{'VCE', 'SUF'}",100.0,VCE,SUF,Venezia (VE),Lamezia Terme (CZ),Venezia,Lamezia Terme
"{'VGO', 'BCN'}",105.0,VGO,BCN,Vigo,Barcelona,Vigo,Barcelona
"{'VGO', 'MAD'}",75.0,VGO,MAD,Vigo,Madrid,Vigo,Madrid
"{'VIE', 'AGP'}",200.0,VIE,AGP,Vienna,Málaga,Vienna,Malaga
"{'VIE', 'ATH'}",125.0,VIE,ATH,Vienna,Spata-Artemida,Vienna,Spata
"{'VIE', 'BCN'}",142.5,VIE,BCN,Vienna,Barcelona,Vienna,Barcelona
"{'VIE', 'BGY'}",85.0,VIE,BGY,Vienna,Orio al Serio (BG),Vienna,Orio al Serio
"{'VIE', 'BRU'}",105.0,VIE,BRU,Vienna,Zaventem,Vienna,Zaventem
"{'VIE', 'CDG'}",122.5,VIE,CDG,Vienna,Paris,Vienna,Paris
"{'VIE', 'CLJ'}",80.0,VIE,CLJ,Vienna,Cluj-Napoca,Vienna,Cluj
"{'VIE', 'FUE'}",285.0,VIE,FUE,Vienna,El Matorral,Vienna,El Matorral
"{'VIE', 'GVA'}",95.0,VIE,GVA,Vienna,Geneva,Vienna,Geneva
"{'VIE', 'HAM'}",95.0,VIE,HAM,Vienna,Hamburg,Vienna,Hamburg
"{'VIE', 'HEL'}",147.5,VIE,HEL,Vienna,Helsinki,Vienna,Helsinki
"{'VIE', 'KLU'}",45.0,VIE,KLU,Vienna,Klagenfurt am Wörthersee,Vienna,Klagenfurt on Lake Worthersee
"{'VIE', 'LGW'}",142.5,VIE,LGW,Vienna,"Gatwick, Surrey",Vienna,Gatwick
"{'VIE', 'LUX'}",110.0,VIE,LUX,Vienna,Luxembourg,Vienna,Luxembourg
"{'VIE', 'MAD'}",190.0,VIE,MAD,Vienna,Madrid,Vienna,Madrid
"{'VIE', 'MLA'}",140.0,VIE,MLA,Vienna,Valletta,Vienna,Valletta
"{'VIE', 'MUC'}",62.5,VIE,MUC,Vienna,Munich,Vienna,Munich
"{'VIE', 'MXP'}",85.0,VIE,MXP,Vienna,Ferno (VA),Vienna,Ferno
"{'VIE', 'OTP'}",100.0,VIE,OTP,Vienna,Otopeni,Vienna,Otopeni
"{'VIE', 'SDR'}",160.0,VIE,SDR,Vienna,Santander,Vienna,Santander
"{'VIE', 'STR'}",75.0,VIE,STR,Vienna,Stuttgart,Vienna,Stuttgart
"{'VIE', 'TLL'}",145.0,VIE,TLL,Vienna,Tallinn,Vienna,Tallinn
"{'VIE', 'TOS'}",220.0,VIE,TOS,Vienna,Tromsø,Vienna,Tromso
"{'VIE', 'ZRH'}",81.66666666666667,VIE,ZRH,Vienna,Zurich,Vienna,Zurich
"{'VKO', 'GRV'}",195.0,VKO,GRV,Moscow,Grozny,Moscow,Grozny
"{'KGD', 'VKO'}",115.0,KGD,VKO,Kaliningrad,Moscow,Kaliningrad,Moscow
"{'VKO', 'KUF'}",112.5,VKO,KUF,Moscow,Samara,Moscow,Samara
"{'VKO', 'LED'}",90.0,VKO,LED,Moscow,St. Petersburg,Moscow,St. Petersburg
"{'VKO', 'MMK'}",155.0,VKO,MMK,Moscow,Murmansk,Moscow,Murmansk
"{'NBC', 'VKO'}",110.0,NBC,VKO,Nizhnekamsk,Moscow,Nizhnekamsk,Moscow
"{'VLC', 'BLQ'}",120.0,VLC,BLQ,Valencia,Bologna,Valencia,Bologna
"{'VLC', 'BRU'}",142.5,VLC,BRU,Valencia,Zaventem,Valencia,Zaventem
"{'VLC', 'MAD'}",62.5,VLC,MAD,Valencia,Madrid,Valencia,Madrid
"{'VLC', 'OPO'}",95.0,VLC,OPO,Valencia,Porto,Valencia,Postage
"{'VNO', 'AGP'}",265.0,VNO,AGP,Vilnius,Málaga,Vilnius,Malaga
"{'VNO', 'BVA'}",160.0,VNO,BVA,Vilnius,Tillé,Vilnius,Tille
"{'VNO', 'HEL'}",105.0,VNO,HEL,Vilnius,Helsinki,Vilnius,Helsinki
"{'VNO', 'MUC'}",125.0,VNO,MUC,Vilnius,Munich,Vilnius,Munich
"{'VOG', 'LED'}",155.0,VOG,LED,Volgograd,St. Petersburg,Volgograd,St. Petersburg
"{'VOG', 'SVO'}",125.0,VOG,SVO,Volgograd,Moscow,Volgograd,Moscow
"{'VOG', 'VKO'}",107.5,VOG,VKO,Volgograd,Moscow,Volgograd,Moscow
"{'VOZ', 'LED'}",115.0,VOZ,LED,Voronezh,St. Petersburg,Voronezh,St. Petersburg
"{'VRN', 'GDN'}",125.0,VRN,GDN,Caselle (VR),Gdańsk,Caselle,Gdansk
"{'VRN', 'POZ'}",107.5,VRN,POZ,Caselle (VR),Poznań,Caselle,Poznan
"{'VRN', 'SUF'}",95.0,VRN,SUF,Caselle (VR),Lamezia Terme (CZ),Caselle,Lamezia Terme
"{'VSE', 'CAT'}",50.0,VSE,CAT,Viseu,Cascais,Viseu,Cascais
"{'VSE', 'VRL'}",10.0,VSE,VRL,Viseu,Vila Real,Viseu,Vila Real
"{'WAW', 'AMS'}",130.0,WAW,AMS,Warsaw,Amsterdam,Warsaw,Amsterdam
"{'WAW', 'ATH'}",150.0,WAW,ATH,Warsaw,Spata-Artemida,Warsaw,Spata
"{'WAW', 'BCN'}",190.0,WAW,BCN,Warsaw,Barcelona,Warsaw,Barcelona
"{'WAW', 'BGY'}",127.5,WAW,BGY,Warsaw,Orio al Serio (BG),Warsaw,Orio al Serio
"{'WAW', 'BRU'}",127.5,WAW,BRU,Warsaw,Zaventem,Warsaw,Zaventem
"{'WAW', 'BUD'}",80.0,WAW,BUD,Warsaw,Budapest,Warsaw,Budapest
"{'WAW', 'CDG'}",150.0,WAW,CDG,Warsaw,Paris,Warsaw,Paris
"{'WAW', 'CLJ'}",90.0,WAW,CLJ,Warsaw,Cluj-Napoca,Warsaw,Cluj
"{'WAW', 'FUE'}",330.0,WAW,FUE,Warsaw,El Matorral,Warsaw,El Matorral
"{'WAW', 'GDN'}",57.5,WAW,GDN,Warsaw,Gdańsk,Warsaw,Gdansk
"{'WAW', 'GNB'}",140.0,WAW,GNB,Warsaw,Saint-Étienne-de-Saint-Geoirs,Warsaw,Saint
"{'WAW', 'GVA'}",140.0,WAW,GVA,Warsaw,Geneva,Warsaw,Geneva
"{'WAW', 'HEL'}",105.0,WAW,HEL,Warsaw,Helsinki,Warsaw,Helsinki
"{'WAW', 'KRK'}",57.5,WAW,KRK,Warsaw,Balice,Warsaw,Balice
"{'WAW', 'KTW'}",50.0,WAW,KTW,Warsaw,Ożarowice,Warsaw,Ozarowice
"{'WAW', 'LHR'}",170.0,WAW,LHR,Warsaw,London,Warsaw,London
"{'WAW', 'LJU'}",95.0,WAW,LJU,Warsaw,Zgornji Brnik,Warsaw,Zgornji Brnik
"{'WAW', 'LTN'}",155.0,WAW,LTN,Warsaw,"Luton, Bedfordshire",Warsaw,Luton
"{'WAW', 'MUC'}",105.0,WAW,MUC,Warsaw,Munich,Warsaw,Munich
"{'WAW', 'OTP'}",110.0,WAW,OTP,Warsaw,Otopeni,Warsaw,Otopeni
"{'WAW', 'PRG'}",80.0,WAW,PRG,Warsaw,Prague,Warsaw,Prague
"{'WAW', 'TLL'}",97.5,WAW,TLL,Warsaw,Tallinn,Warsaw,Tallinn
"{'WAW', 'VNO'}",67.5,WAW,VNO,Warsaw,Vilnius,Warsaw,Vilnius
"{'WAW', 'VRN'}",120.0,WAW,VRN,Warsaw,Caselle (VR),Warsaw,Caselle
"{'WAW', 'WRO'}",56.66666666666666,WAW,WRO,Warsaw,Wrocław,Warsaw,Wroclaw
"{'WAW', 'ZRH'}",125.0,WAW,ZRH,Warsaw,Zurich,Warsaw,Zurich
"{'WMI', 'AGP'}",237.5,WMI,AGP,Warsaw,Málaga,Warsaw,Malaga
"{'WMI', 'BCN'}",184.5,WMI,BCN,Warsaw,Barcelona,Warsaw,Barcelona
"{'WMI', 'CIA'}",137.5,WMI,CIA,Warsaw,Rome,Warsaw,Rome
"{'WMI', 'CRL'}",125.0,WMI,CRL,Warsaw,Charleroi,Warsaw,Charleroi
"{'WRO', 'AGP'}",220.0,WRO,AGP,Wrocław,Málaga,Wroclaw,Malaga
"{'WRO', 'BHX'}",125.0,WRO,BHX,Wrocław,Birmingham,Wroclaw,Birmingham
"{'BVA', 'WRO'}",115.0,BVA,WRO,Tillé,Wrocław,Tille,Wroclaw
"{'WRO', 'VLC'}",187.5,WRO,VLC,Wrocław,Valencia,Wroclaw,Valencia
"{'XRY', 'BCN'}",105.0,XRY,BCN,Jerez de la Frontera,Barcelona,Jerez de la Frontera,Barcelona
"{'XRY', 'MAD'}",77.5,XRY,MAD,Jerez de la Frontera,Madrid,Jerez de la Frontera,Madrid
"{'ZAG', 'AMS'}",130.0,ZAG,AMS,Zagreb,Amsterdam,Zagreb,Amsterdam
"{'ZAG', 'CRL'}",115.0,ZAG,CRL,Zagreb,Charleroi,Zagreb,Charleroi
"{'ZAG', 'HHN'}",95.0,ZAG,HHN,Zagreb,Frankfurt am Main (Lautzenhausen),Zagreb,Frankfurt am Main
"{'ZAG', 'LHR'}",155.0,ZAG,LHR,Zagreb,London,Zagreb,London
"{'ZAG', 'MUC'}",70.0,ZAG,MUC,Zagreb,Munich,Zagreb,Munich
"{'ZAG', 'SJJ'}",50.0,ZAG,SJJ,Zagreb,Sarajevo,Zagreb,Sarajevo
"{'ZAG', 'SPU'}",50.0,ZAG,SPU,Zagreb,Split,Zagreb,Split
"{'ZAG', 'VIE'}",50.0,ZAG,VIE,Zagreb,Vienna,Zagreb,Vienna
"{'ZAG', 'ZRH'}",90.0,ZAG,ZRH,Zagreb,Zurich,Zagreb,Zurich
"{'ZAZ', 'BVA'}",105.0,ZAZ,BVA,Zaragoza,Tillé,Zaragoza,Tille
"{'ZRH', 'AGP'}",155.0,ZRH,AGP,Zurich,Málaga,Zurich,Malaga
"{'ZRH', 'ARN'}",145.0,ZRH,ARN,Zurich,Stockholm,Zurich,Stockholm
"{'ZRH', 'BCN'}",105.0,ZRH,BCN,Zurich,Barcelona,Zurich,Barcelona
"{'ZRH', 'BLQ'}",70.0,ZRH,BLQ,Zurich,Bologna,Zurich,Bologna
"{'ZRH', 'BRU'}",72.5,ZRH,BRU,Zurich,Zaventem,Zurich,Zaventem
"{'ZRH', 'CDG'}",75.0,ZRH,CDG,Zurich,Paris,Zurich,Paris
"{'ZRH', 'EDI'}",135.0,ZRH,EDI,Zurich,Edinburgh,Zurich,Edinburgh
"{'ZRH', 'GOT'}",120.0,ZRH,GOT,Zurich,Gothenburg,Zurich,Gothenburg
"{'ZRH', 'GVA'}",55.0,ZRH,GVA,Zurich,Geneva,Zurich,Geneva
"{'ZRH', 'HAM'}",82.5,ZRH,HAM,Zurich,Hamburg,Zurich,Hamburg
"{'ZRH', 'HEL'}",170.0,ZRH,HEL,Zurich,Helsinki,Zurich,Helsinki
"{'ZRH', 'MAD'}",145.0,ZRH,MAD,Zurich,Madrid,Zurich,Madrid
"{'ZRH', 'MUC'}",55.0,ZRH,MUC,Zurich,Munich,Zurich,Munich
"{'ZRH', 'OPO'}",160.0,ZRH,OPO,Zurich,Porto,Zurich,Postage
"{'ZRH', 'OTP'}",150.0,ZRH,OTP,Zurich,Otopeni,Zurich,Otopeni
"{'ZRH', 'PRN'}",127.5,ZRH,PRN,Zurich,Prishtina,Zurich,Prishtina
"{'ZRH', 'RVN'}",205.0,ZRH,RVN,Zurich,Rovaniemi,Zurich,Rovaniemi
"{'ZRH', 'STR'}",45.0,ZRH,STR,Zurich,Stuttgart,Zurich,Stuttgart
"{'ZTH', 'ATH'}",62.5,ZTH,ATH,Zakynthos,Spata-Artemida,Zakynthos,Spata
