,dep,arr,time
0,PRN,STR,125
1,PRN,DUS,160
2,PRN,DUS,165
3,PRN,MUC,120
4,PRN,HAM,165
5,PRN,GVA,140
6,PRN,HAM,160
7,PRN,BSL,130
8,PRN,ZRH,130
9,PRN,MXP,130
10,PRN,LTN,200
11,BRU,LIN,85
12,BRU,MAD,150
13,BRU,MUC,75
14,BRU,LHR,75
15,BRU,LIS,170
16,BRU,FRA,60
17,BRU,CDG,70
18,BRU,BCN,120
19,BRU,FCO,125
20,BRU,ATH,180
21,BRU,MAD,145
22,BRU,HEL,150
23,BRU,WAW,125
24,BRU,ZRH,70
25,BRU,MLA,175
26,BRU,VLC,140
27,BRU,LHR,65
28,CRL,SOF,155
29,CRL,CTA,160
30,CRL,BRI,140
31,CRL,CIA,120
32,CRL,NAP,130
33,CRL,CRA,150
34,CRL,TSF,95
35,CRL,EDI,105
36,CRL,BUD,120
37,CRL,BCN,115
38,CRL,KRK,120
39,CRL,TIA,150
40,CRL,ZAG,110
41,CRL,BGY,90
42,CRL,WMI,120
43,CRL,MLA,165
44,CRL,PSA,100
45,CRL,SOF,160
46,CRL,MRS,105
47,DRS,MUC,55
48,DRS,FRA,65
49,FRA,LIN,75
50,FRA,KRK,95
51,FRA,ARN,130
52,FRA,HAM,65
53,FRA,BUD,95
54,FRA,VIE,85
55,FRA,BRU,60
56,FRA,AMS,75
57,FRA,BRS,100
58,FRA,LGW,90
59,FRA,FLR,85
60,FRA,MAN,105
61,FRA,CDG,75
62,FRA,LEJ,60
63,FRA,GVA,60
64,FRA,DUS,50
65,FRA,GOT,105
66,FRA,LHR,105
67,FMO,MUC,65
68,HAM,PRN,160
69,HAM,CPH,60
70,HAM,MAD,175
71,HAM,FRA,70
72,HAM,VAR,160
73,HAM,PRN,150
74,HAM,MUC,75
75,HAM,SZG,75
76,HAM,ALC,175
77,HAM,AMS,70
78,HAM,ZRH,80
79,HAM,HEL,110
80,HAM,VIE,95
81,HAM,AGP,205
82,HAM,TIA,150
83,CGN,MUC,65
84,CGN,FUE,270
85,CGN,STN,80
86,CGN,LIS,185
87,CGN,SJJ,110
88,CGN,MAN,100
89,CGN,VAR,165
90,CGN,CPH,85
91,CGN,MLA,165
92,CGN,FCO,120
93,CGN,SKP,150
94,DUS,CPH,75
95,DUS,TIA,145
96,DUS,LHR,85
97,DUS,MUC,70
98,DUS,LIS,185
99,DUS,CDG,75
100,DUS,KIV,160
101,DUS,AMS,55
102,DUS,HEL,140
103,DUS,FRA,50
104,DUS,MAD,160
105,DUS,ZRH,65
106,MUC,ZRH,55
107,MUC,SBZ,100
108,MUC,VIE,65
109,MUC,BCN,125
110,MUC,TRN,75
111,MUC,ARN,135
112,MUC,BLQ,65
113,MUC,BIO,135
114,MUC,MAN,130
115,MUC,CDG,100
116,MUC,CPH,100
117,MUC,BRU,80
118,MUC,CGN,65
119,MUC,LIN,70
120,MUC,TLS,110
121,MUC,BHX,120
122,MUC,FRA,65
123,MUC,HAM,80
124,MUC,LIS,190
125,MUC,AMS,100
126,MUC,DUS,70
127,NUE,SVQ,180
128,NUE,TIA,120
129,NUE,PMO,125
130,NUE,FRA,45
131,NUE,STN,105
132,LEJ,FRA,60
133,STR,FRA,50
134,STR,SKG,135
135,STR,ZRH,45
136,STR,MUC,50
137,HAJ,MUC,70
138,HAJ,FRA,55
139,BRE,FRA,60
140,BRE,MUC,75
141,HHN,AGP,175
142,HHN,ZAG,95
143,HHN,FRA,45
144,HHN,INI,130
145,HHN,TIA,140
146,FMM,TZL,95
147,FMM,OTP,135
148,FMM,SOF,120
149,FMM,PMO,115
150,FMM,OPO,170
151,FMM,CLJ,115
152,NRN,AGP,180
153,NRN,CDT,145
154,NRN,OVD,135
155,NRN,FAO,185
156,NRN,SKG,160
157,DTM,FCO,125
158,DTM,BEG,125
159,DTM,SZY,105
160,DTM,KTW,95
161,DTM,BUD,105
162,DTM,GDN,95
163,DTM,CLJ,130
164,DTM,VNO,125
165,FKB,SOF,135
166,FKB,SKP,135
167,FKB,ALC,140
168,FKB,OPO,160
169,TLL,HEL,35
170,TLL,WAW,95
171,TLL,FRA,155
172,TLL,VIE,145
173,TLL,RIX,50
174,HEL,TLL,35
175,HEL,ZRH,170
176,HEL,MAN,180
177,HEL,KTT,95
178,HEL,BRU,165
179,HEL,AMS,160
180,HEL,MAD,265
181,HEL,ARN,80
182,HEL,VNO,105
183,HEL,BCN,240
184,HEL,FRA,160
185,HEL,GOT,130
186,HEL,HAM,125
187,HEL,BUD,145
188,HEL,VIE,150
189,HEL,ARN,75
190,HEL,BCN,250
191,HEL,PRG,135
192,HEL,CDG,200
193,HEL,CPH,105
194,HEL,WAW,105
195,IVL,ORY,265
196,IVL,FRA,220
197,IVL,DUS,210
198,IVL,HEL,90
199,KAO,FRA,190
200,KAO,HEL,105
201,KAO,HEL,100
202,KTT,RIX,115
203,KTT,ZRH,220
204,KTT,DUS,190
205,KTT,HEL,80
206,KTT,HEL,85
207,KUO,HEL,60
208,OUL,HEL,60
209,OUL,HEL,65
210,RVN,ZRH,205
211,RVN,HEL,75
212,RVN,LPL,245
213,RVN,HEL,80
214,RVN,AMS,185
215,TMP,AMS,150
216,TMP,TLL,45
217,VAA,HEL,60
218,BFS,ACE,265
219,BFS,MAN,55
220,BFS,GVA,130
221,BFS,ALC,175
222,BFS,FAO,180
223,BFS,FAO,185
224,BFS,STN,75
225,BFS,EDI,55
226,BFS,MAN,65
227,BHD,LHR,80
228,BHD,LPL,50
229,BHD,BHX,75
230,BHD,AMS,95
231,BHD,MAN,65
232,BHX,BUD,155
233,BHX,GCI,85
234,BHX,EDI,65
235,BHX,VLC,150
236,BHX,OPO,140
237,BHX,GVA,115
238,BHX,BFS,65
239,BHX,WRO,125
240,BHX,GVA,100
241,BHX,AGP,170
242,BHX,BCN,130
243,BHX,KRK,145
244,BHX,ALC,155
245,BHX,AMS,80
246,BHX,MUC,110
247,BHX,BHD,75
248,BHX,CDG,85
249,BHX,POZ,125
250,BHX,GRO,130
251,MAN,FNC,240
252,MAN,LIS,165
253,MAN,ALC,160
254,MAN,BHD,70
255,MAN,CIA,160
256,MAN,MLA,210
257,MAN,CGN,95
258,MAN,LHR,65
259,MAN,KRK,150
260,MAN,SZG,130
261,MAN,MLA,205
262,MAN,ALC,165
263,MAN,RMU,165
264,MAN,POZ,130
265,MAN,RZE,160
266,MAN,AGP,175
267,MAN,GVA,110
268,MAN,VCE,145
269,MAN,LIS,170
270,MAN,AGP,180
271,MAN,LHR,60
272,MAN,SDR,125
273,MAN,ACE,255
274,MAN,MUC,120
275,MAN,BCN,135
276,MAN,HEL,165
277,MAN,FRA,100
278,MAN,WRO,130
279,MAN,CDG,90
280,MAN,MAD,155
281,MAN,BFS,60
282,MAN,CPH,115
283,MAN,SVQ,170
284,MAN,IOM,50
285,MAN,BFS,65
286,MAN,AMS,80
287,MAN,BUD,155
288,CWL,ALC,140
289,CWL,AMS,80
290,BRS,RIX,170
291,BRS,GNB,100
292,BRS,GVA,100
293,BRS,INN,125
294,BRS,FNC,215
295,BRS,SOF,190
296,BRS,SZG,120
297,BRS,BUD,155
298,BRS,ALC,145
299,BRS,GLA,75
300,BRS,FRA,95
301,BRS,BGY,120
302,BRS,EDI,75
303,BRS,AMS,85
304,BRS,POZ,130
305,BRS,BCN,125
306,BRS,OPO,120
307,LPL,ACE,250
308,LPL,GVA,110
309,LPL,FAO,175
310,LPL,ALC,160
311,LPL,OTP,205
312,LPL,GDN,135
313,LTN,GNB,105
314,LTN,KRK,140
315,LTN,GVA,105
316,LTN,ACE,265
317,LTN,BUD,150
318,LTN,AMS,70
319,LTN,TIA,185
320,LTN,TOS,215
321,LTN,BCN,125
322,LTN,LUZ,150
323,LTN,BFS,75
324,LTN,AGP,170
325,LTN,VNO,160
326,LTN,FAO,170
327,LTN,PRN,205
328,LTN,SCV,190
329,LTN,EDI,75
330,LTN,SOF,190
331,LTN,GLA,75
332,LTN,OTP,200
333,LTN,WAW,145
334,LTN,CLJ,175
335,LTN,SBZ,175
336,LTN,DEB,160
337,LTN,WRO,120
338,LTN,IAS,195
339,LTN,GDN,135
340,LTN,KTW,140
341,LTN,SOF,185
342,BOH,AGP,155
343,BOH,GVA,100
344,SOU,ORY,90
345,SOU,GVA,100
346,SOU,ACI,40
347,SOU,AMS,75
348,SOU,JER,50
349,SOU,GCI,45
350,ACI,SOU,40
351,ACI,GCI,20
352,GCI,LGW,60
353,GCI,JER,20
354,GCI,SOU,45
355,GCI,ACI,20
356,JER,LGW,55
357,JER,GCI,20
358,JER,SOU,50
359,LGW,INN,125
360,LGW,NQY,80
361,LGW,ACE,255
362,LGW,SOF,185
363,LGW,FLR,130
364,LGW,GVA,100
365,LGW,BIO,110
366,LGW,GVA,95
367,LGW,ATH,230
368,LGW,MLA,195
369,LGW,FCO,145
370,LGW,ALC,155
371,LGW,SZG,120
372,LGW,ORY,80
373,LGW,ALC,150
374,LGW,GCI,75
375,LGW,TRN,115
376,LGW,LIS,155
377,LGW,AMS,80
378,LGW,MUC,110
379,LGW,BCN,125
380,LGW,MXP,110
381,LGW,MAD,150
382,LGW,JER,60
383,LGW,TLL,170
384,LGW,GCI,80
385,LGW,FRA,90
386,LGW,EDI,85
387,LGW,INV,100
388,LGW,BHD,85
389,LGW,ABZ,95
390,LGW,MAD,140
391,LGW,AGP,165
392,LGW,BIO,105
393,LGW,KRK,150
394,LGW,MXP,120
395,LGW,VIE,135
396,LGW,FCO,155
397,LGW,OTP,190
398,LHR,BRU,75
399,LHR,VIE,140
400,LHR,AMS,85
401,LHR,EDI,85
402,LHR,OTP,200
403,LHR,MAD,150
404,LHR,GVA,100
405,LHR,FCO,160
406,LHR,NCL,80
407,LHR,GLA,90
408,LHR,GOT,125
409,LHR,LIS,165
410,SEN,GVA,95
411,LBA,ALC,165
412,LBA,FAO,180
413,LBA,KRK,150
414,LBA,AMS,80
415,LBA,POZ,125
416,IOM,LHR,95
417,IOM,MAN,50
418,NCL,ALC,175
419,NCL,AGP,190
420,NCL,LHR,75
421,EMA,BFS,65
422,EMA,GVA,110
423,EMA,FUE,255
424,EMA,RZE,155
425,ABZ,LHR,95
426,ABZ,AMS,95
427,INV,LGW,95
428,GLA,LHR,85
429,GLA,FAO,195
430,GLA,GVA,135
431,GLA,AMS,95
432,GLA,BRS,75
433,GLA,CDG,110
434,GLA,LTN,75
435,EDI,MLA,225
436,EDI,MAD,175
437,EDI,INN,160
438,EDI,CRL,105
439,EDI,TIA,215
440,EDI,GVA,135
441,EDI,GOT,110
442,EDI,AGP,200
443,EDI,KRK,160
444,EDI,LHR,85
445,EDI,BFS,50
446,EDI,VCE,155
447,EDI,STN,85
448,EDI,LGW,85
449,EDI,LTN,75
450,EDI,BCN,160
451,EDI,BRS,75
452,SYY,GLA,60
453,NWI,AMS,55
454,STN,BOD,100
455,STN,CIA,145
456,STN,AMS,70
457,STN,OTP,185
458,STN,GVA,105
459,STN,WMI,135
460,STN,LIS,165
461,STN,MAD,155
462,STN,GNB,110
463,STN,BUD,145
464,STN,BZG,125
465,STN,SOF,180
466,STN,EDI,75
467,STN,TIA,185
468,STN,SCQ,130
469,STN,CTA,185
470,STN,BCN,130
471,STN,ZAG,135
472,STN,FAO,170
473,STN,BLQ,125
474,STN,MXP,110
475,STN,KTW,130
476,STN,RIX,155
477,STN,GVA,110
478,STN,NAP,155
479,STN,EIN,65
480,STN,VRN,115
481,STN,SZY,135
482,STN,ARN,145
483,STN,ALC,155
484,STN,TRS,125
485,STN,ZAZ,135
486,STN,KRK,140
487,STN,SKG,190
488,STN,TRN,115
489,STN,BTS,130
490,STN,ATH,215
491,STN,GDN,125
492,STN,PSA,125
493,STN,POZ,120
494,STN,MRS,120
495,STN,VIE,130
496,STN,VCE,120
497,STN,GOT,110
498,STN,SVQ,165
499,STN,PRG,110
500,STN,NUE,95
501,STN,BLL,90
502,STN,AGP,175
503,STN,WRO,120
504,STN,BFS,85
505,STN,CGN,75
506,STN,OPO,145
507,STN,BGY,115
508,STN,EDI,80
509,AMS,VCE,105
510,AMS,GVA,90
511,AMS,BGO,105
512,AMS,CDG,80
513,AMS,NTE,90
514,AMS,TRF,95
515,AMS,GLA,90
516,AMS,MAN,75
517,AMS,BCN,135
518,AMS,GDN,105
519,AMS,ABZ,85
520,AMS,PRG,80
521,AMS,KRS,85
522,AMS,BSL,75
523,AMS,BHD,90
524,MST,ALC,155
525,MST,BCN,120
526,EIN,DEB,130
527,EIN,SKP,155
528,EIN,AGP,175
529,EIN,FCO,130
530,EIN,LIS,175
531,EIN,STN,65
532,EIN,CLJ,140
533,EIN,ATH,175
534,EIN,BDS,145
535,EIN,BUD,120
536,EIN,BGY,95
537,EIN,SOF,155
538,EIN,SZG,85
539,EIN,KRK,115
540,EIN,ALC,150
541,EIN,VNO,130
542,RTM,AGP,170
543,RTM,ALC,145
544,RTM,SZG,85
545,AAR,CPH,40
546,BLL,BZO,135
547,BLL,AMS,75
548,BLL,STN,100
549,BLL,LHR,110
550,BLL,OTP,160
551,CPH,BUD,115
552,CPH,KUN,90
553,CPH,GDN,65
554,CPH,AAL,45
555,CPH,BZO,130
556,CPH,STN,115
557,CPH,MAN,120
558,CPH,GVA,135
559,CPH,AMS,90
560,CPH,GOT,55
561,CPH,ARN,75
562,CPH,AMS,85
563,CPH,VIE,105
564,CPH,SZG,95
565,CPH,CDG,120
566,CPH,ARN,70
567,CPH,LHR,125
568,CPH,MUC,100
569,CPH,FAE,135
570,CPH,FAO,235
571,CPH,GVA,115
572,CPH,OSL,75
573,CPH,FRA,90
574,CPH,HEL,95
575,CPH,GVA,120
576,CPH,ALC,200
577,CPH,AGP,220
578,CPH,VIE,100
579,CPH,MAD,190
580,CPH,ZRH,105
581,CPH,RIX,85
582,AAL,CPH,55
583,AAL,CPH,45
584,AAL,AMS,85
585,LUX,AGP,165
586,LUX,BGY,75
587,LUX,VIE,110
588,LUX,OPO,155
589,AES,ALC,230
590,ANX,TOS,30
591,BNN,BOO,40
592,BOO,SKN,35
593,BOO,TRD,75
594,BGO,SVG,40
595,BGO,TRD,65
596,BGO,HAU,30
597,BGO,KRS,50
598,BGO,AES,50
599,BGO,TRF,50
600,BGO,OSL,60
601,BGO,FRO,35
602,BGO,OSL,50
603,BGO,TOS,120
604,BGO,AMS,110
605,BGO,GOT,75
606,KRS,AMS,95
607,EVE,ANX,25
608,OSL,ALC,225
609,OSL,FRA,140
610,OSL,BGO,55
611,OSL,ZRH,150
612,OSL,ARN,65
613,OSL,AMS,115
614,OSL,LHR,145
615,OSL,BEG,165
616,OSL,SZZ,90
617,OSL,TRD,60
618,OSL,CPH,75
619,OSL,LHR,150
620,OSL,HEL,125
621,OSL,CDG,150
622,OSL,SVG,60
623,OSL,ARN,80
624,OSL,LIS,250
625,OSL,BGO,60
626,OSL,KRK,135
627,LKN,BOO,25
628,MJF,BOO,35
629,SVJ,BOO,25
630,SKN,TOS,40
631,TOS,VIE,220
632,TOS,CDG,240
633,TOS,OSL,115
634,TOS,DUS,210
635,TOS,OSL,120
636,TOS,LTN,235
637,TOS,GDN,170
638,TRF,BGO,55
639,TRF,WAW,110
640,TRF,STN,120
641,TRF,AMS,105
642,TRF,WMI,110
643,TRD,BNN,45
644,TRD,OSL,55
645,TRD,BGO,65
646,TRD,AMS,145
647,TRD,HEL,140
648,VDS,KKN,15
649,SVG,BGO,40
650,SVG,OSL,50
651,SVG,ALC,205
652,SVG,AMS,95
653,SVG,GDN,100
654,BZG,LTN,135
655,BZG,STN,135
656,GDN,ALC,225
657,GDN,SVG,115
658,GDN,BLL,90
659,GDN,STN,145
660,GDN,AMS,115
661,GDN,LTN,145
662,GDN,LPL,155
663,GDN,TOS,175
664,KRK,EIN,120
665,KRK,BCN,170
666,KRK,AMS,120
667,KRK,BCN,165
668,KRK,ARN,120
669,KRK,CRL,120
670,KRK,OSL,140
671,KRK,LGW,160
672,KRK,WAW,55
673,KRK,FRA,100
674,KRK,LTN,155
675,KRK,CIA,120
676,KRK,LIL,130
677,KRK,PSA,115
678,KRK,BGY,105
679,KRK,GOT,110
680,KRK,TLS,165
681,KRK,CPH,105
682,KRK,BVA,140
683,KRK,BHX,160
684,KRK,CAG,145
685,KRK,EDI,170
686,KRK,BLQ,105
687,KRK,AGP,225
688,KRK,LBA,155
689,KRK,STN,150
690,KRK,VIE,60
691,KTW,ALC,200
692,KTW,CTA,155
693,KTW,WAW,50
694,KTW,MLA,170
695,KTW,LTN,155
696,KTW,ATH,155
697,KTW,STN,150
698,LCJ,STN,140
699,WMI,AGP,245
700,WMI,CRL,130
701,WMI,CIA,140
702,WMI,LIS,260
703,WMI,BCN,184
704,WMI,ARN,105
705,POZ,FRA,90
706,POZ,FCO,140
707,POZ,BRS,140
708,POZ,LBA,135
709,POZ,VRN,110
710,POZ,STN,130
711,POZ,BHX,145
712,RDO,FCO,135
713,RZE,MXP,135
714,RZE,EMA,175
715,RZE,MAN,180
716,SZZ,STN,115
717,SZZ,OSL,90
718,SZY,DTM,110
719,SZY,STN,150
720,WAW,KRK,60
721,WAW,FRA,115
722,WAW,WRO,55
723,WAW,CLJ,90
724,WAW,LHR,170
725,WAW,BCN,190
726,WAW,RIX,80
727,WAW,PRG,80
728,WAW,BUD,80
729,WAW,CDG,150
730,WAW,AMS,135
731,WAW,KRK,55
732,WAW,GVA,140
733,WAW,VNO,65
734,WAW,MUC,105
735,WAW,KTW,50
736,WAW,FRA,125
737,WAW,AMS,125
738,WAW,BRU,130
739,WAW,ZRH,125
740,WAW,ATH,150
741,WAW,LTN,165
742,WAW,FCO,145
743,WAW,BGY,130
744,WAW,HEL,105
745,WAW,GDN,55
746,WAW,WRO,60
747,WAW,TLL,100
748,WAW,GDN,60
749,WRO,FRA,85
750,WRO,WAW,55
751,WRO,STN,130
752,WRO,VLC,190
753,WRO,LTN,135
754,WRO,MAN,145
755,GOT,OSL,55
756,GOT,ZRH,120
757,GOT,TRN,135
758,GOT,AGP,235
759,GOT,BCN,190
760,GOT,GVA,135
761,GOT,CDG,140
762,GOT,CPH,50
763,GOT,HEL,115
764,GOT,LHR,130
765,GOT,ALC,215
766,GOT,FRA,105
767,GOT,AGP,225
768,GOT,EDI,115
769,GOT,ARN,65
770,GOT,KRK,105
771,GOT,STN,115
772,NYO,KRK,110
773,NYO,OTP,170
774,NYO,SKP,180
775,MMX,ARN,70
776,LLA,ARN,80
777,ARN,POZ,100
778,ARN,TIA,190
779,ARN,CPH,75
780,ARN,GVA,160
781,ARN,ZRH,145
782,ARN,GDN,80
783,ARN,GDN,85
784,ARN,TRN,165
785,ARN,FRA,135
786,ARN,HEL,55
787,ARN,LLA,80
788,ARN,AMS,130
789,ARN,HEL,75
790,ARN,SZG,130
791,ARN,LHR,160
792,ARN,MMX,70
793,ARN,MUC,135
794,ARN,CDG,165
795,ARN,LYS,185
796,ARN,UME,65
797,ARN,CPH,70
798,ARN,RIX,65
799,ARN,WMI,100
800,ARN,TLL,60
801,ARN,GOT,65
802,ARN,STN,150
803,ARN,BGY,165
804,ARN,BUD,145
805,BMA,MMX,80
806,RIX,STN,175
807,RIX,AMS,145
808,RIX,SZG,135
809,RIX,HEL,70
810,RIX,CPH,90
811,RIX,WAW,80
812,RIX,ARN,75
813,RIX,HEL,60
814,RIX,TLL,50
815,RIX,VNO,50
816,RIX,BRS,190
817,RIX,VIE,130
818,RIX,VNO,44
819,RIX,PLQ,39
820,KUN,BTS,105
821,KUN,BGY,145
822,VNO,EIN,145
823,VNO,MUC,125
824,VNO,TRN,165
825,VNO,STN,175
826,VNO,HEL,105
827,VNO,WAW,70
828,VNO,MXP,165
829,VNO,RIX,50
830,VNO,LTN,175
831,FUE,MAN,260
832,FUE,LEJ,295
833,FUE,GLA,280
834,FUE,BIO,175
835,FUE,BHX,260
836,FUE,BRS,240
837,FUE,STN,260
838,FUE,CGN,270
839,FUE,EMA,260
840,FUE,EDI,285
841,FUE,MAD,160
842,FUE,DUS,265
843,FUE,SVQ,125
844,FUE,NCL,275
845,FUE,WAW,330
846,FUE,HAM,295
847,FUE,AMS,275
848,FUE,MUC,265
849,FUE,FRA,275
850,FUE,VIE,285
851,FUE,LUX,245
852,FUE,BSL,250
853,FUE,MXP,245
854,FUE,NTE,200
855,FUE,STN,250
856,FUE,HAJ,280
857,FUE,MAN,275
858,FUE,CGN,265
859,FUE,EMA,255
860,SPC,MAD,170
861,SPC,DUS,275
862,SPC,DUS,280
863,SPC,BCN,205
864,ACE,BHX,255
865,ACE,SVQ,120
866,ACE,FRA,270
867,ACE,BCN,185
868,ACE,BOD,195
869,ACE,HAM,285
870,ACE,DUS,265
871,ACE,BIO,170
872,ACE,GLA,280
873,ACE,LBA,270
874,ACE,MAN,270
875,ACE,CDG,240
876,ACE,EMA,250
877,ACE,CRL,250
878,ACE,ORY,235
879,ACE,OSL,325
880,ACE,LGW,245
881,ACE,BSL,245
882,ACE,MAD,155
883,ACE,OVD,160
884,ACE,NTE,195
885,ACE,BRU,250
886,ACE,LGW,240
887,ACE,LYS,215
888,ACE,STN,255
889,ACE,SCQ,150
890,ACE,EDI,280
891,ACE,LPL,250
892,ACE,EMA,255
893,ACE,LGW,250
894,ACE,BGY,240
895,ACE,LTN,250
896,ACE,BFS,265
897,ACE,AGP,125
898,MLN,AGP,55
899,MLN,LEI,55
900,TIA,FCO,85
901,TIA,BVA,170
902,TIA,TRS,105
903,TIA,LTN,210
904,TIA,PSA,105
905,TIA,TSF,105
906,TIA,HAM,165
907,TIA,GOA,110
908,TIA,CRL,175
909,TIA,BCN,170
910,TIA,BLQ,105
911,TIA,ATH,80
912,TIA,MXP,125
913,TIA,BLQ,100
914,TIA,FCO,95
915,TIA,HHN,155
916,TIA,VRN,110
917,TIA,ARN,200
918,TIA,CIA,90
919,TIA,STN,185
920,TIA,BRI,60
921,TIA,EDI,225
922,TIA,BGY,120
923,BOJ,AMS,200
924,SOF,CTA,110
925,SOF,LTN,215
926,SOF,STN,200
927,SOF,ALC,215
928,SOF,WAW,120
929,SOF,VIE,95
930,SOF,MUC,120
931,SOF,CRL,180
932,SOF,ATH,80
933,SOF,FMM,125
934,SOF,TSF,110
935,SOF,MLA,115
936,SOF,CPH,185
937,SOF,NAP,100
938,SOF,LGW,205
939,SOF,LTN,210
940,SOF,MAD,220
941,SOF,BRS,210
942,VAR,CGN,180
943,VAR,SOF,50
944,DBV,ZAG,55
945,PUY,ZRH,85
946,SPU,FCO,65
947,SPU,AMS,145
948,SPU,ZAG,50
949,ZAG,AMS,130
950,ZAG,ZRH,90
951,ZAG,VIE,50
952,ZAG,FRA,95
953,ZAG,LHR,155
954,ZAG,MUC,70
955,ZAG,CRL,120
956,ZAG,DBV,55
957,ZAG,SPU,50
958,ZAG,SJJ,50
959,ZAG,SKP,85
960,ALC,LGW,155
961,ALC,CPH,195
962,ALC,MAN,170
963,ALC,EIN,160
964,ALC,AMS,175
965,ALC,ARN,245
966,ALC,FRA,165
967,ALC,EMA,165
968,ALC,MXP,125
969,ALC,MUC,155
970,ALC,WMI,205
971,ALC,AMS,170
972,ALC,BGY,130
973,ALC,CPH,205
974,ALC,MRS,95
975,ALC,TRD,260
976,ALC,NCL,180
977,ALC,GDN,210
978,ALC,RTM,155
979,ALC,LIS,105
980,ALC,OSL,235
981,ALC,KTW,190
982,ALC,LBA,170
983,ALC,LGW,160
984,ALC,FKB,145
985,ALC,BCN,70
986,ALC,MAN,175
987,ALC,OTP,210
988,ALC,BRU,150
989,ALC,MAD,65
990,ALC,SVG,220
991,ALC,BHX,165
992,ALC,MAD,75
993,ALC,SOF,190
994,ALC,BFS,180
995,ALC,BRS,160
996,ALC,LPL,170
997,ALC,STN,165
998,LEI,MAD,75
999,OVD,BCN,85
1000,OVD,MAD,75
1001,OVD,NRN,130
1002,BIO,MAD,65
1003,BIO,AMS,135
1004,BIO,MAD,70
1005,BIO,CDG,105
1006,BIO,LGW,110
1007,BIO,MUC,135
1008,BIO,OPO,80
1009,BIO,BCN,70
1010,BCN,GOA,95
1011,BCN,BRU,130
1012,BCN,SVQ,100
1013,BCN,XRY,105
1014,BCN,NAP,115
1015,BCN,STN,145
1016,BCN,MAD,85
1017,BCN,GRX,90
1018,BCN,BIO,75
1019,BCN,FCO,105
1020,BCN,AGP,95
1021,BCN,CRL,135
1022,BCN,FRA,130
1023,BCN,LPL,155
1024,BCN,BGY,105
1025,BCN,SOF,175
1026,BCN,ATH,175
1027,BCN,MAH,55
1028,BCN,AGP,100
1029,BCN,LIS,125
1030,BCN,AMS,150
1031,BCN,WMI,185
1032,BCN,LHR,145
1033,BCN,LGW,135
1034,BCN,BOD,80
1035,BCN,SPC,220
1036,CDT,NRN,160
1037,LCG,MAD,70
1038,LCG,MAD,80
1039,GRO,BHX,140
1040,GRX,MLN,60
1041,GRX,MAD,70
1042,GRX,BCN,85
1043,IBZ,VLC,50
1044,IBZ,BCN,55
1045,IBZ,MAD,75
1046,XRY,MAD,80
1047,XRY,BCN,105
1048,MAD,OPO,80
1049,MAD,VGO,75
1050,MAD,FLR,145
1051,MAD,AGP,80
1052,MAD,LIS,85
1053,MAD,OVD,75
1054,MAD,MRS,105
1055,MAD,SVQ,70
1056,MAD,XRY,75
1057,MAD,FCO,150
1058,MAD,LEI,75
1059,MAD,IBZ,75
1060,MAD,NTE,100
1061,MAD,CPH,200
1062,MAD,LCG,80
1063,MAD,LHR,145
1064,AGP,OSL,250
1065,AGP,ZRH,155
1066,AGP,BUD,205
1067,AGP,LGG,190
1068,AGP,GOT,235
1069,AGP,AMS,190
1070,AGP,HAM,200
1071,AGP,CGN,180
1072,AGP,MUC,180
1073,AGP,MLN,60
1074,AGP,LGW,170
1075,AGP,MAD,75
1076,AGP,KRK,220
1077,AGP,BGY,155
1078,AGP,FRA,185
1079,AGP,BRS,165
1080,AGP,LHR,185
1081,AGP,CDG,165
1082,AGP,EMA,180
1083,AGP,BRU,190
1084,AGP,EIN,180
1085,AGP,AMS,185
1086,AGP,STN,175
1087,AGP,VIE,200
1088,AGP,BCN,90
1089,AGP,VNO,265
1090,AGP,FCO,155
1091,AGP,BCN,95
1092,AGP,ARN,265
1093,AGP,ACE,135
1094,AGP,ORY,155
1095,AGP,RTM,175
1096,AGP,WRO,220
1097,AGP,NRN,185
1098,AGP,BGO,240
1099,AGP,LUX,160
1100,AGP,BOH,160
1101,AGP,PRG,195
1102,AGP,BHX,180
1103,AGP,WMI,230
1104,AGP,LTN,175
1105,AGP,GDN,245
1106,AGP,BUD,215
1107,MAH,BCN,50
1108,PNA,MAD,65
1109,EAS,BCN,65
1110,EAS,MAD,65
1111,SCQ,ACE,160
1112,SCQ,VLC,90
1113,SCQ,MAD,70
1114,SCQ,MAD,75
1115,VLC,WRO,185
1116,VLC,STN,155
1117,VLC,BLQ,120
1118,VLC,AMS,160
1119,VLC,PSA,110
1120,VLC,OPO,95
1121,VLC,MAD,65
1122,VLC,TSF,130
1123,VLC,MUC,145
1124,VLC,NAP,125
1125,VLC,LIS,95
1126,VLC,BRU,145
1127,VLC,KRK,185
1128,VLC,ORY,125
1129,VLC,MAD,60
1130,VLC,FCO,125
1131,VLC,SCQ,95
1132,VLC,PMO,125
1133,VLC,BGY,125
1134,VGO,STN,130
1135,VGO,MAD,70
1136,VGO,MAD,80
1137,VGO,BCN,105
1138,SDR,MAD,70
1139,SDR,VIE,160
1140,SDR,MAN,125
1141,ZAZ,BVA,105
1142,ZAZ,STN,130
1143,SVQ,MXP,155
1144,SVQ,STN,170
1145,SVQ,CDG,160
1146,SVQ,CTA,175
1147,SVQ,MAN,180
1148,SVQ,MAD,65
1149,SVQ,BCN,100
1150,SVQ,PSA,150
1151,SVQ,WAW,235
1152,SVQ,FUE,130
1153,SVQ,ORY,150
1154,SVQ,CIA,155
1155,SVQ,NUE,190
1156,SVQ,BGY,160
1157,BOD,BCN,75
1158,BOD,CDG,85
1159,BOD,LIS,115
1160,BOD,STN,105
1161,BOD,MAD,85
1162,BOD,AGP,110
1163,TLS,KRK,155
1164,TLS,LHR,115
1165,TLS,BOD,50
1166,TLS,MUC,105
1167,TLS,MLA,135
1168,TLS,MAD,85
1169,LDE,ORY,85
1170,BIA,NCE,50
1171,BIA,MRS,55
1172,BIA,ORY,100
1173,CLY,NCE,40
1174,AJA,NCE,50
1175,AJA,MRS,50
1176,AJA,ORY,100
1177,CMF,MAN,125
1178,CMF,LBA,120
1179,CMF,STN,110
1180,CMF,BHX,115
1181,LYS,CDG,70
1182,LYS,TIA,130
1183,LYS,EDI,140
1184,LYS,LHR,110
1185,LYS,FCO,95
1186,LYS,LIS,145
1187,LYS,CDG,75
1188,LYS,LHR,115
1189,LYS,MRS,65
1190,LYS,MUC,80
1191,LYS,MAD,115
1192,GNB,BRS,110
1193,GNB,BRS,115
1194,GNB,MAN,115
1195,GNB,WAW,140
1196,GNB,LHR,110
1197,GNB,LTN,110
1198,GNB,STN,110
1199,MRS,OTP,155
1200,MRS,TSF,80
1201,MRS,CDG,95
1202,MRS,ORY,85
1203,MRS,AGP,120
1204,MRS,MAD,110
1205,MRS,FCO,85
1206,MRS,LIS,140
1207,MRS,NTE,90
1208,MRS,BIA,55
1209,MRS,CRL,105
1210,MRS,AJA,50
1211,MRS,ALC,95
1212,MRS,BUD,120
1213,MRS,STN,120
1214,NCE,LHR,130
1215,NCE,CLY,40
1216,NCE,CDG,100
1217,NCE,CDG,95
1218,NCE,BIA,50
1219,NCE,ORY,90
1220,NCE,SOF,130
1221,NCE,FSC,55
1222,NCE,MAD,120
1223,NCE,FCO,70
1224,NCE,AJA,50
1225,NCE,ZRH,75
1226,NCE,BCN,80
1227,MPL,AMS,125
1228,MPL,CDG,95
1229,BZR,CRL,100
1230,BVA,TSR,145
1231,BVA,TIA,155
1232,BVA,WRO,115
1233,BVA,VNO,160
1234,BVA,BCN,105
1235,BVA,KRK,130
1236,BVA,TSF,95
1237,BVA,BGY,90
1238,BVA,OPO,130
1239,BVA,BEG,145
1240,TUF,STN,85
1241,CDG,HEL,170
1242,CDG,FCO,125
1243,CDG,BCN,105
1244,CDG,DUS,75
1245,CDG,NCE,95
1246,CDG,MAN,85
1247,CDG,BIO,100
1248,CDG,PRG,100
1249,CDG,LIS,155
1250,CDG,VIE,115
1251,CDG,MPL,80
1252,CDG,MXP,85
1253,CDG,BLQ,100
1254,ORY,NCE,85
1255,ORY,AGP,145
1256,ORY,VLC,115
1257,ORY,LIS,155
1258,ORY,FCO,115
1259,ORY,SVQ,150
1260,ORY,OPO,130
1261,ORY,MAD,120
1262,ORY,BIA,100
1263,ORY,LIS,145
1264,ORY,AJA,100
1265,ORY,OPO,140
1266,ORY,MAD,130
1267,ORY,BCN,100
1268,ORY,MXP,85
1269,ORY,LDE,85
1270,ORY,TLS,75
1271,ORY,MLA,160
1272,ORY,MRS,80
1273,ORY,LGW,65
1274,ORY,MAD,125
1275,ORY,EMA,105
1276,ORY,MPL,85
1277,ORY,LIS,150
1278,ORY,VLC,110
1279,LIL,GVA,80
1280,LIL,KRK,125
1281,NTE,AMS,95
1282,NTE,MAD,100
1283,NTE,GVA,80
1284,NTE,MRS,90
1285,BSL,MUC,60
1286,BSL,CTA,130
1287,BSL,LHR,100
1288,BSL,AMS,95
1289,BSL,SUF,130
1290,BSL,FRA,55
1291,BSL,CDG,75
1292,BSL,OTP,145
1293,AXD,ATH,65
1294,AXD,ATH,60
1295,ATH,CFU,60
1296,ATH,JMK,45
1297,ATH,FCO,130
1298,ATH,CHQ,55
1299,ATH,BEG,100
1300,ATH,SKG,55
1301,ATH,JTR,55
1302,ATH,CHQ,50
1303,ATH,CDG,210
1304,ATH,RHO,60
1305,ATH,SKP,90
1306,ATH,TIA,80
1307,ATH,SOF,80
1308,ATH,ZRH,165
1309,ATH,AMS,220
1310,ATH,JKH,50
1311,ATH,KVA,70
1312,ATH,IOA,75
1313,ATH,ZTH,65
1314,ATH,OTP,95
1315,ATH,LHR,245
1316,ATH,AXD,60
1317,ATH,MJT,65
1318,ATH,MJT,55
1319,ATH,KGS,60
1320,ATH,MAD,245
1321,JKH,ATH,50
1322,JKH,ATH,55
1323,IOA,ATH,70
1324,KGS,RHO,30
1325,KGS,ATH,65
1326,KGS,SKG,100
1327,KGS,ATH,60
1328,CFU,ATH,60
1329,KVA,ATH,75
1330,JMK,ATH,45
1331,MJT,ATH,65
1332,MJT,ATH,55
1333,RHO,SKG,75
1334,RHO,ATH,60
1335,CHQ,ATH,55
1336,CHQ,ATH,50
1337,SMI,ATH,65
1338,JTR,ATH,55
1339,JSH,AXD,100
1340,SKG,NUE,145
1341,SKG,STR,150
1342,SKG,KGS,95
1343,SKG,MUC,130
1344,SKG,ATH,55
1345,SKG,NRN,180
1346,SKG,ATH,50
1347,ZTH,ATH,60
1348,BUD,BHX,175
1349,BUD,LHR,170
1350,BUD,MAD,200
1351,BUD,BLQ,90
1352,BUD,MAD,210
1353,BUD,MXP,105
1354,BUD,AGP,220
1355,BUD,CRL,125
1356,BUD,BCN,160
1357,BUD,BEG,65
1358,BUD,CIA,100
1359,BUD,LTN,165
1360,BUD,STN,155
1361,BUD,MAN,170
1362,BUD,BCN,155
1363,BUD,WAW,80
1364,BUD,FRA,105
1365,BUD,ATH,120
1366,BUD,HEL,140
1367,BUD,PRG,75
1368,BUD,ARN,145
1369,BUD,MRS,130
1370,BUD,WAW,75
1371,BUD,AGP,215
1372,BUD,FCO,105
1373,BUD,BRI,90
1374,BUD,BRS,165
1375,BUD,BGY,94
1376,DEB,LTN,175
1377,CRV,BGY,105
1378,CRV,BLQ,100
1379,BRI,MLA,80
1380,BRI,BUD,90
1381,BRI,WMI,130
1382,BRI,OTP,105
1383,BRI,LIN,85
1384,BRI,BGY,90
1385,BRI,VRN,85
1386,BRI,TRN,100
1387,BRI,FCO,70
1388,BRI,VCE,80
1389,BRI,CRL,150
1390,BRI,MXP,100
1391,BRI,TIA,60
1392,BRI,BUD,95
1393,PSR,BGY,75
1394,BDS,LIN,95
1395,BDS,TRN,105
1396,BDS,FCO,75
1397,BDS,BGY,100
1398,BDS,BLQ,85
1399,SUF,VCE,100
1400,SUF,LIN,95
1401,SUF,FCO,70
1402,SUF,TRN,110
1403,SUF,BSL,130
1404,SUF,MXP,110
1405,SUF,BGY,100
1406,CTA,TRN,120
1407,CTA,KTW,155
1408,CTA,MXP,120
1409,CTA,NAP,65
1410,CTA,BUD,130
1411,CTA,OTP,130
1412,CTA,FLR,95
1413,CTA,MLA,50
1414,CTA,LIN,110
1415,CTA,BGY,115
1416,CTA,BLQ,110
1417,CTA,FCO,85
1418,CTA,PRG,145
1419,CTA,KTW,150
1420,CTA,VCE,110
1421,CTA,LIN,125
1422,CTA,BSL,140
1423,CTA,SVQ,185
1424,CTA,STN,220
1425,CTA,BLQ,105
1426,PMO,FCO,75
1427,PMO,PSA,80
1428,PMO,VRN,95
1429,PMO,STN,190
1430,PMO,LIN,95
1431,PMO,NAP,60
1432,PMO,BGY,100
1433,PMO,BLQ,90
1434,PMO,MAD,160
1435,PMO,FMM,120
1436,PMO,VLC,130
1437,PMO,TRN,100
1438,PMO,VCE,95
1439,PMO,NUE,130
1440,PMO,MXP,105
1441,PMO,BCN,115
1442,REG,LIN,100
1443,AHO,LIN,70
1444,AHO,FCO,65
1445,AHO,BGY,80
1446,CAG,LIN,80
1447,CAG,FCO,65
1448,CAG,TRN,85
1449,CAG,BCN,90
1450,CAG,MXP,90
1451,CAG,KRK,150
1452,CAG,BGY,90
1453,OLB,LIN,65
1454,OLB,FCO,60
1455,MXP,ATH,145
1456,MXP,STN,125
1457,MXP,FRA,80
1458,MXP,TIA,120
1459,MXP,LGW,115
1460,MXP,BCN,95
1461,MXP,VIE,90
1462,MXP,OPO,160
1463,MXP,AMS,115
1464,MXP,BCN,100
1465,MXP,MUC,70
1466,MXP,LIS,175
1467,MXP,CDG,95
1468,MXP,MAD,140
1469,MXP,LHR,130
1470,MXP,ATH,150
1471,MXP,HEL,185
1472,MXP,PRN,130
1473,MXP,NAP,90
1474,MXP,BRI,95
1475,MXP,MAD,145
1476,MXP,LGW,120
1477,MXP,CTA,115
1478,MXP,AMS,120
1479,MXP,RZE,120
1480,MXP,PMO,105
1481,MXP,ORY,95
1482,MXP,SUF,110
1483,MXP,ALC,130
1484,MXP,ZRH,60
1485,BGY,CTA,110
1486,BGY,EIN,100
1487,BGY,BVA,100
1488,BGY,ALC,130
1489,BGY,ACE,245
1490,BGY,PMO,100
1491,BGY,BRI,90
1492,BGY,STN,125
1493,BGY,KRK,110
1494,BGY,TIA,110
1495,BGY,LIS,175
1496,BGY,VIE,85
1497,BGY,SOF,120
1498,BGY,SVQ,160
1499,BGY,ARN,165
1500,BGY,CRL,95
1501,BGY,NAP,85
1502,BGY,OTP,130
1503,BGY,BDS,100
1504,BGY,BCN,95
1505,BGY,IAS,140
1506,BGY,CAG,90
1507,BGY,BUD,95
1508,BGY,VLC,120
1509,BGY,MLA,120
1510,BGY,CLJ,120
1511,BGY,SUF,105
1512,BGY,AHO,75
1513,BGY,KUN,145
1514,BGY,TSR,100
1515,BGY,OTP,135
1516,BGY,WAW,125
1517,BGY,PSR,75
1518,BGY,BRS,125
1519,TRN,BCN,85
1520,TRN,FRA,80
1521,TRN,MUC,70
1522,TRN,PMO,100
1523,TRN,SUF,105
1524,TRN,FCO,80
1525,TRN,MAD,140
1526,TRN,VNO,160
1527,TRN,LGW,115
1528,TRN,CTA,110
1529,TRN,BRI,95
1530,TRN,STN,120
1531,TRN,BDS,100
1532,TRN,OTP,145
1533,GOA,STN,130
1534,GOA,BCN,95
1535,GOA,FCO,65
1536,GOA,TIA,105
1537,LIN,CTA,125
1538,LIN,FCO,70
1539,LIN,LHR,125
1540,LIN,BRI,85
1541,LIN,MLA,110
1542,LIN,AHO,70
1543,LIN,OLB,70
1544,LIN,AMS,115
1545,LIN,MUC,70
1546,LIN,FRA,80
1547,LIN,NAP,75
1548,LIN,CTA,105
1549,LIN,CAG,85
1550,LIN,PMO,95
1551,LIN,HEL,185
1552,LIN,LHR,115
1553,LIN,MAD,145
1554,LIN,CDG,95
1555,LIN,SUF,100
1556,LIN,BDS,95
1557,LIN,CTA,110
1558,PMF,CAG,80
1559,BLQ,CDG,110
1560,BLQ,TIA,100
1561,BLQ,FRA,90
1562,BLQ,VLC,120
1563,BLQ,PMO,90
1564,BLQ,OTP,125
1565,BLQ,MUC,70
1566,BLQ,LHR,145
1567,BLQ,ATH,135
1568,BLQ,KRK,105
1569,BLQ,ZRH,75
1570,BLQ,MAD,155
1571,BLQ,FCO,60
1572,BLQ,CTA,100
1573,BLQ,BDS,85
1574,BLQ,CTA,105
1575,BLQ,CRA,110
1576,BLQ,BCN,100
1577,BLQ,TIA,95
1578,TSF,MLA,115
1579,TSF,OTP,115
1580,TSF,TIA,90
1581,TSF,MRS,85
1582,TSF,BVA,110
1583,TSF,VLC,130
1584,TSF,CRL,100
1585,TSF,SOF,100
1586,TSF,VIE,75
1587,TRS,NAP,75
1588,TRS,TIA,100
1589,TRS,FCO,65
1590,TRS,STN,135
1591,VRN,TIA,120
1592,VRN,SUF,95
1593,VRN,MAN,145
1594,VRN,WAW,120
1595,VRN,CTA,105
1596,VRN,FCO,60
1597,VRN,CTA,110
1598,VRN,POZ,105
1599,VRN,PMO,90
1600,VRN,STN,130
1601,VRN,BRI,80
1602,VRN,TIA,100
1603,VRN,GDN,125
1604,AOI,FCO,65
1605,VCE,ORY,110
1606,VCE,BCN,115
1607,VCE,FRA,90
1608,VCE,CDG,110
1609,VCE,EDI,175
1610,VCE,CTA,110
1611,VCE,LIS,190
1612,VCE,LHR,140
1613,VCE,SKP,100
1614,VCE,AMS,120
1615,VCE,BRI,80
1616,VCE,STN,135
1617,VCE,PMO,95
1618,VCE,FCO,75
1619,VCE,MUC,65
1620,VCE,MAD,165
1621,VCE,NAP,75
1622,VCE,MAN,145
1623,VCE,BCN,120
1624,VCE,CTA,105
1625,CIA,IAS,140
1626,CIA,OTP,120
1627,CIA,KRK,120
1628,CIA,STN,160
1629,CIA,CLJ,130
1630,CIA,SVQ,165
1631,CIA,WMI,135
1632,CIA,TIA,85
1633,CIA,MAN,175
1634,CIA,CRL,130
1635,CIA,LIS,190
1636,FCO,SCV,145
1637,FCO,AGP,160
1638,FCO,ATH,120
1639,FCO,PMO,70
1640,FCO,FMM,90
1641,FCO,MUC,90
1642,FCO,MLA,85
1643,FCO,MAD,155
1644,FCO,ZRH,95
1645,FCO,MRS,90
1646,FCO,TIA,80
1647,FCO,AHO,65
1648,FCO,OLB,60
1649,FCO,LIN,70
1650,FCO,CDG,130
1651,FCO,OLB,65
1652,FCO,SUF,70
1653,FCO,PMO,65
1654,FCO,AMS,155
1655,FCO,CTA,75
1656,FCO,TRN,70
1657,NAP,PMO,60
1658,NAP,VIE,105
1659,NAP,KRK,120
1660,NAP,BGY,85
1661,NAP,SOF,100
1662,NAP,VCE,80
1663,NAP,BCN,120
1664,NAP,FCO,55
1665,NAP,OTP,115
1666,NAP,LIN,80
1667,NAP,CRL,145
1668,NAP,MXP,95
1669,NAP,STN,175
1670,PSA,MLA,100
1671,PSA,MAD,145
1672,PSA,KRK,115
1673,PSA,STN,140
1674,PSA,TIA,100
1675,PSA,PMO,80
1676,PSA,CRL,110
1677,PSA,OPO,155
1678,FLR,FRA,100
1679,FLR,CDG,110
1680,FLR,MUC,75
1681,FLR,AMS,130
1682,FLR,FCO,55
1683,PEG,TIA,85
1684,LJU,WAW,95
1685,LJU,INI,110
1686,PRG,MAD,185
1687,PRG,FRA,70
1688,PRG,CTA,135
1689,PRG,AGP,205
1690,PRG,FCO,110
1691,PRG,MAN,135
1692,PRG,BGY,80
1693,PRG,BUD,70
1694,PRG,KSC,75
1695,PRG,WAW,80
1696,PRG,CDG,110
1697,PRG,GVA,90
1698,PRG,HEL,135
1699,PRG,BCN,140
1700,PRG,BCN,155
1701,PRG,STN,120
1702,MLA,MUC,145
1703,MLA,ORY,175
1704,MLA,CTA,50
1705,MLA,LIS,210
1706,MLA,BRU,185
1707,MLA,LHR,210
1708,MLA,BRI,80
1709,MLA,CRL,180
1710,MLA,CGN,175
1711,MLA,BUD,140
1712,MLA,FCO,90
1713,MLA,TLS,145
1714,MLA,BCN,135
1715,MLA,OTP,135
1716,MLA,VIE,140
1717,MLA,EDI,235
1718,MLA,MAN,220
1719,MLA,LGW,195
1720,MLA,FCO,95
1721,MLA,SOF,110
1722,MLA,SKP,95
1723,MLA,KTW,165
1724,MLA,CTA,45
1725,MLA,MAD,175
1726,MLA,BGY,120
1727,GRZ,FRA,85
1728,GRZ,MUC,50
1729,INN,MAN,140
1730,INN,LGW,125
1731,INN,LGW,120
1732,INN,VIE,60
1733,INN,BRS,130
1734,INN,FRA,65
1735,INN,EDI,150
1736,KLU,VIE,45
1737,SZG,LGW,120
1738,SZG,STN,120
1739,SZG,LHR,130
1740,SZG,FRA,65
1741,SZG,HEL,150
1742,SZG,LGW,125
1743,SZG,RIX,130
1744,SZG,HAM,80
1745,SZG,MAN,140
1746,SZG,RTM,95
1747,SZG,LGW,135
1748,SZG,CPH,100
1749,SZG,AMS,105
1750,SZG,EIN,85
1751,SZG,BRS,130
1752,SZG,ARN,125
1753,SZG,CPH,95
1754,VIE,OTP,95
1755,VIE,BCN,145
1756,VIE,TLL,145
1757,VIE,BGY,85
1758,VIE,LHR,140
1759,VIE,STN,140
1760,VIE,FRA,90
1761,VIE,INN,55
1762,VIE,BRU,105
1763,VIE,MLA,140
1764,VIE,FCO,105
1765,VIE,STR,75
1766,VIE,GVA,95
1767,VIE,MUC,60
1768,VIE,DUS,95
1769,VIE,HAM,95
1770,VIE,RIX,125
1771,VIE,MXP,85
1772,VIE,ATH,125
1773,VIE,ZRH,85
1774,VIE,CDG,130
1775,VIE,FCO,100
1776,VIE,LGW,150
1777,VIE,HEL,145
1778,VIE,ZAG,50
1779,VIE,LIS,220
1780,VIE,TSF,75
1781,VIE,MAD,190
1782,VIE,FRA,85
1783,VIE,ZRH,80
1784,VIE,KRK,65
1785,VIE,BCN,140
1786,SMA,PDL,30
1787,CAT,VSE,50
1788,FAO,NRN,190
1789,FAO,BFS,190
1790,FAO,LIS,50
1791,FAO,AMS,190
1792,FAO,LBA,185
1793,FAO,GLA,205
1794,FAO,LTN,175
1795,FAO,BFS,200
1796,FAO,LPL,185
1797,HOR,PDL,55
1798,TER,PIX,35
1799,TER,PDL,45
1800,TER,LIS,140
1801,FNC,LIS,100
1802,FNC,LIS,105
1803,FNC,ORY,215
1804,FNC,KTW,305
1805,FNC,MAD,145
1806,FNC,PXO,25
1807,FNC,BSL,235
1808,FNC,AMS,250
1809,FNC,BUD,295
1810,FNC,BRS,220
1811,FNC,MAN,245
1812,FNC,OPO,115
1813,PDL,LIS,135
1814,PDL,SMA,30
1815,PDL,TER,40
1816,PDL,HOR,60
1817,PDL,OPO,140
1818,PDL,LIS,140
1819,PIX,TER,35
1820,OPO,LIS,60
1821,OPO,BGY,155
1822,OPO,ALC,95
1823,OPO,STN,150
1824,OPO,LUX,150
1825,OPO,GVA,135
1826,OPO,MAD,70
1827,OPO,AMS,160
1828,OPO,BVA,135
1829,OPO,AMS,165
1830,OPO,MAD,80
1831,OPO,BCN,105
1832,OPO,PSA,155
1833,OPO,FKB,160
1834,OPO,CPH,205
1835,OPO,MXP,150
1836,OPO,BRS,130
1837,OPO,FNC,115
1838,OPO,ORY,135
1839,OPO,BIO,75
1840,OPO,MAD,75
1841,OPO,PDL,150
1842,PXO,OSL,305
1843,PXO,FNC,25
1844,LIS,FCO,185
1845,LIS,BCN,110
1846,LIS,LHR,170
1847,LIS,MAD,80
1848,LIS,WMI,240
1849,LIS,VLC,90
1850,LIS,OPO,60
1851,LIS,FAO,45
1852,LIS,ZRH,170
1853,LIS,VIE,210
1854,LIS,AMS,190
1855,LIS,FNC,105
1856,LIS,RIX,270
1857,LIS,ORY,155
1858,LIS,MAD,75
1859,LIS,TER,160
1860,LIS,HEL,275
1861,LIS,LUX,160
1862,VRL,BGC,20
1863,VSE,VRL,10
1864,BNX,GOT,145
1865,SJJ,ZAG,50
1866,SJJ,CGN,120
1867,TZL,DTM,130
1868,TZL,FMM,100
1869,BCM,MXP,150
1870,CLJ,LTN,185
1871,CLJ,BGY,120
1872,CLJ,BGY,125
1873,CLJ,OTP,55
1874,CLJ,VIE,80
1875,CRA,BLQ,120
1876,CRA,BHX,210
1877,IAS,BGY,145
1878,IAS,BGY,150
1879,IAS,LTN,215
1880,IAS,OTP,70
1881,OMR,OTP,80
1882,OTP,CRL,175
1883,OTP,ZRH,150
1884,OTP,OMR,85
1885,OTP,LTN,215
1886,OTP,TSR,60
1887,OTP,AMS,185
1888,OTP,LPL,235
1889,OTP,ALC,230
1890,OTP,KIV,70
1891,OTP,WAW,110
1892,OTP,BCN,205
1893,OTP,CDG,190
1894,OTP,IAS,70
1895,OTP,CLJ,55
1896,OTP,NAP,120
1897,OTP,STR,145
1898,OTP,BSL,160
1899,OTP,MRS,175
1900,OTP,BGY,145
1901,OTP,BLL,180
1902,OTP,BHX,215
1903,OTP,LGW,225
1904,OTP,TSF,125
1905,OTP,STN,205
1906,OTP,TRN,165
1907,OTP,ATH,95
1908,OTP,CIA,125
1909,OTP,FCO,140
1910,OTP,VIE,105
1911,OTP,SCV,70
1912,OTP,NYO,180
1913,OTP,BGY,140
1914,OTP,MLA,145
1915,SBZ,LTN,190
1916,SBZ,MUC,105
1917,SCV,FCO,140
1918,SCV,LTN,200
1919,TSR,OTP,60
1920,TSR,BGY,110
1921,GVA,LHR,105
1922,GVA,LGW,100
1923,GVA,LIS,155
1924,GVA,MAN,115
1925,GVA,GLA,140
1926,GVA,EDI,140
1927,GVA,BFS,140
1928,GVA,LIS,160
1929,GVA,PRN,135
1930,GVA,BRS,110
1931,GVA,TLL,175
1932,GVA,CPH,125
1933,GVA,BHX,115
1934,GVA,ATH,165
1935,GVA,MAN,125
1936,GVA,BRU,80
1937,GVA,BCN,90
1938,GVA,MUC,75
1939,GVA,LPL,120
1940,GVA,LTN,105
1941,GVA,AMS,105
1942,GVA,LGW,95
1943,GVA,VIE,95
1944,GVA,RIX,165
1945,GVA,BHX,110
1946,GVA,LIS,150
1947,GVA,NTE,85
1948,GVA,MAD,125
1949,GVA,FRA,70
1950,GVA,EMA,115
1951,GVA,SEN,95
1952,ZRH,OPO,160
1953,ZRH,FRA,60
1954,ZRH,LHR,110
1955,ZRH,MAD,145
1956,ZRH,HAM,85
1957,ZRH,LHR,105
1958,ZRH,GVA,55
1959,ZRH,BLQ,65
1960,ZRH,MUC,55
1961,ZRH,BEG,100
1962,ZRH,AMS,100
1963,ZRH,EDI,135
1964,ZRH,OSL,150
1965,ZRH,AMS,105
1966,ZRH,STR,45
1967,ZRH,MXP,55
1968,ZRH,CDG,75
1969,ZRH,CPH,105
1970,ZRH,BCN,105
1971,ZRH,DUS,75
1972,ZRH,PRN,125
1973,ZRH,NCE,70
1974,ZRH,OHD,120
1975,ZRH,VIE,80
1976,ZRH,BRU,75
1977,ZRH,MLA,140
1978,ZRH,LIS,170
1979,KIV,FCO,160
1980,KIV,CDG,195
1981,KIV,LIS,270
1982,KIV,OTP,75
1983,LUZ,LTN,170
1984,OHD,ZRH,130
1985,SKP,BEG,70
1986,SKP,ZRH,130
1987,SKP,FRA,145
1988,SKP,BTS,95
1989,SKP,CPH,175
1990,SKP,MLA,110
1991,SKP,CGN,165
1992,SKP,NYO,190
1993,SKP,FCO,105
1994,GIB,LHR,185
1995,BEG,LIS,240
1996,BEG,INI,55
1997,BEG,TGD,45
1998,BEG,BVA,160
1999,BEG,WAW,100
2000,BEG,CDG,155
2001,BEG,BCN,165
2002,BEG,OSL,175
2003,BEG,TGD,60
2004,BEG,VIE,90
2005,BEG,KZN,250
2006,BEG,SVO,190
2007,BEG,LED,175
2008,INI,MLA,110
2009,INI,HHN,135
2010,INI,LJU,115
2011,TGD,BEG,50
2012,TGD,KRK,100
2013,TGD,MXP,110
2014,TGD,BEG,60
2015,TIV,BEG,50
2016,BTS,KUN,105
2017,BTS,LTN,150
2018,BTS,STN,140
2019,BTS,SKP,90
2020,KSC,PRG,75
2021,RMU,MAN,175
2022,GRV,DME,185
2023,GRV,SVO,175
2024,HTA,DME,430
2025,SIP,LED,195
2026,ARH,LED,90
2027,ARH,SVO,110
2028,ARH,SVO,115
2029,ARH,LED,95
2030,NNM,KZN,145
2031,CEE,SVO,50
2032,CEE,LED,55
2033,LED,KVX,115
2034,LED,ULV,130
2035,LED,MCX,200
2036,LED,KGD,95
2037,LED,KZN,125
2038,LED,SVO,90
2039,LED,DME,100
2040,LED,DME,95
2041,LED,VKO,95
2042,LED,IWA,100
2043,LED,AER,275
2044,LED,VKO,100
2045,LED,KZN,130
2046,LED,KUF,145
2047,LED,VKO,90
2048,LED,SVO,95
2049,LED,MSQ,90
2050,LED,KUF,135
2051,LED,KJA,285
2052,LED,CEE,55
2053,LED,REN,170
2054,LED,CEK,180
2055,LED,KZN,135
2056,LED,UFA,160
2057,LED,SCW,115
2058,LED,PEE,140
2059,LED,PEE,150
2060,LED,ARH,85
2061,LED,CEK,175
2062,LED,BEG,170
2063,LED,SVO,85
2064,LED,AER,195
2065,MMK,LED,110
2066,MMK,SVO,155
2067,MMK,VKO,155
2068,MMK,SVO,160
2069,MMK,SVO,150
2070,MMK,DME,155
2071,PKV,AER,245
2072,PES,VKO,90
2073,KGD,SVO,165
2074,KGD,VKO,115
2075,KGD,LED,125
2076,KGD,LED,95
2077,KGD,SVO,170
2078,MSQ,DME,85
2079,MSQ,LED,80
2080,MSQ,SVO,85
2081,MSQ,VKO,85
2082,MSQ,SVO,95
2083,KJA,VKO,305
2084,KJA,SVO,320
2085,KJA,LED,310
2086,KJA,SVO,315
2087,NOZ,DME,290
2088,NOZ,SVO,300
2089,AAQ,LED,170
2090,GDZ,LED,180
2091,KRR,SVO,140
2092,KRR,VKO,130
2093,MCX,DME,185
2094,MCX,SVO,190
2095,MCX,SVO,200
2096,MCX,VKO,170
2097,MRV,DME,195
2098,MRV,KUF,160
2099,MRV,AER,65
2100,MRV,CEE,210
2101,MRV,SVO,185
2102,MRV,LED,180
2103,MRV,VKO,145
2104,MRV,MQF,160
2105,MRV,PEE,205
2106,MRV,UFA,170
2107,MRV,CEK,185
2108,MRV,NBC,170
2109,OGZ,VKO,175
2110,STW,SVO,200
2111,AER,DME,215
2112,AER,KZN,205
2113,AER,SVO,225
2114,AER,VKO,140
2115,AER,LED,250
2116,AER,VKO,225
2117,AER,VKO,145
2118,AER,SVO,215
2119,AER,DME,210
2120,AER,MRV,60
2121,AER,CEE,210
2122,AER,SVO,245
2123,AER,SVO,205
2124,AER,KJA,325
2125,AER,PEE,190
2126,AER,PEE,205
2127,AER,UFA,210
2128,AER,DME,220
2129,ASF,SVO,165
2130,VOG,SVO,120
2131,VOG,LED,155
2132,VOG,GOJ,105
2133,VOG,DME,110
2134,VOG,VKO,110
2135,VOG,SVO,130
2136,VOG,MRV,130
2137,CEK,SVO,165
2138,CEK,VKO,160
2139,CEK,LED,185
2140,CEK,MRV,200
2141,CEK,SVO,170
2142,MQF,SVO,150
2143,SBT,DME,69
2144,IJK,DME,100
2145,IJK,SVO,135
2146,KVX,LED,125
2147,KVX,SVO,110
2148,KVX,VKO,105
2149,PEE,VKO,135
2150,PEE,SVO,135
2151,PEE,DME,145
2152,PEE,AER,200
2153,PEE,LED,145
2154,PEE,LED,150
2155,PEE,SVO,140
2156,PEE,MRV,190
2157,PEE,AER,220
2158,KLF,MRV,185
2159,IWA,LED,110
2160,ZIA,AER,225
2161,DME,AER,215
2162,DME,VOG,110
2163,DME,LED,100
2164,DME,ARH,110
2165,DME,KZN,105
2166,DME,PEZ,80
2167,DME,MSQ,85
2168,DME,HTA,375
2169,DME,LED,90
2170,DME,AER,220
2171,DME,IJK,100
2172,DME,NOZ,265
2173,DME,MMK,175
2174,SVO,KUF,110
2175,SVO,MMK,160
2176,SVO,KZN,100
2177,SVO,LED,90
2178,SVO,MSQ,95
2179,SVO,AER,240
2180,SVO,MRV,210
2181,SVO,GOJ,75
2182,SVO,AER,225
2183,SVO,CSY,90
2184,SVO,KVX,105
2185,SVO,PEE,130
2186,SVO,MSQ,85
2187,SVO,LED,100
2188,SVO,KGD,170
2189,SVO,KJA,295
2190,SVO,BEG,190
2191,SVO,ARH,125
2192,SVO,LED,95
2193,SVO,ULV,105
2194,SVO,UFA,130
2195,SVO,ASF,160
2196,SVO,MMK,165
2197,SVO,CEE,60
2198,SVO,KZN,105
2199,SVO,VOG,125
2200,SVO,NOZ,275
2201,SVO,KJA,290
2202,SVO,NBC,120
2203,SVO,CEK,155
2204,SVO,KUF,120
2205,SVO,SCW,120
2206,SVO,REN,135
2207,SVO,MQF,155
2208,VOZ,LED,115
2209,VKO,ULV,95
2210,VKO,KGD,115
2211,VKO,AER,150
2212,VKO,PES,100
2213,VKO,MMK,155
2214,VKO,PEE,120
2215,VKO,MCX,165
2216,VKO,MRV,140
2217,VKO,LED,85
2218,VKO,SCW,120
2219,VKO,LED,80
2220,VKO,VOG,105
2221,VKO,KUF,105
2222,VKO,CSY,80
2223,VKO,KVX,100
2224,VKO,LED,90
2225,VKO,KJA,275
2226,VKO,KJA,280
2227,VKO,MSQ,85
2228,VKO,KRR,135
2229,VKO,UUA,110
2230,VKO,UFA,125
2231,VKO,CEK,145
2232,VKO,GRV,195
2233,SCW,VKO,130
2234,GOJ,LED,125
2235,GOJ,SVO,80
2236,GOJ,SVO,85
2237,GOJ,VOG,100
2238,KZN,VKO,105
2239,KZN,SVO,110
2240,KZN,SVO,105
2241,KZN,LED,135
2242,KZN,LED,155
2243,KZN,DME,105
2244,KZN,LED,130
2245,KZN,KUF,50
2246,KZN,BEG,240
2247,NBC,SVO,120
2248,NBC,VKO,110
2249,NBC,LED,145
2250,NBC,SVO,115
2251,CSY,VKO,90
2252,CSY,SVO,100
2253,ULV,VKO,95
2254,ULV,LED,125
2255,REN,SVO,150
2256,REN,SVO,140
2257,REN,LED,175
2258,OSW,SVO,160
2259,PEZ,DME,80
2260,UFA,AER,185
2261,UFA,SVO,145
2262,UFA,SVO,140
2263,UFA,DME,140
2264,UFA,LED,175
2265,UFA,LED,170
2266,UFA,VKO,135
2267,UFA,LED,165
2268,UFA,KJA,205
2269,UFA,SVO,150
2270,UFA,AER,220
2271,KUF,LED,145
2272,KUF,VKO,120
2273,KUF,LED,150
2274,KUF,SVO,115
2275,KUF,SVO,110
